geofence_id,port_id,port_name,zone_id,zone_name,zone_type,berth_number,geometry_wkt,geometry_source,geometry_source_url,geometry_version,source_feature_id,source_sha256,source_retrieved_at_utc,effective_from,effective_to,is_active
USLAX_BERTH_7655b37b2e9d7650aabf1344,USLAX,Port of Los Angeles,USLAX_BERTH_7655b37b2e9d7650aabf1344,Berth proximity: B 200G,berth_line,B 200G,"MULTILINESTRING ((-118.245182651571 33.775768899173, -118.245339774026 33.775682352527, -118.245450316039 33.775820092069, -118.245883132713 33.775586908233, -118.245856901593 33.775549817902, -118.245900490872 33.775530657468, -118.245909109308 33.775536740362, -118.245921807096 33.775533176904, -118.246048695482 33.775466292578, -118.246071959175 33.775454453303, -118.246079756371 33.775465049908, -118.246216506151 33.775390481529, -118.246248221129 33.775371549901, -118.246298257021 33.775340198571, -118.246311016171 33.775350204437, -118.246476765170 33.775258453182, -118.246608827550 33.775188862164, -118.246616138528 33.775193417828, -118.246859434518 33.775063119145, -118.246883431079 33.775060121998))",City of Los Angeles Open Data: Berth Lines,https://data.lacity.org/City-Infrastructure-Service-Requests/Berth-Lines/9r7y-tdse,rv-9gaz.da7k.t3ip,row-gp83~qf7i_zsc7,1a25b669aa42ac7d53f37ab17c83986be0cf73093cf1b8de0a5a02c95861bc96,2026-08-26T22:03:17+00:00,,,true
USLAX_BERTH_7f556a6abb8d4a392b1b138e,USLAX,Port of Los Angeles,USLAX_BERTH_7f556a6abb8d4a392b1b138e,Berth proximity: B 200H,berth_line,B 200H,"MULTILINESTRING ((-118.243589657847 33.776841690191, -118.243698115048 33.776785352708, -118.243723717808 33.776806629638, -118.244333856124 33.776467380503, -118.244207710713 33.776304908072, -118.244611621807 33.776084168752, -118.244726426106 33.776230744994, -118.244944913557 33.776100000276, -118.244983682335 33.776078695380, -118.245239568032 33.775940798974, -118.245128312228 33.775800702346, -118.245182651571 33.775768899173))",City of Los Angeles Open Data: Berth Lines,https://data.lacity.org/City-Infrastructure-Service-Requests/Berth-Lines/9r7y-tdse,rv-8h34_zjsh~m6yb,row-3yxx~2ar4_7azx,1a25b669aa42ac7d53f37ab17c83986be0cf73093cf1b8de0a5a02c95861bc96,2026-08-26T22:03:17+00:00,,,true
USLAX_BERTH_83126ba06ccfcee496fe3ec4,USLAX,Port of Los Angeles,USLAX_BERTH_83126ba06ccfcee496fe3ec4,Berth proximity: B 200E,berth_line,B 200E,"MULTILINESTRING ((-118.247167810165 33.774940263518, -118.247171129307 33.774938664640, -118.247255024960 33.774897810002, -118.247274047097 33.774884210450, -118.247322708529 33.774865833309, -118.247403833895 33.774843261423, -118.247441222488 33.774833161607, -118.247697058596 33.774681110024, -118.247687141524 33.774669928300, -118.247808303271 33.774577701713, -118.247952770787 33.774487786241, -118.247989429847 33.774469432654, -118.248031728841 33.774448709992, -118.248202988553 33.774324169804))",City of Los Angeles Open Data: Berth Lines,https://data.lacity.org/City-Infrastructure-Service-Requests/Berth-Lines/9r7y-tdse,rv-u7ys~cxar-5fcw,row-3bdu~in8w.2v3a,1a25b669aa42ac7d53f37ab17c83986be0cf73093cf1b8de0a5a02c95861bc96,2026-08-26T22:03:17+00:00,,,true
USLAX_BERTH_88b98636da46bab3a084a64b,USLAX,Port of Los Angeles,USLAX_BERTH_88b98636da46bab3a084a64b,Berth proximity: B 200D,berth_line,B 200D,"MULTILINESTRING ((-118.248203694551 33.774324168348, -118.248219114691 33.774308590054, -118.248210602616 33.774295047133, -118.248221152484 33.774281464001, -118.248296524425 33.774223528227, -118.249259795215 33.773410474508))",City of Los Angeles Open Data: Berth Lines,https://data.lacity.org/City-Infrastructure-Service-Requests/Berth-Lines/9r7y-tdse,rv-w4hr-26iv.a8w7,row-q87d~6xx3.nu42,1a25b669aa42ac7d53f37ab17c83986be0cf73093cf1b8de0a5a02c95861bc96,2026-08-26T22:03:17+00:00,,,true
USLAX_BERTH_1307d855b4850d5285bcc229,USLAX,Port of Los Angeles,USLAX_BERTH_1307d855b4850d5285bcc229,Berth proximity: B 200C,berth_line,B 200C,"MULTILINESTRING ((-118.249259795215 33.773410474508, -118.249335409812 33.773361323675, -118.249369716554 33.773326129877, -118.249384763123 33.773243079795, -118.249384592376 33.773185606353, -118.249384383684 33.773115360435, -118.249384146533 33.773035535160, -118.249383937842 33.772965289243, -118.249395237754 33.772907792036, -118.249414155207 33.772840698726, -118.249444609689 33.772795933475))",City of Los Angeles Open Data: Berth Lines,https://data.lacity.org/City-Infrastructure-Service-Requests/Berth-Lines/9r7y-tdse,rv-a98t_mwkz-n2ku,row-3n3u~akjk-ay5s,1a25b669aa42ac7d53f37ab17c83986be0cf73093cf1b8de0a5a02c95861bc96,2026-08-26T22:03:17+00:00,,,true
USLAX_BERTH_e7e64227286f5c1013467fc7,USLAX,Port of Los Angeles,USLAX_BERTH_e7e64227286f5c1013467fc7,Berth proximity: B 73W,berth_line,B 73W,"MULTILINESTRING ((-118.278624160210 33.731722220039, -118.277532107981 33.731033689244))",City of Los Angeles Open Data: Berth Lines,https://data.lacity.org/City-Infrastructure-Service-Requests/Berth-Lines/9r7y-tdse,rv-udjw.fe35_dmhp,row-qur8.sj45.byff,1a25b669aa42ac7d53f37ab17c83986be0cf73093cf1b8de0a5a02c95861bc96,2026-08-26T22:03:17+00:00,,,true
USLAX_BERTH_26a59b26de4cce573de95101,USLAX,Port of Los Angeles,USLAX_BERTH_26a59b26de4cce573de95101,Berth proximity: B 73X,berth_line,B 73X,"MULTILINESTRING ((-118.277532107981 33.731033689244, -118.276482845613 33.730370778295))",City of Los Angeles Open Data: Berth Lines,https://data.lacity.org/City-Infrastructure-Service-Requests/Berth-Lines/9r7y-tdse,rv-s7ia-n2us.ssx8,row-v6th~7b4w-fp9k,1a25b669aa42ac7d53f37ab17c83986be0cf73093cf1b8de0a5a02c95861bc96,2026-08-26T22:03:17+00:00,,,true
USLAX_BERTH_bb2df39324d8f83e0170e29b,USLAX,Port of Los Angeles,USLAX_BERTH_bb2df39324d8f83e0170e29b,Berth proximity: B 73Y,berth_line,B 73Y,"MULTILINESTRING ((-118.276482845613 33.730370778295, -118.275431416412 33.729710277481))",City of Los Angeles Open Data: Berth Lines,https://data.lacity.org/City-Infrastructure-Service-Requests/Berth-Lines/9r7y-tdse,rv-hz8k_ewwp_kmd7,row-n56k~wyas-tb5m,1a25b669aa42ac7d53f37ab17c83986be0cf73093cf1b8de0a5a02c95861bc96,2026-08-26T22:03:17+00:00,,,true
USLAX_BERTH_23615beb5a337db6d82b4553,USLAX,Port of Los Angeles,USLAX_BERTH_23615beb5a337db6d82b4553,Berth proximity: B 73Z,berth_line,B 73Z,"MULTILINESTRING ((-118.275431416412 33.729710277481, -118.274326571010 33.729009577819))",City of Los Angeles Open Data: Berth Lines,https://data.lacity.org/City-Infrastructure-Service-Requests/Berth-Lines/9r7y-tdse,rv-tu8k~eq98-kx4n,row-hp66-x6qb~f8sp,1a25b669aa42ac7d53f37ab17c83986be0cf73093cf1b8de0a5a02c95861bc96,2026-08-26T22:03:17+00:00,,,true
USLAX_BERTH_9ded3e0902534f5d2c3f05df,USLAX,Port of Los Angeles,USLAX_BERTH_9ded3e0902534f5d2c3f05df,Berth proximity: B 29,berth_line,B 29,"MULTILINESTRING ((-118.279841982733 33.717845348177, -118.279804821357 33.717741945920, -118.281105661020 33.717397682121, -118.281219317347 33.717355461495, -118.281292857625 33.717327320470, -118.281600273458 33.717175564589, -118.281653290238 33.717016012720, -118.281762651844 33.716691307312, -118.281535703635 33.716139030291))",City of Los Angeles Open Data: Berth Lines,https://data.lacity.org/City-Infrastructure-Service-Requests/Berth-Lines/9r7y-tdse,rv-s9cv.uhv6~ndf5,row-n7ce-jggb-ah6n,1a25b669aa42ac7d53f37ab17c83986be0cf73093cf1b8de0a5a02c95861bc96,2026-08-26T22:03:17+00:00,,,true
USLAX_BERTH_3b28e8bf1b7e204e5e48c666,USLAX,Port of Los Angeles,USLAX_BERTH_3b28e8bf1b7e204e5e48c666,Berth proximity: B 30,berth_line,B 30,"MULTILINESTRING ((-118.280152677389 33.718675326620, -118.279841982733 33.717845348177))",City of Los Angeles Open Data: Berth Lines,https://data.lacity.org/City-Infrastructure-Service-Requests/Berth-Lines/9r7y-tdse,rv-gt4u_tk4x.4z39,row-6bbd_hct8~9fvt,1a25b669aa42ac7d53f37ab17c83986be0cf73093cf1b8de0a5a02c95861bc96,2026-08-26T22:03:17+00:00,,,true
USLAX_BERTH_bbdc5f3c3a9cb4ae85c9b11d,USLAX,Port of Los Angeles,USLAX_BERTH_bbdc5f3c3a9cb4ae85c9b11d,Berth proximity: B 31,berth_line,B 31,"MULTILINESTRING ((-118.281766741541 33.718256224134, -118.280152677389 33.718675326620))",City of Los Angeles Open Data: Berth Lines,https://data.lacity.org/City-Infrastructure-Service-Requests/Berth-Lines/9r7y-tdse,rv-b2k9.fy4p.j6pa,row-8ekr_fb4c.pd55,1a25b669aa42ac7d53f37ab17c83986be0cf73093cf1b8de0a5a02c95861bc96,2026-08-26T22:03:17+00:00,,,true
USLAX_BERTH_f3cc93f5ed28598abb5aa140,USLAX,Port of Los Angeles,USLAX_BERTH_f3cc93f5ed28598abb5aa140,Berth proximity: B 32,berth_line,B 32,"MULTILINESTRING ((-118.282765299433 33.720901460390, -118.281766741541 33.718256224134))",City of Los Angeles Open Data: Berth Lines,https://data.lacity.org/City-Infrastructure-Service-Requests/Berth-Lines/9r7y-tdse,rv-2ap4-w6zm-b69h,row-r7eb_vtvp~4mwn,1a25b669aa42ac7d53f37ab17c83986be0cf73093cf1b8de0a5a02c95861bc96,2026-08-26T22:03:17+00:00,,,true
USLAX_BERTH_b98efcd6ab37ac8209a71371,USLAX,Port of Los Angeles,USLAX_BERTH_b98efcd6ab37ac8209a71371,Berth proximity: B 33,berth_line,B 33,"MULTILINESTRING ((-118.281518885010 33.722225302736, -118.281172204237 33.721318699976, -118.282765299433 33.720901460390))",City of Los Angeles Open Data: Berth Lines,https://data.lacity.org/City-Infrastructure-Service-Requests/Berth-Lines/9r7y-tdse,rv-edzu_8prq_9f2x,row-37w4~zw23.94xi,1a25b669aa42ac7d53f37ab17c83986be0cf73093cf1b8de0a5a02c95861bc96,2026-08-26T22:03:17+00:00,,,true
USLAX_BERTH_6d563e222e27c25ed27f5e30,USLAX,Port of Los Angeles,USLAX_BERTH_6d563e222e27c25ed27f5e30,Berth proximity: B 34,berth_line,B 34,"MULTILINESTRING ((-118.283944899083 33.724138559905, -118.283950099087 33.724126388173, -118.283952519894 33.724116123366, -118.283954945899 33.724107396510, -118.283956132023 33.724095082799, -118.283943134923 33.724063821445, -118.283080339012 33.721791979898, -118.281518885010 33.722225302736))",City of Los Angeles Open Data: Berth Lines,https://data.lacity.org/City-Infrastructure-Service-Requests/Berth-Lines/9r7y-tdse,rv-be5x-fmdw.k57u,row-aa2v.idji_cask,1a25b669aa42ac7d53f37ab17c83986be0cf73093cf1b8de0a5a02c95861bc96,2026-08-26T22:03:17+00:00,,,true
USLAX_BERTH_61abaedbd9300703714742ef,USLAX,Port of Los Angeles,USLAX_BERTH_61abaedbd9300703714742ef,Berth proximity: B 35,berth_line,B 35,"MULTILINESTRING ((-118.281475457780 33.724836357320, -118.283867835708 33.724197718943, -118.283883903463 33.724194882764, -118.283899279348 33.724185890055, -118.283907967114 33.724179712292, -118.283918654262 33.724170731548, -118.283927332566 33.724161755545, -118.283938676435 33.724148854420, -118.283944899083 33.724138559905))",City of Los Angeles Open Data: Berth Lines,https://data.lacity.org/City-Infrastructure-Service-Requests/Berth-Lines/9r7y-tdse,rv-uqjx_752k-5fdq,row-r2bq~qxnr~bmc2,1a25b669aa42ac7d53f37ab17c83986be0cf73093cf1b8de0a5a02c95861bc96,2026-08-26T22:03:17+00:00,,,true
USLAX_BERTH_aa3d9acc8f7f891c33352336,USLAX,Port of Los Angeles,USLAX_BERTH_aa3d9acc8f7f891c33352336,Berth proximity: B 37,berth_line,B 37,"MULTILINESTRING ((-118.279374605705 33.724064463043, -118.279772705132 33.725177622885))",City of Los Angeles Open Data: Berth Lines,https://data.lacity.org/City-Infrastructure-Service-Requests/Berth-Lines/9r7y-tdse,rv-5fvv.n9c4-t7zv,row-mnyt-y456-74t6,1a25b669aa42ac7d53f37ab17c83986be0cf73093cf1b8de0a5a02c95861bc96,2026-08-26T22:03:17+00:00,,,true
USLAX_BERTH_1d10a165aafada973d6ee819,USLAX,Port of Los Angeles,USLAX_BERTH_1d10a165aafada973d6ee819,Berth proximity: B 38,berth_line,B 38,"MULTILINESTRING ((-118.278936678499 33.722883248138, -118.279374605705 33.724064463043))",City of Los Angeles Open Data: Berth Lines,https://data.lacity.org/City-Infrastructure-Service-Requests/Berth-Lines/9r7y-tdse,rv-pfvu_abud-bxqd,row-ghxt-icjm.qjky,1a25b669aa42ac7d53f37ab17c83986be0cf73093cf1b8de0a5a02c95861bc96,2026-08-26T22:03:17+00:00,,,true
USLAX_BERTH_f31e3361e76876149c6643dc,USLAX,Port of Los Angeles,USLAX_BERTH_f31e3361e76876149c6643dc,Berth proximity: B 39,berth_line,B 39,"MULTILINESTRING ((-118.278617021282 33.722058055730, -118.278936678499 33.722883248138))",City of Los Angeles Open Data: Berth Lines,https://data.lacity.org/City-Infrastructure-Service-Requests/Berth-Lines/9r7y-tdse,rv-kx84.uw6z-e8wj,row-tmn9-i4ch~7i8n,1a25b669aa42ac7d53f37ab17c83986be0cf73093cf1b8de0a5a02c95861bc96,2026-08-26T22:03:17+00:00,,,true
USLAX_BERTH_aad7290099ccd95fe3934a2a,USLAX,Port of Los Angeles,USLAX_BERTH_aad7290099ccd95fe3934a2a,Berth proximity: B 41,berth_line,B 41,"MULTILINESTRING ((-118.277031222006 33.722504391631, -118.277732405205 33.722307041635))",City of Los Angeles Open Data: Berth Lines,https://data.lacity.org/City-Infrastructure-Service-Requests/Berth-Lines/9r7y-tdse,rv-yz89-qitm~3hr9,row-vaes.cntr~6jwn,1a25b669aa42ac7d53f37ab17c83986be0cf73093cf1b8de0a5a02c95861bc96,2026-08-26T22:03:17+00:00,,,true
USLAX_BERTH_663f94ba18fe06afdcba4beb,USLAX,Port of Los Angeles,USLAX_BERTH_663f94ba18fe06afdcba4beb,Berth proximity: B 200B,berth_line,B 200B,"MULTILINESTRING ((-118.249444609689 33.772795933475, -118.249517074606 33.772735116342, -118.249604888392 33.772693425267, -118.249665920470 33.772645403406, -118.249745955092 33.772559025325, -118.249801279901 33.772509250087))",City of Los Angeles Open Data: Berth Lines,https://data.lacity.org/City-Infrastructure-Service-Requests/Berth-Lines/9r7y-tdse,rv-6923-hqsm-wdzs,row-vsnn.9p2u_7jix,1a25b669aa42ac7d53f37ab17c83986be0cf73093cf1b8de0a5a02c95861bc96,2026-08-26T22:03:17+00:00,,,true
USLAX_BERTH_ad02983574ea374a10745bd7,USLAX,Port of Los Angeles,USLAX_BERTH_ad02983574ea374a10745bd7,Berth proximity: B 200I,berth_line,B 200I,"MULTILINESTRING ((-118.241901908192 33.777391530998, -118.242007639830 33.777362371055, -118.242538502056 33.777346828850, -118.242743686012 33.777325086466, -118.242781880146 33.777283873641, -118.242796375379 33.777249565476, -118.243088798641 33.777112619535, -118.243102465338 33.777107259516, -118.243121571098 33.777089700126, -118.243464031336 33.776906946662, -118.243589657847 33.776841690191))",City of Los Angeles Open Data: Berth Lines,https://data.lacity.org/City-Infrastructure-Service-Requests/Berth-Lines/9r7y-tdse,rv-gjh5_nrhu-qwrn,row-r8b4-2gge.9w68,1a25b669aa42ac7d53f37ab17c83986be0cf73093cf1b8de0a5a02c95861bc96,2026-08-26T22:03:17+00:00,,,true
USLAX_BERTH_ea50a9c476b728d6b3f34908,USLAX,Port of Los Angeles,USLAX_BERTH_ea50a9c476b728d6b3f34908,Berth proximity: B 194,berth_line,B 194,"MULTILINESTRING ((-118.255301725141 33.765518607930, -118.255663408122 33.765754423412, -118.255678725573 33.765911304400, -118.255781476440 33.765978260030, -118.255855621170 33.765895814712, -118.255739998565 33.765818272160, -118.255783902768 33.765773787774, -118.255674350553 33.765704261978, -118.255709170589 33.765668674954, -118.255456300016 33.765502020360, -118.255568574703 33.765378525320, -118.255921058720 33.765595075431, -118.255997194487 33.765505909571, -118.255807748141 33.765361890143, -118.255960120648 33.765217143033, -118.255722347166 33.765049715862, -118.256339566935 33.764446936637, -118.256516096751 33.764593624152, -118.256658937396 33.764456156314))",City of Los Angeles Open Data: Berth Lines,https://data.lacity.org/City-Infrastructure-Service-Requests/Berth-Lines/9r7y-tdse,rv-ysyw.gyaa.c5ti,row-k8xa~av6u.4zzh,1a25b669aa42ac7d53f37ab17c83986be0cf73093cf1b8de0a5a02c95861bc96,2026-08-26T22:03:17+00:00,,,true
USLAX_BERTH_d75ce546a6ba471daf2196ce,USLAX,Port of Los Angeles,USLAX_BERTH_d75ce546a6ba471daf2196ce,Berth proximity: B 195,berth_line,B 195,"MULTILINESTRING ((-118.254794647699 33.766065066034, -118.255301725141 33.765518607930))",City of Los Angeles Open Data: Berth Lines,https://data.lacity.org/City-Infrastructure-Service-Requests/Berth-Lines/9r7y-tdse,rv-r2v5_be6r_d6s2,row-h73c-nf83-vagy,1a25b669aa42ac7d53f37ab17c83986be0cf73093cf1b8de0a5a02c95861bc96,2026-08-26T22:03:17+00:00,,,true
USLAX_BERTH_3d62067986e7149721ec42f5,USLAX,Port of Los Angeles,USLAX_BERTH_3d62067986e7149721ec42f5,Berth proximity: B 196,berth_line,B 196,"MULTILINESTRING ((-118.253766428157 33.767154958475, -118.254794647699 33.766065066034))",City of Los Angeles Open Data: Berth Lines,https://data.lacity.org/City-Infrastructure-Service-Requests/Berth-Lines/9r7y-tdse,rv-mkua~d2vy~v6g9,row-7a39_hkaa.crpr,1a25b669aa42ac7d53f37ab17c83986be0cf73093cf1b8de0a5a02c95861bc96,2026-08-26T22:03:17+00:00,,,true
USLAX_BERTH_5703948c925be54f50b1ccdb,USLAX,Port of Los Angeles,USLAX_BERTH_5703948c925be54f50b1ccdb,Berth proximity: B 197,berth_line,B 197,"MULTILINESTRING ((-118.252341714542 33.768678259529, -118.253766428157 33.767154958475))",City of Los Angeles Open Data: Berth Lines,https://data.lacity.org/City-Infrastructure-Service-Requests/Berth-Lines/9r7y-tdse,rv-a3k8~ikcb_7v22,row-27ca~y74m~rgmc,1a25b669aa42ac7d53f37ab17c83986be0cf73093cf1b8de0a5a02c95861bc96,2026-08-26T22:03:17+00:00,,,true
USLAX_BERTH_b2ed057edad9943e9f1d1ab3,USLAX,Port of Los Angeles,USLAX_BERTH_b2ed057edad9943e9f1d1ab3,Berth proximity: B 198,berth_line,B 198,"MULTILINESTRING ((-118.251934847618 33.769110830899, -118.252341714542 33.768678259529))",City of Los Angeles Open Data: Berth Lines,https://data.lacity.org/City-Infrastructure-Service-Requests/Berth-Lines/9r7y-tdse,rv-qsez.qepx_8qyj,row-nptb_ey9i.s4cv,1a25b669aa42ac7d53f37ab17c83986be0cf73093cf1b8de0a5a02c95861bc96,2026-08-26T22:03:17+00:00,,,true
USLAX_BERTH_8e5ae7f4821f74abaa969c32,USLAX,Port of Los Angeles,USLAX_BERTH_8e5ae7f4821f74abaa969c32,Berth proximity: B 199,berth_line,B 199,"MULTILINESTRING ((-118.250699626859 33.770436934125, -118.251934847618 33.769110830899))",City of Los Angeles Open Data: Berth Lines,https://data.lacity.org/City-Infrastructure-Service-Requests/Berth-Lines/9r7y-tdse,rv-u3us.6rjv-7f9t,row-ibcx~tynb.4m7m,1a25b669aa42ac7d53f37ab17c83986be0cf73093cf1b8de0a5a02c95861bc96,2026-08-26T22:03:17+00:00,,,true
USLAX_BERTH_77d4c46e1a5114a919c56114,USLAX,Port of Los Angeles,USLAX_BERTH_77d4c46e1a5114a919c56114,Berth proximity: B 200A,berth_line,B 200A,"MULTILINESTRING ((-118.249801279901 33.772509250087, -118.249595563247 33.772252880727, -118.250699626859 33.770436934125))",City of Los Angeles Open Data: Berth Lines,https://data.lacity.org/City-Infrastructure-Service-Requests/Berth-Lines/9r7y-tdse,rv-8372_gnft~rrvm,row-rej3~nd39.grtc,1a25b669aa42ac7d53f37ab17c83986be0cf73093cf1b8de0a5a02c95861bc96,2026-08-26T22:03:17+00:00,,,true
USLAX_BERTH_fddc9cbfbd9a00dd9785fe06,USLAX,Port of Los Angeles,USLAX_BERTH_fddc9cbfbd9a00dd9785fe06,Berth proximity: B 192,berth_line,B 192,"MULTILINESTRING ((-118.257743309950 33.763196112201, -118.257796006932 33.763139837293, -118.257879574509 33.763130516981, -118.257977425459 33.763042891810, -118.258264275430 33.762728130494, -118.258296788850 33.762665231140, -118.258567410319 33.762391478300, -118.258576927176 33.762295848612, -118.258615139890 33.762264003734))",City of Los Angeles Open Data: Berth Lines,https://data.lacity.org/City-Infrastructure-Service-Requests/Berth-Lines/9r7y-tdse,rv-mjim_cfua~hny6,row-yp8i~muax_7npd,1a25b669aa42ac7d53f37ab17c83986be0cf73093cf1b8de0a5a02c95861bc96,2026-08-26T22:03:17+00:00,,,true
USLAX_BERTH_8e33db2b20dcda13a6cd1804,USLAX,Port of Los Angeles,USLAX_BERTH_8e33db2b20dcda13a6cd1804,Berth proximity: B 191,berth_line,B 191,"MULTILINESTRING ((-118.258615626513 33.762263598814, -118.258452378946 33.762156727969, -118.259459323592 33.761081162263, -118.259461976499 33.761078328519, -118.259467255833 33.761075618929, -118.259477525906 33.761072162048, -118.259485454163 33.761070918003, -118.259496910249 33.761070893302, -118.259508072755 33.761070869232, -118.259518361347 33.761073054834, -118.259527184435 33.761076716656, -118.259537488197 33.761083809121, -118.259543968394 33.761089683784, -118.259546625667 33.761093849321, -118.259551048967 33.761099482308, -118.259554170965 33.761105240706))",City of Los Angeles Open Data: Berth Lines,https://data.lacity.org/City-Infrastructure-Service-Requests/Berth-Lines/9r7y-tdse,rv-y7rc-33dh-bfy6,row-bd5a_jkvd-q6zy,1a25b669aa42ac7d53f37ab17c83986be0cf73093cf1b8de0a5a02c95861bc96,2026-08-26T22:03:17+00:00,,,true
USLAX_BERTH_63d3ad67b3adc88d8c9772cf,USLAX,Port of Los Angeles,USLAX_BERTH_63d3ad67b3adc88d8c9772cf,Berth proximity: B 190,berth_line,B 190,"MULTILINESTRING ((-118.259554170965 33.761105240706, -118.259623898266 33.762039068688))",City of Los Angeles Open Data: Berth Lines,https://data.lacity.org/City-Infrastructure-Service-Requests/Berth-Lines/9r7y-tdse,rv-s6mz~xvfu.ehjr,row-8et5-y9r5-frqy,1a25b669aa42ac7d53f37ab17c83986be0cf73093cf1b8de0a5a02c95861bc96,2026-08-26T22:03:17+00:00,,,true
USLAX_BERTH_991228ab89b5361e0b917491,USLAX,Port of Los Angeles,USLAX_BERTH_991228ab89b5361e0b917491,Berth proximity: B 189,berth_line,B 189,"MULTILINESTRING ((-118.259623898266 33.762039068688, -118.259710090396 33.763092116083))",City of Los Angeles Open Data: Berth Lines,https://data.lacity.org/City-Infrastructure-Service-Requests/Berth-Lines/9r7y-tdse,rv-kptd_gcz7~qam6,row-vscf-8vrz.twm3,1a25b669aa42ac7d53f37ab17c83986be0cf73093cf1b8de0a5a02c95861bc96,2026-08-26T22:03:17+00:00,,,true
USLAX_BERTH_138578b475e6f381aeb5f52f,USLAX,Port of Los Angeles,USLAX_BERTH_138578b475e6f381aeb5f52f,Berth proximity: B 188,berth_line,B 188,"MULTILINESTRING ((-118.259710090396 33.763092116083, -118.259826997190 33.764539513561))",City of Los Angeles Open Data: Berth Lines,https://data.lacity.org/City-Infrastructure-Service-Requests/Berth-Lines/9r7y-tdse,rv-kxzx_gr77-385f,row-ekvm~8rg5~rppi,1a25b669aa42ac7d53f37ab17c83986be0cf73093cf1b8de0a5a02c95861bc96,2026-08-26T22:03:17+00:00,,,true
USLAX_BERTH_92b63852318a813762dc2f5b,USLAX,Port of Los Angeles,USLAX_BERTH_92b63852318a813762dc2f5b,Berth proximity: B 187,berth_line,B 187,"MULTILINESTRING ((-118.259826997190 33.764539513561, -118.259957145296 33.766271168247, -118.259790893112 33.766282623877, -118.259803101760 33.766432417122))",City of Los Angeles Open Data: Berth Lines,https://data.lacity.org/City-Infrastructure-Service-Requests/Berth-Lines/9r7y-tdse,rv-2avu.kbig-vhxr,row-5ag2~msik~j9g2,1a25b669aa42ac7d53f37ab17c83986be0cf73093cf1b8de0a5a02c95861bc96,2026-08-26T22:03:17+00:00,,,true
USLAX_BERTH_c58e68a5444bf6907840cf55,USLAX,Port of Los Angeles,USLAX_BERTH_c58e68a5444bf6907840cf55,Berth proximity: B 186,berth_line,B 186,"MULTILINESTRING ((-118.259803101760 33.766432417122, -118.259993179396 33.766416891092, -118.260533408504 33.766381782018, -118.260623809637 33.766478192654, -118.260650596195 33.766478134645, -118.260672455634 33.766459783108, -118.260680928105 33.766443494363, -118.260819461574 33.766355739956))",City of Los Angeles Open Data: Berth Lines,https://data.lacity.org/City-Infrastructure-Service-Requests/Berth-Lines/9r7y-tdse,rv-q7ti.dwxp~hbse,row-jnqg-cuu7~wenu,1a25b669aa42ac7d53f37ab17c83986be0cf73093cf1b8de0a5a02c95861bc96,2026-08-26T22:03:17+00:00,,,true
USLAX_BERTH_be0137f2e5fb277b1134e45f,USLAX,Port of Los Angeles,USLAX_BERTH_be0137f2e5fb277b1134e45f,Berth proximity: B 185,berth_line,B 185,"MULTILINESTRING ((-118.260819461574 33.766355739956, -118.261757675464 33.766294955483))",City of Los Angeles Open Data: Berth Lines,https://data.lacity.org/City-Infrastructure-Service-Requests/Berth-Lines/9r7y-tdse,rv-zt8p-e6r9_xiqa,row-htkj-kg89.myzr,1a25b669aa42ac7d53f37ab17c83986be0cf73093cf1b8de0a5a02c95861bc96,2026-08-26T22:03:17+00:00,,,true
USLAX_BERTH_39dbe534f942c27ddaa2724c,USLAX,Port of Los Angeles,USLAX_BERTH_39dbe534f942c27ddaa2724c,Berth proximity: B 184,berth_line,B 184,"MULTILINESTRING ((-118.261757675464 33.766294955483, -118.261904397195 33.766286823828, -118.262583334097 33.766249194028, -118.262573832245 33.766108455296, -118.262926256649 33.766091036866, -118.262942098216 33.766231005357, -118.262981061445 33.766230920225, -118.263012768285 33.766228580043, -118.262999802383 33.766081796196, -118.263125554410 33.766076222275, -118.263134068545 33.766190476856, -118.263135003201 33.766189751804))",City of Los Angeles Open Data: Berth Lines,https://data.lacity.org/City-Infrastructure-Service-Requests/Berth-Lines/9r7y-tdse,rv-8efv~edy9-s8at,row-kyk7_2tbq~dxhe,1a25b669aa42ac7d53f37ab17c83986be0cf73093cf1b8de0a5a02c95861bc96,2026-08-26T22:03:17+00:00,,,true
USLAX_BERTH_3cc416a5669e5fdea3644a3e,USLAX,Port of Los Angeles,USLAX_BERTH_3cc416a5669e5fdea3644a3e,Berth proximity: B 183,berth_line,B 183,"MULTILINESTRING ((-118.263135003201 33.766189751804, -118.263524559717 33.765887669987, -118.263485473137 33.765848402992, -118.263510775515 33.765826401315, -118.263489870362 33.765806014435, -118.263570324270 33.765745295780, -118.263589411290 33.765764173900, -118.263631682600 33.765728316736, -118.263690956967 33.765783627742, -118.263722597052 33.765760097603, -118.263702622364 33.765741789399, -118.263714354249 33.765732115767, -118.263695109785 33.765715697323, -118.263707538062 33.765705737290, -118.263727412112 33.765722249011, -118.263734752390 33.765715138068, -118.263829183808 33.765653916220))",City of Los Angeles Open Data: Berth Lines,https://data.lacity.org/City-Infrastructure-Service-Requests/Berth-Lines/9r7y-tdse,rv-y9ps-e73e_qec6,row-3drm~gpq5_rgay,1a25b669aa42ac7d53f37ab17c83986be0cf73093cf1b8de0a5a02c95861bc96,2026-08-26T22:03:17+00:00,,,true
USLAX_BERTH_b1e2b41faeb6ede85e183b4c,USLAX,Port of Los Angeles,USLAX_BERTH_b1e2b41faeb6ede85e183b4c,Berth proximity: B 182,berth_line,B 182,"MULTILINESTRING ((-118.263829183808 33.765653916220, -118.263773070042 33.765041419442, -118.263868858987 33.765034251635))",City of Los Angeles Open Data: Berth Lines,https://data.lacity.org/City-Infrastructure-Service-Requests/Berth-Lines/9r7y-tdse,rv-dqdq.jne2~tfeq,row-g85t.mt6g~mb7c,1a25b669aa42ac7d53f37ab17c83986be0cf73093cf1b8de0a5a02c95861bc96,2026-08-26T22:03:17+00:00,,,true
USLAX_BERTH_c439d548ed6f952bed7021f6,USLAX,Port of Los Angeles,USLAX_BERTH_c439d548ed6f952bed7021f6,Berth proximity: B 181,berth_line,B 181,"MULTILINESTRING ((-118.263868858987 33.765034251635, -118.263696001961 33.764907987747, -118.263669420869 33.764933096150, -118.263606179943 33.764886594337, -118.262380081169 33.763986090284))",City of Los Angeles Open Data: Berth Lines,https://data.lacity.org/City-Infrastructure-Service-Requests/Berth-Lines/9r7y-tdse,rv-q8rc-tumg_zb4h,row-zrgw~nwis-zesb,1a25b669aa42ac7d53f37ab17c83986be0cf73093cf1b8de0a5a02c95861bc96,2026-08-26T22:03:17+00:00,,,true
USLAX_BERTH_e16d3d5973fa2bd96fb17e45,USLAX,Port of Los Angeles,USLAX_BERTH_e16d3d5973fa2bd96fb17e45,Berth proximity: B 180,berth_line,B 180,"MULTILINESTRING ((-118.262380081169 33.763986090284, -118.261390562748 33.763256234722))",City of Los Angeles Open Data: Berth Lines,https://data.lacity.org/City-Infrastructure-Service-Requests/Berth-Lines/9r7y-tdse,rv-gtci-b4rz.ct54,row-nhp7-sk26~atcs,1a25b669aa42ac7d53f37ab17c83986be0cf73093cf1b8de0a5a02c95861bc96,2026-08-26T22:03:17+00:00,,,true
USLAX_BERTH_a822a26489e88cb5115f1b80,USLAX,Port of Los Angeles,USLAX_BERTH_a822a26489e88cb5115f1b80,Berth proximity: B 179,berth_line,B 179,"MULTILINESTRING ((-118.261390562748 33.763256234722, -118.261383029733 33.763245117480, -118.261378838467 33.763236776830, -118.261269782853 33.761911143082))",City of Los Angeles Open Data: Berth Lines,https://data.lacity.org/City-Infrastructure-Service-Requests/Berth-Lines/9r7y-tdse,rv-ii77.5ya8~d24a,row-ahfu-65h3_nv2n,1a25b669aa42ac7d53f37ab17c83986be0cf73093cf1b8de0a5a02c95861bc96,2026-08-26T22:03:17+00:00,,,true
USLAX_BERTH_ae2e84b393326e22f33a7baf,USLAX,Port of Los Angeles,USLAX_BERTH_ae2e84b393326e22f33a7baf,Berth proximity: B 178,berth_line,B 178,"MULTILINESTRING ((-118.261269782853 33.761911143082, -118.261174257764 33.760638855586))",City of Los Angeles Open Data: Berth Lines,https://data.lacity.org/City-Infrastructure-Service-Requests/Berth-Lines/9r7y-tdse,rv-9efw.m7f2~h8n7,row-2nj9.i5n6_n7nj,1a25b669aa42ac7d53f37ab17c83986be0cf73093cf1b8de0a5a02c95861bc96,2026-08-26T22:03:17+00:00,,,true
USLAX_BERTH_3e2eda3e006f2097448cc2f4,USLAX,Port of Los Angeles,USLAX_BERTH_3e2eda3e006f2097448cc2f4,Berth proximity: B 177,berth_line,B 177,"MULTILINESTRING ((-118.261174257764 33.760638855586, -118.261073639206 33.759373226094))",City of Los Angeles Open Data: Berth Lines,https://data.lacity.org/City-Infrastructure-Service-Requests/Berth-Lines/9r7y-tdse,rv-z27v_n3zb-nfrg,row-2tfr-dxbi_9jws,1a25b669aa42ac7d53f37ab17c83986be0cf73093cf1b8de0a5a02c95861bc96,2026-08-26T22:03:17+00:00,,,true
USLAX_BERTH_3d48cee447314222dc83e01e,USLAX,Port of Los Angeles,USLAX_BERTH_3d48cee447314222dc83e01e,Berth proximity: B 176,berth_line,B 176,"MULTILINESTRING ((-118.261073639206 33.759373226094, -118.261075460354 33.759358754776, -118.261079863467 33.759348868325, -118.261083308635 33.759340529134, -118.261292740452 33.759120004382, -118.261634138572 33.758750344807))",City of Los Angeles Open Data: Berth Lines,https://data.lacity.org/City-Infrastructure-Service-Requests/Berth-Lines/9r7y-tdse,rv-5ydz_57uh_74wx,row-rvd3_jki7~cszr,1a25b669aa42ac7d53f37ab17c83986be0cf73093cf1b8de0a5a02c95861bc96,2026-08-26T22:03:17+00:00,,,true
USLAX_BERTH_a136e955775a6d71c20c656e,USLAX,Port of Los Angeles,USLAX_BERTH_a136e955775a6d71c20c656e,Berth proximity: B 175,berth_line,B 175,"MULTILINESTRING ((-118.261634138572 33.758750344807, -118.262416911555 33.757919861819))",City of Los Angeles Open Data: Berth Lines,https://data.lacity.org/City-Infrastructure-Service-Requests/Berth-Lines/9r7y-tdse,rv-acuv~gwd6~r7j7,row-a6jq_vpsg-fw8v,1a25b669aa42ac7d53f37ab17c83986be0cf73093cf1b8de0a5a02c95861bc96,2026-08-26T22:03:17+00:00,,,true
USLAX_BERTH_c73bf141f24a96d88c82329e,USLAX,Port of Los Angeles,USLAX_BERTH_c73bf141f24a96d88c82329e,Berth proximity: B 174,berth_line,B 174,"MULTILINESTRING ((-118.262416911555 33.757919861819, -118.263409325813 33.756857758235, -118.263617651321 33.756990376008, -118.263887838570 33.756670838341, -118.263918634732 33.756626812489, -118.263729628410 33.756505044898))",City of Los Angeles Open Data: Berth Lines,https://data.lacity.org/City-Infrastructure-Service-Requests/Berth-Lines/9r7y-tdse,rv-e7is_hwyn_gjz7,row-u7gj.nbhu_vssb,1a25b669aa42ac7d53f37ab17c83986be0cf73093cf1b8de0a5a02c95861bc96,2026-08-26T22:03:17+00:00,,,true
USLAX_BERTH_41f2fcd470c98980cbbd5f51,USLAX,Port of Los Angeles,USLAX_BERTH_41f2fcd470c98980cbbd5f51,Berth proximity: B 173,berth_line,B 173,"MULTILINESTRING ((-118.263729628410 33.756505044898, -118.264714226943 33.755465256470))",City of Los Angeles Open Data: Berth Lines,https://data.lacity.org/City-Infrastructure-Service-Requests/Berth-Lines/9r7y-tdse,rv-3nqv.tdwd_tnu4,row-rk5d_j53y-q62k,1a25b669aa42ac7d53f37ab17c83986be0cf73093cf1b8de0a5a02c95861bc96,2026-08-26T22:03:17+00:00,,,true
USLAX_BERTH_2d5364f8d97edb3bd70bcd11,USLAX,Port of Los Angeles,USLAX_BERTH_2d5364f8d97edb3bd70bcd11,Berth proximity: B 172,berth_line,B 172,"MULTILINESTRING ((-118.264714226943 33.755465256470, -118.265690264860 33.754428754151))",City of Los Angeles Open Data: Berth Lines,https://data.lacity.org/City-Infrastructure-Service-Requests/Berth-Lines/9r7y-tdse,rv-nzxx_x7e7_z6zx,row-4i5g_7jvh.z5da,1a25b669aa42ac7d53f37ab17c83986be0cf73093cf1b8de0a5a02c95861bc96,2026-08-26T22:03:17+00:00,,,true
USLAX_BERTH_b5fbe0e3058a18796df0b9ce,USLAX,Port of Los Angeles,USLAX_BERTH_b5fbe0e3058a18796df0b9ce,Berth proximity: B 171,berth_line,B 171,"MULTILINESTRING ((-118.265690264860 33.754428754151, -118.266647301698 33.753393074934, -118.266845345580 33.753508900362, -118.266986057658 33.753355764167))",City of Los Angeles Open Data: Berth Lines,https://data.lacity.org/City-Infrastructure-Service-Requests/Berth-Lines/9r7y-tdse,rv-u2r2.gfy8~magh,row-bpr9.k5ap.2b8v,1a25b669aa42ac7d53f37ab17c83986be0cf73093cf1b8de0a5a02c95861bc96,2026-08-26T22:03:17+00:00,,,true
USLAX_BERTH_a2dcb854db1e3378fc8f1c19,USLAX,Port of Los Angeles,USLAX_BERTH_a2dcb854db1e3378fc8f1c19,Berth proximity: B 170,berth_line,B 170,"MULTILINESTRING ((-118.266986057658 33.753355764167, -118.267275938981 33.753080221046, -118.267302928221 33.753054317645, -118.267353173476 33.753044513940, -118.267411184455 33.753044385039, -118.267468122772 33.753077490684))",City of Los Angeles Open Data: Berth Lines,https://data.lacity.org/City-Infrastructure-Service-Requests/Berth-Lines/9r7y-tdse,rv-ahta_v5hb.ctxd,row-w3rx-eiyd_ud5v,1a25b669aa42ac7d53f37ab17c83986be0cf73093cf1b8de0a5a02c95861bc96,2026-08-26T22:03:17+00:00,,,true
USLAX_BERTH_6a3556e4e7b65c8c97a7ef6a,USLAX,Port of Los Angeles,USLAX_BERTH_6a3556e4e7b65c8c97a7ef6a,Berth proximity: B 169,berth_line,B 169,"MULTILINESTRING ((-118.267468122772 33.753077490684, -118.267569159396 33.753076522324, -118.267707434916 33.753069353425, -118.267783776895 33.754151086434))",City of Los Angeles Open Data: Berth Lines,https://data.lacity.org/City-Infrastructure-Service-Requests/Berth-Lines/9r7y-tdse,rv-mevb-f97b.3g44,row-j56z~gxs5.a9p5,1a25b669aa42ac7d53f37ab17c83986be0cf73093cf1b8de0a5a02c95861bc96,2026-08-26T22:03:17+00:00,,,true
USLAX_BERTH_2910c97efc33a3d1306e4941,USLAX,Port of Los Angeles,USLAX_BERTH_2910c97efc33a3d1306e4941,Berth proximity: B 168,berth_line,B 168,"MULTILINESTRING ((-118.267783776895 33.754151086434, -118.267884818342 33.755387925406))",City of Los Angeles Open Data: Berth Lines,https://data.lacity.org/City-Infrastructure-Service-Requests/Berth-Lines/9r7y-tdse,rv-4z64-6946-3xeq,row-is6e-2niv.ewzd,1a25b669aa42ac7d53f37ab17c83986be0cf73093cf1b8de0a5a02c95861bc96,2026-08-26T22:03:17+00:00,,,true
USLAX_BERTH_120c90795c48a26fea82a557,USLAX,Port of Los Angeles,USLAX_BERTH_120c90795c48a26fea82a557,Berth proximity: B 167,berth_line,B 167,"MULTILINESTRING ((-118.267884818342 33.755387925406, -118.267976224367 33.756502916819, -118.267819274804 33.756512116301, -118.267817066189 33.756483232466, -118.267659501036 33.756431700474, -118.267653991766 33.756434559682, -118.267459675578 33.756401500782))",City of Los Angeles Open Data: Berth Lines,https://data.lacity.org/City-Infrastructure-Service-Requests/Berth-Lines/9r7y-tdse,rv-c6ea-mwqj_vhup,row-ip6s.sjvr-8ffs,1a25b669aa42ac7d53f37ab17c83986be0cf73093cf1b8de0a5a02c95861bc96,2026-08-26T22:03:17+00:00,,,true
USLAX_BERTH_2c27c256c29ac8627242ae6a,USLAX,Port of Los Angeles,USLAX_BERTH_2c27c256c29ac8627242ae6a,Berth proximity: B 166,berth_line,B 166,"MULTILINESTRING ((-118.267459675578 33.756401500782, -118.267352399573 33.756496583870, -118.267517207982 33.756526510003, -118.267522063061 33.756542232287, -118.267545951130 33.756536543867, -118.267556656776 33.756576911127, -118.267534418871 33.756582243391, -118.267520459204 33.756598449241, -118.267525012286 33.756604749659, -118.267490312543 33.756622498109, -118.267481226486 33.756616206864, -118.267438943624 33.756625136498, -118.267516397719 33.756931382532, -118.267627138013 33.756907552913, -118.267801640540 33.757540147079))",City of Los Angeles Open Data: Berth Lines,https://data.lacity.org/City-Infrastructure-Service-Requests/Berth-Lines/9r7y-tdse,rv-tqms-vtmn.zm5d,row-8sm6_mnbu~paau,1a25b669aa42ac7d53f37ab17c83986be0cf73093cf1b8de0a5a02c95861bc96,2026-08-26T22:03:17+00:00,,,true
USLAX_BERTH_26b9943cf3ced786a422ade7,USLAX,Port of Los Angeles,USLAX_BERTH_26b9943cf3ced786a422ade7,Berth proximity: B 165,berth_line,B 165,"MULTILINESTRING ((-118.267801640540 33.757540147079, -118.268114175575 33.758662621151))",City of Los Angeles Open Data: Berth Lines,https://data.lacity.org/City-Infrastructure-Service-Requests/Berth-Lines/9r7y-tdse,rv-uic4_2zfi_fq87,row-axnf_qs2x.se6k,1a25b669aa42ac7d53f37ab17c83986be0cf73093cf1b8de0a5a02c95861bc96,2026-08-26T22:03:17+00:00,,,true
USLAX_BERTH_b9f8fc3bf5960de161fce3fa,USLAX,Port of Los Angeles,USLAX_BERTH_b9f8fc3bf5960de161fce3fa,Berth proximity: B 164,berth_line,B 164,"MULTILINESTRING ((-118.268114175575 33.758662621151, -118.267642921879 33.759908072132))",City of Los Angeles Open Data: Berth Lines,https://data.lacity.org/City-Infrastructure-Service-Requests/Berth-Lines/9r7y-tdse,rv-ter8.748m_et6x,row-htph_mjwj-vusu,1a25b669aa42ac7d53f37ab17c83986be0cf73093cf1b8de0a5a02c95861bc96,2026-08-26T22:03:17+00:00,,,true
USLAX_BERTH_e7e8faa1b06b4558bd235e5e,USLAX,Port of Los Angeles,USLAX_BERTH_e7e8faa1b06b4558bd235e5e,Berth proximity: B 163,berth_line,B 163,"MULTILINESTRING ((-118.267642921879 33.759908072132, -118.266800936574 33.760813157163))",City of Los Angeles Open Data: Berth Lines,https://data.lacity.org/City-Infrastructure-Service-Requests/Berth-Lines/9r7y-tdse,rv-x29b.isqb~i36t,row-kj5h~s545~p5hx,1a25b669aa42ac7d53f37ab17c83986be0cf73093cf1b8de0a5a02c95861bc96,2026-08-26T22:03:17+00:00,,,true
USLAX_BERTH_69bd66c1a4eb46ab28b27eff,USLAX,Port of Los Angeles,USLAX_BERTH_69bd66c1a4eb46ab28b27eff,Berth proximity: B 162,berth_line,B 162,"MULTILINESTRING ((-118.266800936574 33.760813157163, -118.266791741676 33.760808066008, -118.266707589025 33.760900251245, -118.266575291790 33.761054896658, -118.266523206124 33.761021658995, -118.266516352535 33.761014936315, -118.266299828159 33.761024329729, -118.266182893949 33.761155321251, -118.266204880113 33.761170264668, -118.266151200249 33.761235397322, -118.266127170623 33.761216969585, -118.266110605075 33.761226246655, -118.266011147199 33.761261888521, -118.265965049686 33.761261990406, -118.265601832587 33.761272033010, -118.265600159602 33.761325939564, -118.265646266897 33.761328918244, -118.265642754219 33.761384369534, -118.265714666402 33.761384210778, -118.265714793133 33.761424252702, -118.265674232030 33.761425882024, -118.265674251526 33.761432042874, -118.265475120552 33.761435561855, -118.265469939552 33.761546459455, -118.265550032237 33.761545265854, -118.265565351864 33.761551876151, -118.265565929104 33.761580129886, -118.265618063108 33.761578848283, -118.265617582791 33.761587716558, -118.265674729136 33.761582970197, -118.265937467871 33.761572009947, -118.266012958292 33.761642374254, -118.265846029926 33.761769482281))",City of Los Angeles Open Data: Berth Lines,https://data.lacity.org/City-Infrastructure-Service-Requests/Berth-Lines/9r7y-tdse,rv-8esh~zr8f-drnb,row-gri2.rrbe-sivv,1a25b669aa42ac7d53f37ab17c83986be0cf73093cf1b8de0a5a02c95861bc96,2026-08-26T22:03:17+00:00,,,true
USLAX_BERTH_e220e33348a890b15ed2f46c,USLAX,Port of Los Angeles,USLAX_BERTH_e220e33348a890b15ed2f46c,Berth proximity: B 161,berth_line,B 161,"MULTILINESTRING ((-118.265846029926 33.761769482281, -118.265684554371 33.761898426128, -118.265600349113 33.761976076630, -118.265525983125 33.762052704694, -118.265906344875 33.762297906704, -118.265475183248 33.762762024618, -118.265599646519 33.762837909263, -118.265560143698 33.762883250256, -118.265716753464 33.762985884561, -118.265755628255 33.762942993394, -118.266069891172 33.763146100783))",City of Los Angeles Open Data: Berth Lines,https://data.lacity.org/City-Infrastructure-Service-Requests/Berth-Lines/9r7y-tdse,rv-a493.hdcb-equ9,row-2pyr_ibx7~82t3,1a25b669aa42ac7d53f37ab17c83986be0cf73093cf1b8de0a5a02c95861bc96,2026-08-26T22:03:17+00:00,,,true
USLAX_BERTH_171fc475d860e3abdb824f72,USLAX,Port of Los Angeles,USLAX_BERTH_171fc475d860e3abdb824f72,Berth proximity: B 160,berth_line,B 160,"MULTILINESTRING ((-118.266069891172 33.763146100783, -118.267356711742 33.761761718308))",City of Los Angeles Open Data: Berth Lines,https://data.lacity.org/City-Infrastructure-Service-Requests/Berth-Lines/9r7y-tdse,rv-yy3m~hia9-he9e,row-arck~hz97_qn9v,1a25b669aa42ac7d53f37ab17c83986be0cf73093cf1b8de0a5a02c95861bc96,2026-08-26T22:03:17+00:00,,,true
USLAX_BERTH_edec68097be18160c70369c3,USLAX,Port of Los Angeles,USLAX_BERTH_edec68097be18160c70369c3,Berth proximity: B 159,berth_line,B 159,"MULTILINESTRING ((-118.267356711742 33.761761718308, -118.267562159730 33.761544813653))",City of Los Angeles Open Data: Berth Lines,https://data.lacity.org/City-Infrastructure-Service-Requests/Berth-Lines/9r7y-tdse,rv-qppa~w5tr.t4af,row-rf9x~d9dh-2wiy,1a25b669aa42ac7d53f37ab17c83986be0cf73093cf1b8de0a5a02c95861bc96,2026-08-26T22:03:17+00:00,,,true
USLAX_BERTH_a3781a6ce38b3d55886fb162,USLAX,Port of Los Angeles,USLAX_BERTH_a3781a6ce38b3d55886fb162,Berth proximity: B 158,berth_line,B 158,"MULTILINESTRING ((-118.267562159730 33.761544813653, -118.268578124906 33.760465259610))",City of Los Angeles Open Data: Berth Lines,https://data.lacity.org/City-Infrastructure-Service-Requests/Berth-Lines/9r7y-tdse,rv-fng5_paia~gq5m,row-t788-uhca.9wsa,1a25b669aa42ac7d53f37ab17c83986be0cf73093cf1b8de0a5a02c95861bc96,2026-08-26T22:03:17+00:00,,,true
USLAX_BERTH_543615f29fb00a72ebeb668a,USLAX,Port of Los Angeles,USLAX_BERTH_543615f29fb00a72ebeb668a,Berth proximity: B 157,berth_line,B 157,"MULTILINESTRING ((-118.268578124906 33.760465259610, -118.269180634127 33.759813401917))",City of Los Angeles Open Data: Berth Lines,https://data.lacity.org/City-Infrastructure-Service-Requests/Berth-Lines/9r7y-tdse,rv-2e62_kgve-6pdy,row-qybk-pzvw.mdhy,1a25b669aa42ac7d53f37ab17c83986be0cf73093cf1b8de0a5a02c95861bc96,2026-08-26T22:03:17+00:00,,,true
USLAX_BERTH_649198247fdbe7aa9e0d7945,USLAX,Port of Los Angeles,USLAX_BERTH_649198247fdbe7aa9e0d7945,Berth proximity: B 156,berth_line,B 156,"MULTILINESTRING ((-118.269180634127 33.759813401917, -118.270161254969 33.758770623049, -118.270044776772 33.758692567946, -118.270071105210 33.758663602973))",City of Los Angeles Open Data: Berth Lines,https://data.lacity.org/City-Infrastructure-Service-Requests/Berth-Lines/9r7y-tdse,rv-bzmb-dgmi~2u3t,row-xsj8-xynq.c94g,1a25b669aa42ac7d53f37ab17c83986be0cf73093cf1b8de0a5a02c95861bc96,2026-08-26T22:03:17+00:00,,,true
USLAX_BERTH_3938f7ec981cb9b4955fd6c6,USLAX,Port of Los Angeles,USLAX_BERTH_3938f7ec981cb9b4955fd6c6,Berth proximity: B 155,berth_line,B 155,"MULTILINESTRING ((-118.270071105210 33.758663602973, -118.269974520726 33.757430120522))",City of Los Angeles Open Data: Berth Lines,https://data.lacity.org/City-Infrastructure-Service-Requests/Berth-Lines/9r7y-tdse,rv-y84u.fkrh-nyry,row-4uqa-ygsz~ee3d,1a25b669aa42ac7d53f37ab17c83986be0cf73093cf1b8de0a5a02c95861bc96,2026-08-26T22:03:17+00:00,,,true
USLAX_BERTH_ed304e252c8c9ad8122bba7b,USLAX,Port of Los Angeles,USLAX_BERTH_ed304e252c8c9ad8122bba7b,Berth proximity: B 154,berth_line,B 154,"MULTILINESTRING ((-118.269974520726 33.757430120522, -118.269839741547 33.755683307359))",City of Los Angeles Open Data: Berth Lines,https://data.lacity.org/City-Infrastructure-Service-Requests/Berth-Lines/9r7y-tdse,rv-9r8j-3szq.qdjr,row-yiyf_nv6e~y2ss,1a25b669aa42ac7d53f37ab17c83986be0cf73093cf1b8de0a5a02c95861bc96,2026-08-26T22:03:17+00:00,,,true
USLAX_BERTH_2e4d613da4d89861dbd280a3,USLAX,Port of Los Angeles,USLAX_BERTH_2e4d613da4d89861dbd280a3,Berth proximity: B 153,berth_line,B 153,"MULTILINESTRING ((-118.269839741547 33.755683307359, -118.269698759595 33.753864431218, -118.269700951276 33.753847544716, -118.269707640647 33.753833149810, -118.269716591058 33.753823125743, -118.269726297420 33.753815601659, -118.269736762815 33.753811201392))",City of Los Angeles Open Data: Berth Lines,https://data.lacity.org/City-Infrastructure-Service-Requests/Berth-Lines/9r7y-tdse,rv-6awg~v5s8_zqwn,row-p6hf~27aa~y5aw,1a25b669aa42ac7d53f37ab17c83986be0cf73093cf1b8de0a5a02c95861bc96,2026-08-26T22:03:17+00:00,,,true
USLAX_BERTH_adf32642bb6ef0692d7cf4d1,USLAX,Port of Los Angeles,USLAX_BERTH_adf32642bb6ef0692d7cf4d1,Berth proximity: B 151,berth_line,B 151,"MULTILINESTRING ((-118.269736762815 33.753811201392, -118.269745730220 33.753806804482, -118.269756203648 33.753804904972, -118.269767427001 33.753803629423, -118.269778656382 33.753804229894, -118.269788970766 33.753805902501, -118.271080685849 33.754148237395))",City of Los Angeles Open Data: Berth Lines,https://data.lacity.org/City-Infrastructure-Service-Requests/Berth-Lines/9r7y-tdse,rv-54c3-74r5.qeyc,row-v9xz-ggtf-896r,1a25b669aa42ac7d53f37ab17c83986be0cf73093cf1b8de0a5a02c95861bc96,2026-08-26T22:03:17+00:00,,,true
USLAX_BERTH_fc215f9a3fb8e619ddb11113,USLAX,Port of Los Angeles,USLAX_BERTH_fc215f9a3fb8e619ddb11113,Berth proximity: B 150,berth_line,B 150,"MULTILINESTRING ((-118.271080685849 33.754148237395, -118.272054580668 33.754407458126, -118.271988467129 33.754563291276, -118.272741996813 33.754758084227))",City of Los Angeles Open Data: Berth Lines,https://data.lacity.org/City-Infrastructure-Service-Requests/Berth-Lines/9r7y-tdse,rv-u5q5_dhwp_5me6,row-cfby.2ddz_rk9b,1a25b669aa42ac7d53f37ab17c83986be0cf73093cf1b8de0a5a02c95861bc96,2026-08-26T22:03:17+00:00,,,true
USLAX_BERTH_94f7d30547e742710b134f49,USLAX,Port of Los Angeles,USLAX_BERTH_94f7d30547e742710b134f49,Berth proximity: B 149,berth_line,B 149,"MULTILINESTRING ((-118.272741996813 33.754758084227, -118.272796312407 33.754768224750, -118.272816472809 33.754778113638, -118.272834827631 33.754795648679, -118.272847690881 33.754812432593, -118.272855986617 33.754831519392, -118.272861525387 33.754846790959, -118.272863407963 33.754862835294, -118.272860716969 33.754879653574, -118.272855282505 33.754896478976, -118.272850745862 33.754907951907, -118.272851699731 33.754920177766, -118.273005283261 33.755164377263, -118.273121327666 33.755119025134, -118.273650612847 33.755988297681))",City of Los Angeles Open Data: Berth Lines,https://data.lacity.org/City-Infrastructure-Service-Requests/Berth-Lines/9r7y-tdse,rv-k7jp-jrps~d4n8,row-784c~akmu~au7d,1a25b669aa42ac7d53f37ab17c83986be0cf73093cf1b8de0a5a02c95861bc96,2026-08-26T22:03:17+00:00,,,true
USLAX_BERTH_d0b1db1fc956e0613adef383,USLAX,Port of Los Angeles,USLAX_BERTH_d0b1db1fc956e0613adef383,Berth proximity: B 148,berth_line,B 148,"MULTILINESTRING ((-118.273650612847 33.755988297681, -118.274043999122 33.756622079704, -118.273854071243 33.756706056422, -118.274190276049 33.757229841088))",City of Los Angeles Open Data: Berth Lines,https://data.lacity.org/City-Infrastructure-Service-Requests/Berth-Lines/9r7y-tdse,rv-yhn5-uvpt_hhm7,row-hxhk~7pih~mzyg,1a25b669aa42ac7d53f37ab17c83986be0cf73093cf1b8de0a5a02c95861bc96,2026-08-26T22:03:17+00:00,,,true
USLAX_BERTH_fd805a6e64bd18829f595e5f,USLAX,Port of Los Angeles,USLAX_BERTH_fd805a6e64bd18829f595e5f,Berth proximity: B 147,berth_line,B 147,"MULTILINESTRING ((-118.274190276049 33.757229841088, -118.274161043606 33.757316191725, -118.274349762749 33.757363696508, -118.273686892279 33.759106710050))",City of Los Angeles Open Data: Berth Lines,https://data.lacity.org/City-Infrastructure-Service-Requests/Berth-Lines/9r7y-tdse,rv-6ptj.3h9f~rtdy,row-ta96~f24t.upzf,1a25b669aa42ac7d53f37ab17c83986be0cf73093cf1b8de0a5a02c95861bc96,2026-08-26T22:03:17+00:00,,,true
USLAX_BERTH_6e6623b8ede338c456b13553,USLAX,Port of Los Angeles,USLAX_BERTH_6e6623b8ede338c456b13553,Berth proximity: B 146,berth_line,B 146,"MULTILINESTRING ((-118.273686892279 33.759106710050, -118.273638760136 33.759227947677, -118.273434616671 33.759173727228, -118.273417174275 33.759230554535, -118.273306529084 33.759277077477, -118.273586270931 33.759347952916, -118.272968134517 33.760943820095))",City of Los Angeles Open Data: Berth Lines,https://data.lacity.org/City-Infrastructure-Service-Requests/Berth-Lines/9r7y-tdse,rv-z43w-mv2q~f7y9,row-j9jt.nm8z-fwwy,1a25b669aa42ac7d53f37ab17c83986be0cf73093cf1b8de0a5a02c95861bc96,2026-08-26T22:03:17+00:00,,,true
USLAX_BERTH_0a98ab0c8a8dff06b7784d04,USLAX,Port of Los Angeles,USLAX_BERTH_0a98ab0c8a8dff06b7784d04,Berth proximity: B 145,berth_line,B 145,"MULTILINESTRING ((-118.272968134517 33.760943820095, -118.272319844248 33.762622566824))",City of Los Angeles Open Data: Berth Lines,https://data.lacity.org/City-Infrastructure-Service-Requests/Berth-Lines/9r7y-tdse,rv-skmv.rc7n_mqi6,row-5ztb~etbk~cu5n,1a25b669aa42ac7d53f37ab17c83986be0cf73093cf1b8de0a5a02c95861bc96,2026-08-26T22:03:17+00:00,,,true
USLAX_BERTH_2ea61a360394809a8c73574b,USLAX,Port of Los Angeles,USLAX_BERTH_2ea61a360394809a8c73574b,Berth proximity: B 144,berth_line,B 144,"MULTILINESTRING ((-118.272319844248 33.762622566824, -118.271685936242 33.764267123433))",City of Los Angeles Open Data: Berth Lines,https://data.lacity.org/City-Infrastructure-Service-Requests/Berth-Lines/9r7y-tdse,rv-5bdi_n8bp.u6v6,row-jtp9~nkev.awpd,1a25b669aa42ac7d53f37ab17c83986be0cf73093cf1b8de0a5a02c95861bc96,2026-08-26T22:03:17+00:00,,,true
USLAX_BERTH_b8c1c12c51e1314aff8f9e79,USLAX,Port of Los Angeles,USLAX_BERTH_b8c1c12c51e1314aff8f9e79,Berth proximity: B 143,berth_line,B 143,"MULTILINESTRING ((-118.271685936242 33.764267123433, -118.270978260209 33.766160058641))",City of Los Angeles Open Data: Berth Lines,https://data.lacity.org/City-Infrastructure-Service-Requests/Berth-Lines/9r7y-tdse,rv-p7xw_9p66~pqd9,row-j7pi.c847.e8hr,1a25b669aa42ac7d53f37ab17c83986be0cf73093cf1b8de0a5a02c95861bc96,2026-08-26T22:03:17+00:00,,,true
USLAX_BERTH_b3a38491ae280a4208e42d28,USLAX,Port of Los Angeles,USLAX_BERTH_b3a38491ae280a4208e42d28,Berth proximity: B 142,berth_line,B 142,"MULTILINESTRING ((-118.270978260209 33.766160058641, -118.270649193741 33.767033696781))",City of Los Angeles Open Data: Berth Lines,https://data.lacity.org/City-Infrastructure-Service-Requests/Berth-Lines/9r7y-tdse,rv-gxiw-z6uz-f5jf,row-jeqe_n2df_tjnq,1a25b669aa42ac7d53f37ab17c83986be0cf73093cf1b8de0a5a02c95861bc96,2026-08-26T22:03:17+00:00,,,true
USLAX_BERTH_42cf6405c1e801201179f0f1,USLAX,Port of Los Angeles,USLAX_BERTH_42cf6405c1e801201179f0f1,Berth proximity: B 139,berth_line,B 139,"MULTILINESTRING ((-118.270648680016 33.767035061015, -118.271442344132 33.766927914493))",City of Los Angeles Open Data: Berth Lines,https://data.lacity.org/City-Infrastructure-Service-Requests/Berth-Lines/9r7y-tdse,rv-znk8~sgzv~zw2s,row-sqx9.yuf3-ryqs,1a25b669aa42ac7d53f37ab17c83986be0cf73093cf1b8de0a5a02c95861bc96,2026-08-26T22:03:17+00:00,,,true
USLAX_BERTH_2b9d71f9d19041d3100b7ffe,USLAX,Port of Los Angeles,USLAX_BERTH_2b9d71f9d19041d3100b7ffe,Berth proximity: B 138,berth_line,B 138,"MULTILINESTRING ((-118.271442344132 33.766927914493, -118.273081082596 33.766728004265))",City of Los Angeles Open Data: Berth Lines,https://data.lacity.org/City-Infrastructure-Service-Requests/Berth-Lines/9r7y-tdse,rv-neux.e8sb~udex,row-6fq2~v7ig_x3em,1a25b669aa42ac7d53f37ab17c83986be0cf73093cf1b8de0a5a02c95861bc96,2026-08-26T22:03:17+00:00,,,true
USLAX_BERTH_f0c8b5fdf08725959fa7f5de,USLAX,Port of Los Angeles,USLAX_BERTH_f0c8b5fdf08725959fa7f5de,Berth proximity: B 137,berth_line,B 137,"MULTILINESTRING ((-118.273081082596 33.766728004265, -118.274727622299 33.766541764926))",City of Los Angeles Open Data: Berth Lines,https://data.lacity.org/City-Infrastructure-Service-Requests/Berth-Lines/9r7y-tdse,rv-hmf5~d6is-hujy,row-83hs-j74u_f576,1a25b669aa42ac7d53f37ab17c83986be0cf73093cf1b8de0a5a02c95861bc96,2026-08-26T22:03:17+00:00,,,true
USLAX_BERTH_952564d3d390377026960e0b,USLAX,Port of Los Angeles,USLAX_BERTH_952564d3d390377026960e0b,Berth proximity: B 136,berth_line,B 136,"MULTILINESTRING ((-118.274727622299 33.766541764926, -118.276469832064 33.766318577553))",City of Los Angeles Open Data: Berth Lines,https://data.lacity.org/City-Infrastructure-Service-Requests/Berth-Lines/9r7y-tdse,rv-kvuw~jmuz-eqyn,row-p4cm~qi56.uibg,1a25b669aa42ac7d53f37ab17c83986be0cf73093cf1b8de0a5a02c95861bc96,2026-08-26T22:03:17+00:00,,,true
USLAX_BERTH_b83affede0469f44b351a16a,USLAX,Port of Los Angeles,USLAX_BERTH_b83affede0469f44b351a16a,Berth proximity: B 135,berth_line,B 135,"MULTILINESTRING ((-118.276469832064 33.766318577553, -118.277331829791 33.766219085502, -118.277401741085 33.766673795144, -118.276915051841 33.766933103981, -118.277038976665 33.767092666833, -118.276943461599 33.767147571185, -118.277430979620 33.767760920250))",City of Los Angeles Open Data: Berth Lines,https://data.lacity.org/City-Infrastructure-Service-Requests/Berth-Lines/9r7y-tdse,rv-j4hu_wvwi-c8ma,row-f55i~k8tb.a4yz,1a25b669aa42ac7d53f37ab17c83986be0cf73093cf1b8de0a5a02c95861bc96,2026-08-26T22:03:17+00:00,,,true
USLAX_BERTH_9134ef0205551b1ea56eadca,USLAX,Port of Los Angeles,USLAX_BERTH_9134ef0205551b1ea56eadca,Berth proximity: B 134,berth_line,B 134,"MULTILINESTRING ((-118.277430979620 33.767760920250, -118.278349502527 33.768908962432, -118.278424948803 33.768877239669, -118.278561507000 33.769047287866))",City of Los Angeles Open Data: Berth Lines,https://data.lacity.org/City-Infrastructure-Service-Requests/Berth-Lines/9r7y-tdse,rv-kdtj_w6qs.7f2f,row-i8cz~sqst_mqkj,1a25b669aa42ac7d53f37ab17c83986be0cf73093cf1b8de0a5a02c95861bc96,2026-08-26T22:03:17+00:00,,,true
USLAX_BERTH_13cde08d63f7b756611a1914,USLAX,Port of Los Angeles,USLAX_BERTH_13cde08d63f7b756611a1914,Berth proximity: B 132,berth_line,B 132,"MULTILINESTRING ((-118.278570114250 33.769038750502, -118.279908983489 33.768331155752))",City of Los Angeles Open Data: Berth Lines,https://data.lacity.org/City-Infrastructure-Service-Requests/Berth-Lines/9r7y-tdse,rv-zsgb~ujue~sgax,row-9mym.5mnh~sagn,1a25b669aa42ac7d53f37ab17c83986be0cf73093cf1b8de0a5a02c95861bc96,2026-08-26T22:03:17+00:00,,,true
USLAX_BERTH_a5c54f6c5f934d76dace99b0,USLAX,Port of Los Angeles,USLAX_BERTH_a5c54f6c5f934d76dace99b0,Berth proximity: B 131,berth_line,B 131,"MULTILINESTRING ((-118.279908983489 33.768331155752, -118.279293743935 33.767260593609))",City of Los Angeles Open Data: Berth Lines,https://data.lacity.org/City-Infrastructure-Service-Requests/Berth-Lines/9r7y-tdse,rv-p3g6-8uds-xx8d,row-wusw.besi.rqw2,1a25b669aa42ac7d53f37ab17c83986be0cf73093cf1b8de0a5a02c95861bc96,2026-08-26T22:03:17+00:00,,,true
USLAX_BERTH_6f5cfba56141e9cd15666a08,USLAX,Port of Los Angeles,USLAX_BERTH_6f5cfba56141e9cd15666a08,Berth proximity: B 130,berth_line,B 130,"MULTILINESTRING ((-118.279293743935 33.767260593609, -118.278512840597 33.765908380896))",City of Los Angeles Open Data: Berth Lines,https://data.lacity.org/City-Infrastructure-Service-Requests/Berth-Lines/9r7y-tdse,rv-ur7z.h296_943m,row-6s33-gc9t.yqjx,1a25b669aa42ac7d53f37ab17c83986be0cf73093cf1b8de0a5a02c95861bc96,2026-08-26T22:03:17+00:00,,,true
USLAX_BERTH_933c8faf5f4786568c7d2904,USLAX,Port of Los Angeles,USLAX_BERTH_933c8faf5f4786568c7d2904,Berth proximity: B 129,berth_line,B 129,"MULTILINESTRING ((-118.278512840597 33.765908380896, -118.277764735937 33.764614235825))",City of Los Angeles Open Data: Berth Lines,https://data.lacity.org/City-Infrastructure-Service-Requests/Berth-Lines/9r7y-tdse,rv-w3p3-7tzd.g25h,row-ca2c_hzh7_ruwk,1a25b669aa42ac7d53f37ab17c83986be0cf73093cf1b8de0a5a02c95861bc96,2026-08-26T22:03:17+00:00,,,true
USLAX_BERTH_e34fc46509daded854990001,USLAX,Port of Los Angeles,USLAX_BERTH_e34fc46509daded854990001,Berth proximity: B 128,berth_line,B 128,"MULTILINESTRING ((-118.277764735937 33.764614235825, -118.277106000212 33.763459930622))",City of Los Angeles Open Data: Berth Lines,https://data.lacity.org/City-Infrastructure-Service-Requests/Berth-Lines/9r7y-tdse,rv-cmjg_9738-jf4g,row-ri7z-zzia~fmtr,1a25b669aa42ac7d53f37ab17c83986be0cf73093cf1b8de0a5a02c95861bc96,2026-08-26T22:03:17+00:00,,,true
USLAX_BERTH_9a3889780a87059b2a58db70,USLAX,Port of Los Angeles,USLAX_BERTH_9a3889780a87059b2a58db70,Berth proximity: B 127,berth_line,B 127,"MULTILINESTRING ((-118.277106000212 33.763459930622, -118.276531076055 33.762465690319))",City of Los Angeles Open Data: Berth Lines,https://data.lacity.org/City-Infrastructure-Service-Requests/Berth-Lines/9r7y-tdse,rv-nznw~fb2a_9vez,row-365x-49wg.2wka,1a25b669aa42ac7d53f37ab17c83986be0cf73093cf1b8de0a5a02c95861bc96,2026-08-26T22:03:17+00:00,,,true
USLAX_BERTH_e502b814453b0dc86b19c5be,USLAX,Port of Los Angeles,USLAX_BERTH_e502b814453b0dc86b19c5be,Berth proximity: B 119,berth_line,B 119,"MULTILINESTRING ((-118.279838016720 33.756419167094, -118.281444409777 33.756123909850))",City of Los Angeles Open Data: Berth Lines,https://data.lacity.org/City-Infrastructure-Service-Requests/Berth-Lines/9r7y-tdse,rv-a5yi.j3hc~gs78,row-jap8_cncc_7sp9,1a25b669aa42ac7d53f37ab17c83986be0cf73093cf1b8de0a5a02c95861bc96,2026-08-26T22:03:17+00:00,,,true
USLAX_BERTH_7adba89b0be7e530d5adfdb3,USLAX,Port of Los Angeles,USLAX_BERTH_7adba89b0be7e530d5adfdb3,Berth proximity: B 118,berth_line,B 118,"MULTILINESTRING ((-118.281444409777 33.756123909850, -118.283050791539 33.755828632076))",City of Los Angeles Open Data: Berth Lines,https://data.lacity.org/City-Infrastructure-Service-Requests/Berth-Lines/9r7y-tdse,rv-j5xz-fztz_b7cx,row-pufx_mrf2~z8vk,1a25b669aa42ac7d53f37ab17c83986be0cf73093cf1b8de0a5a02c95861bc96,2026-08-26T22:03:17+00:00,,,true
USLAX_BERTH_115756cecd660f904854398d,USLAX,Port of Los Angeles,USLAX_BERTH_115756cecd660f904854398d,Berth proximity: B 120,berth_line,B 120,"MULTILINESTRING ((-118.278839731527 33.757180817489, -118.279838016720 33.756419167094))",City of Los Angeles Open Data: Berth Lines,https://data.lacity.org/City-Infrastructure-Service-Requests/Berth-Lines/9r7y-tdse,rv-umwb_azkc.z9k5,row-fjhj_wb74_5vf7,1a25b669aa42ac7d53f37ab17c83986be0cf73093cf1b8de0a5a02c95861bc96,2026-08-26T22:03:17+00:00,,,true
USLAX_BERTH_6970c79373b2a8e29e6bbfbb,USLAX,Port of Los Angeles,USLAX_BERTH_6970c79373b2a8e29e6bbfbb,Berth proximity: B 126,berth_line,B 126,"MULTILINESTRING ((-118.276531076055 33.762465690319, -118.275570922284 33.760796198510, -118.276462938201 33.759839317633, -118.277221756744 33.758990584323, -118.277493756105 33.758686349971, -118.277681751952 33.758797567874, -118.277826533600 33.758627659490))",City of Los Angeles Open Data: Berth Lines,https://data.lacity.org/City-Infrastructure-Service-Requests/Berth-Lines/9r7y-tdse,rv-4x2m-dkcp-qbv7,row-cmj4_bsz3~ip56,1a25b669aa42ac7d53f37ab17c83986be0cf73093cf1b8de0a5a02c95861bc96,2026-08-26T22:03:17+00:00,,,true
USLAX_BERTH_5082b8cb9896cf912be77193,USLAX,Port of Los Angeles,USLAX_BERTH_5082b8cb9896cf912be77193,Berth proximity: B 121,berth_line,B 121,"MULTILINESTRING ((-118.277826533600 33.758627659490, -118.277814895964 33.758596854845, -118.277817107871 33.758567944745, -118.277823900842 33.758529389673, -118.277837653641 33.758502380349, -118.277913536803 33.758427052870, -118.278400843337 33.757888299786, -118.278419197051 33.757857424913, -118.278428341954 33.757832353604, -118.278333479999 33.757749712914, -118.278229383888 33.757665166080, -118.278213157803 33.757642079963, -118.278213074795 33.757617030005, -118.278238394721 33.757599628291, -118.278839731527 33.757180817489))",City of Los Angeles Open Data: Berth Lines,https://data.lacity.org/City-Infrastructure-Service-Requests/Berth-Lines/9r7y-tdse,rv-zrtc~27q3_2a85,row-tp5b~7u7u.8rmp,1a25b669aa42ac7d53f37ab17c83986be0cf73093cf1b8de0a5a02c95861bc96,2026-08-26T22:03:17+00:00,,,true
USLAX_BERTH_6eb2193f1d0296fc360342a6,USLAX,Port of Los Angeles,USLAX_BERTH_6eb2193f1d0296fc360342a6,Berth proximity: B 93C,berth_line,B 93C,"MULTILINESTRING ((-118.277771848112 33.749441831829, -118.278404239644 33.748775308427, -118.278319009627 33.748719263403, -118.278418413104 33.748619885022))",City of Los Angeles Open Data: Berth Lines,https://data.lacity.org/City-Infrastructure-Service-Requests/Berth-Lines/9r7y-tdse,rv-5r7q.qwwf_8qab,row-e7hf.nvgg~rfif,1a25b669aa42ac7d53f37ab17c83986be0cf73093cf1b8de0a5a02c95861bc96,2026-08-26T22:03:17+00:00,,,true
USLAX_BERTH_4df087e9de8543ef5a1680a7,USLAX,Port of Los Angeles,USLAX_BERTH_4df087e9de8543ef5a1680a7,Berth proximity: B 93B,berth_line,B 93B,"MULTILINESTRING ((-118.278418413104 33.748619885022, -118.276692460975 33.747765507358))",City of Los Angeles Open Data: Berth Lines,https://data.lacity.org/City-Infrastructure-Service-Requests/Berth-Lines/9r7y-tdse,rv-fuem_az2p~df9g,row-xn87_d2sc-ma9w,1a25b669aa42ac7d53f37ab17c83986be0cf73093cf1b8de0a5a02c95861bc96,2026-08-26T22:03:17+00:00,,,true
USLAX_BERTH_251d4090dd33ccaa87313bc7,USLAX,Port of Los Angeles,USLAX_BERTH_251d4090dd33ccaa87313bc7,Berth proximity: B 93A,berth_line,B 93A,"MULTILINESTRING ((-118.276692460975 33.747765507358, -118.275056686667 33.746944775755, -118.275030658593 33.746932007741, -118.275008175552 33.746919231619, -118.274990415981 33.746906445599, -118.274972637025 33.746887738539, -118.274965511445 33.746875914460, -118.274955876609 33.746860072699))",City of Los Angeles Open Data: Berth Lines,https://data.lacity.org/City-Infrastructure-Service-Requests/Berth-Lines/9r7y-tdse,rv-3zv9_v76d-uc9v,row-84xk_nktz-6z4j,1a25b669aa42ac7d53f37ab17c83986be0cf73093cf1b8de0a5a02c95861bc96,2026-08-26T22:03:17+00:00,,,true
USLAX_BERTH_2f4f6c64364d563532c81329,USLAX,Port of Los Angeles,USLAX_BERTH_2f4f6c64364d563532c81329,Berth proximity: B 92,berth_line,B 92,"MULTILINESTRING ((-118.274955876609 33.746860072699, -118.274950066773 33.746848322241, -118.274946477600 33.746834516686, -118.274944060408 33.746817747912, -118.274946361289 33.746798994964, -118.275578642364 33.745693282008))",City of Los Angeles Open Data: Berth Lines,https://data.lacity.org/City-Infrastructure-Service-Requests/Berth-Lines/9r7y-tdse,rv-mkka_rhiq-i9bq,row-j9gz.4mb6-reh2,1a25b669aa42ac7d53f37ab17c83986be0cf73093cf1b8de0a5a02c95861bc96,2026-08-26T22:03:17+00:00,,,true
USLAX_BERTH_91ca0003ebcf0455ece2b841,USLAX,Port of Los Angeles,USLAX_BERTH_91ca0003ebcf0455ece2b841,Berth proximity: B 91,berth_line,B 91,"MULTILINESTRING ((-118.275578642364 33.745693282008, -118.276293474774 33.744443671119))",City of Los Angeles Open Data: Berth Lines,https://data.lacity.org/City-Infrastructure-Service-Requests/Berth-Lines/9r7y-tdse,rv-pkv3.xc7b.7x5z,row-38ev.cb9k-crdy,1a25b669aa42ac7d53f37ab17c83986be0cf73093cf1b8de0a5a02c95861bc96,2026-08-26T22:03:17+00:00,,,true
USLAX_BERTH_aed32d51eeeba1b508f54148,USLAX,Port of Los Angeles,USLAX_BERTH_aed32d51eeeba1b508f54148,Berth proximity: B 90,berth_line,B 90,"MULTILINESTRING ((-118.276293474774 33.744443671119, -118.277172256171 33.742917081764))",City of Los Angeles Open Data: Berth Lines,https://data.lacity.org/City-Infrastructure-Service-Requests/Berth-Lines/9r7y-tdse,rv-6hza.y4v2_c9kq,row-ky2d_a5wg-rqi4,1a25b669aa42ac7d53f37ab17c83986be0cf73093cf1b8de0a5a02c95861bc96,2026-08-26T22:03:17+00:00,,,true
USLAX_BERTH_9674121906d3db5a7adc4bb4,USLAX,Port of Los Angeles,USLAX_BERTH_9674121906d3db5a7adc4bb4,Berth proximity: B 89,berth_line,B 89,"MULTILINESTRING ((-118.277172256171 33.742917081764, -118.277434298623 33.742208195742))",City of Los Angeles Open Data: Berth Lines,https://data.lacity.org/City-Infrastructure-Service-Requests/Berth-Lines/9r7y-tdse,rv-h7im~2m3j_zd34,row-fqef_ukfu_ikhs,1a25b669aa42ac7d53f37ab17c83986be0cf73093cf1b8de0a5a02c95861bc96,2026-08-26T22:03:17+00:00,,,true
USLAX_BERTH_cb853b09016bf2ffcfb0ea23,USLAX,Port of Los Angeles,USLAX_BERTH_cb853b09016bf2ffcfb0ea23,Berth proximity: B 88,berth_line,B 88,"MULTILINESTRING ((-118.277434298623 33.742208195742, -118.277701474110 33.741499930219))",City of Los Angeles Open Data: Berth Lines,https://data.lacity.org/City-Infrastructure-Service-Requests/Berth-Lines/9r7y-tdse,rv-jcpn_8g9n.kw9b,row-pqgw-g6sa-bf93,1a25b669aa42ac7d53f37ab17c83986be0cf73093cf1b8de0a5a02c95861bc96,2026-08-26T22:03:17+00:00,,,true
USLAX_BERTH_4cd0a95a8634a348203ed055,USLAX,Port of Los Angeles,USLAX_BERTH_4cd0a95a8634a348203ed055,Berth proximity: B 87,berth_line,B 87,"MULTILINESTRING ((-118.277701474110 33.741499930219, -118.277964210600 33.740808455014, -118.278169339636 33.740863971545, -118.278147230651 33.740933808082, -118.278502074393 33.741029550934, -118.278521446150 33.741013277216, -118.278545837093 33.740946687953))",City of Los Angeles Open Data: Berth Lines,https://data.lacity.org/City-Infrastructure-Service-Requests/Berth-Lines/9r7y-tdse,rv-92a2.nigs_j43a,row-vwdm_m2aa_78r7,1a25b669aa42ac7d53f37ab17c83986be0cf73093cf1b8de0a5a02c95861bc96,2026-08-26T22:03:17+00:00,,,true
USLAX_BERTH_f734889d5978510f5b949f87,USLAX,Port of Los Angeles,USLAX_BERTH_f734889d5978510f5b949f87,Berth proximity: B 214,berth_line,B 214,"MULTILINESTRING ((-118.257805635614 33.759562237624, -118.257814687868 33.759554138936, -118.258577216310 33.758738819112))",City of Los Angeles Open Data: Berth Lines,https://data.lacity.org/City-Infrastructure-Service-Requests/Berth-Lines/9r7y-tdse,rv-r2bg~86fx_jwuc,row-ca2p_unpq.b9y7,1a25b669aa42ac7d53f37ab17c83986be0cf73093cf1b8de0a5a02c95861bc96,2026-08-26T22:03:17+00:00,,,true
USLAX_BERTH_9b41e21ca1dd6857699f32e1,USLAX,Port of Los Angeles,USLAX_BERTH_9b41e21ca1dd6857699f32e1,Berth proximity: B 83,berth_line,B 83,"MULTILINESTRING ((-118.278521619715 33.738494718466, -118.278514308812 33.738367412419, -118.278723885372 33.738257081568, -118.278671165444 33.738004213821, -118.278580872881 33.737911202944, -118.278494511019 33.737513498131))",City of Los Angeles Open Data: Berth Lines,https://data.lacity.org/City-Infrastructure-Service-Requests/Berth-Lines/9r7y-tdse,rv-vj3t.h59s~zhtg,row-686r.gjyj.dhh4,1a25b669aa42ac7d53f37ab17c83986be0cf73093cf1b8de0a5a02c95861bc96,2026-08-26T22:03:17+00:00,,,true
USLAX_BERTH_d7aea7acf9b0a15df225e4d7,USLAX,Port of Los Angeles,USLAX_BERTH_d7aea7acf9b0a15df225e4d7,Berth proximity: B 82,berth_line,B 82,"MULTILINESTRING ((-118.278494511019 33.737513498131, -118.278303854030 33.736634720073))",City of Los Angeles Open Data: Berth Lines,https://data.lacity.org/City-Infrastructure-Service-Requests/Berth-Lines/9r7y-tdse,rv-9pwn-tgjn~84bz,row-33me-v7s9.yma4,1a25b669aa42ac7d53f37ab17c83986be0cf73093cf1b8de0a5a02c95861bc96,2026-08-26T22:03:17+00:00,,,true
USLAX_BERTH_33a237090844e8e3460946c1,USLAX,Port of Los Angeles,USLAX_BERTH_33a237090844e8e3460946c1,Berth proximity: B 81,berth_line,B 81,"MULTILINESTRING ((-118.278303854030 33.736634720073, -118.278203878021 33.736155095457, -118.278190393575 33.736157413752, -118.278132097319 33.735896511927, -118.278142666163 33.735894831432, -118.278113201032 33.735755941824))",City of Los Angeles Open Data: Berth Lines,https://data.lacity.org/City-Infrastructure-Service-Requests/Berth-Lines/9r7y-tdse,rv-ww4c.q2tr-sj89,row-m3xh.kwk6_7r4x,1a25b669aa42ac7d53f37ab17c83986be0cf73093cf1b8de0a5a02c95861bc96,2026-08-26T22:03:17+00:00,,,true
USLAX_BERTH_74978032592d3d5e718fe9ee,USLAX,Port of Los Angeles,USLAX_BERTH_74978032592d3d5e718fe9ee,Berth proximity: B 80,berth_line,B 80,"MULTILINESTRING ((-118.278113201032 33.735755941824, -118.278074121858 33.735571728819, -118.278074108796 33.735567783871, -118.278074089205 33.735561867350, -118.278108265199 33.735329310489, -118.277905013020 33.734960068272, -118.277868640892 33.734974151728, -118.277835537694 33.734917974379))",City of Los Angeles Open Data: Berth Lines,https://data.lacity.org/City-Infrastructure-Service-Requests/Berth-Lines/9r7y-tdse,rv-t3vd~47if-qqgw,row-p5ce.pegj~rmf4,1a25b669aa42ac7d53f37ab17c83986be0cf73093cf1b8de0a5a02c95861bc96,2026-08-26T22:03:17+00:00,,,true
USLAX_BERTH_17fae3f16deede430e93104b,USLAX,Port of Los Angeles,USLAX_BERTH_17fae3f16deede430e93104b,Berth proximity: B 79,berth_line,B 79,"MULTILINESTRING ((-118.277835537694 33.734917974379, -118.277764603686 33.734791080310, -118.277752618702 33.734795185479, -118.277617077562 33.734560003158, -118.277621291031 33.734557052731, -118.277588001660 33.734500925331))",City of Los Angeles Open Data: Berth Lines,https://data.lacity.org/City-Infrastructure-Service-Requests/Berth-Lines/9r7y-tdse,rv-kkx7.mtev.ihck,row-ng3h-kmty_d27j,1a25b669aa42ac7d53f37ab17c83986be0cf73093cf1b8de0a5a02c95861bc96,2026-08-26T22:03:17+00:00,,,true
USLAX_BERTH_fcfa1384b20107e6064d33be,USLAX,Port of Los Angeles,USLAX_BERTH_fcfa1384b20107e6064d33be,Berth proximity: B 78,berth_line,B 78,"MULTILINESTRING ((-118.277588001660 33.734500925331, -118.277545094115 33.734423906140, -118.277537108729 33.734427265533, -118.277527728982 33.734412252802, -118.277510089166 33.734418696870, -118.277206720397 33.733893155549, -118.277140025938 33.733919441075, -118.277132376043 33.733906745701, -118.276996465548 33.733964268084, -118.276800867393 33.733609457563, -118.277020513023 33.733519362436, -118.277155844091 33.733461733182, -118.276948426184 33.733111188123, -118.276935667936 33.733087204158))",City of Los Angeles Open Data: Berth Lines,https://data.lacity.org/City-Infrastructure-Service-Requests/Berth-Lines/9r7y-tdse,rv-bkrf-9475~5zkm,row-c4bb-qezh_v4fx,1a25b669aa42ac7d53f37ab17c83986be0cf73093cf1b8de0a5a02c95861bc96,2026-08-26T22:03:17+00:00,,,true
USLAX_BERTH_4995ace2ebed6dd2749cf7db,USLAX,Port of Los Angeles,USLAX_BERTH_4995ace2ebed6dd2749cf7db,Berth proximity: B 77,berth_line,B 77,"MULTILINESTRING ((-118.276935667936 33.733087204158, -118.276799744664 33.733140488379, -118.276678114606 33.732931776345, -118.276639470994 33.732951155571, -118.276605351081 33.732893736168, -118.276544566272 33.732917889242, -118.276403419467 33.732668188995, -118.276385665900 33.732667523907, -118.276332476159 33.732687421459, -118.276159890655 33.732388353829, -118.276254431049 33.732347172485, -118.276252993278 33.732302059175, -118.276141653452 33.732108008481))",City of Los Angeles Open Data: Berth Lines,https://data.lacity.org/City-Infrastructure-Service-Requests/Berth-Lines/9r7y-tdse,rv-5899.hhz2.66zm,row-6khy.ujji~8pbf,1a25b669aa42ac7d53f37ab17c83986be0cf73093cf1b8de0a5a02c95861bc96,2026-08-26T22:03:17+00:00,,,true
USLAX_BERTH_8f1bbd0148f8a1bdb93cef3e,USLAX,Port of Los Angeles,USLAX_BERTH_8f1bbd0148f8a1bdb93cef3e,Berth proximity: B 76,berth_line,B 76,"MULTILINESTRING ((-118.276141653452 33.732108008481, -118.276100466490 33.732040273041, -118.276089096416 33.732019635790, -118.276032608740 33.732040233131, -118.276001328941 33.731983310990, -118.275843003510 33.732044933934, -118.275787346167 33.731947781273, -118.275774682434 33.731952754144, -118.275657362116 33.731748762331, -118.275697251515 33.731731984109, -118.275665266342 33.731677669744, -118.275649014716 33.731684505214, -118.275611291035 33.731620469558, -118.275805381630 33.731542492808, -118.275801891719 33.731534444079))",City of Los Angeles Open Data: Berth Lines,https://data.lacity.org/City-Infrastructure-Service-Requests/Berth-Lines/9r7y-tdse,rv-8mbn_dr79.ds4d,row-6fn8_u5jg_wh9k,1a25b669aa42ac7d53f37ab17c83986be0cf73093cf1b8de0a5a02c95861bc96,2026-08-26T22:03:17+00:00,,,true
USLAX_BERTH_4bcfb95e3282b202dcd03ec2,USLAX,Port of Los Angeles,USLAX_BERTH_4bcfb95e3282b202dcd03ec2,Berth proximity: B 75,berth_line,B 75,"MULTILINESTRING ((-118.275801891719 33.731534444079, -118.275730900271 33.731410594294, -118.275780260915 33.731390943784, -118.275731436777 33.731307152842, -118.275722650300 33.731308647839, -118.275702086888 33.731273970886, -118.275680346861 33.731282839206, -118.275673541080 33.731269128521, -118.275635488620 33.731282391174, -118.275616904054 33.731247710574, -118.275655773413 33.731232188693, -118.275651950436 33.731226534213, -118.275678544513 33.731215966261, -118.275572077582 33.731033664012, -118.275453154573 33.731000060600, -118.275486515289 33.730914002496, -118.275475289114 33.730910169771, -118.275485934093 33.730885824658, -118.275097331899 33.730218905143))",City of Los Angeles Open Data: Berth Lines,https://data.lacity.org/City-Infrastructure-Service-Requests/Berth-Lines/9r7y-tdse,rv-q852-z4e4-4r7x,row-sqn2~xzy6-nnaj,1a25b669aa42ac7d53f37ab17c83986be0cf73093cf1b8de0a5a02c95861bc96,2026-08-26T22:03:17+00:00,,,true
USLAX_BERTH_3395bd6899b9967bae44d5bd,USLAX,Port of Los Angeles,USLAX_BERTH_3395bd6899b9967bae44d5bd,Berth proximity: B 74,berth_line,B 74,"MULTILINESTRING ((-118.275097331899 33.730218905143, -118.275072457334 33.730171977513, -118.275086304426 33.730170292495, -118.275091572493 33.730167524556, -118.275096820699 33.730158693155, -118.275103381230 33.730147655482, -118.274972109034 33.729945677372, -118.274912812699 33.729967859134, -118.274902150293 33.729934813683, -118.274884178655 33.729885801295, -118.274870250434 33.729862684339, -118.274886718516 33.729855481569, -118.274728184251 33.729587424964, -118.274749261105 33.729577455795, -118.274745892492 33.729555968065, -118.274744522476 33.729540539275, -118.274741837610 33.729526215124, -118.274743783916 33.729516289645, -118.274746376826 33.729502504259, -118.274754186052 33.729486961650, -118.274775625223 33.729483203903, -118.274767429291 33.729465299853, -118.274706654834 33.729428356246, -118.274698516602 33.729427757301, -118.274686687882 33.729429638701, -118.274402183961 33.729546280693, -118.274178684580 33.729164808392, -118.274326571010 33.729009577819))",City of Los Angeles Open Data: Berth Lines,https://data.lacity.org/City-Infrastructure-Service-Requests/Berth-Lines/9r7y-tdse,rv-armv-hv39_5uuh,row-bmu7~x64v.b3mx,1a25b669aa42ac7d53f37ab17c83986be0cf73093cf1b8de0a5a02c95861bc96,2026-08-26T22:03:17+00:00,,,true
USLAX_BERTH_3932abe4905ca26eeba627d6,USLAX,Port of Los Angeles,USLAX_BERTH_3932abe4905ca26eeba627d6,Berth proximity: B 84,berth_line,B 84,"MULTILINESTRING ((-118.278554807000 33.739313805629, -118.278553704458 33.739200352127, -118.278549324346 33.739076349606, -118.278548981191 33.738972895632, -118.278326739813 33.738978715306, -118.278324189104 33.738927657331, -118.278383614846 33.738895024242, -118.278382689838 33.738855235810, -118.278431840520 33.738835890296, -118.278435776289 33.738825933995, -118.278453222056 33.738820588271, -118.278547604090 33.738797158780, -118.278569016390 33.738791140349, -118.278581699214 33.738785805634, -118.278593555934 33.738770525638, -118.278591523811 33.738693360723, -118.278588509205 33.738684988227, -118.278572595758 33.738673750868, -118.278562819804 33.738670914835, -118.278551031196 33.738670942128, -118.278321966471 33.738663030562, -118.278278179752 33.738663131847, -118.278268790111 33.738650526201, -118.278276352580 33.738502495327, -118.278521619715 33.738494718466))",City of Los Angeles Open Data: Berth Lines,https://data.lacity.org/City-Infrastructure-Service-Requests/Berth-Lines/9r7y-tdse,rv-k4vp-xajq.taw4,row-tisv.zpy5-iyrd,1a25b669aa42ac7d53f37ab17c83986be0cf73093cf1b8de0a5a02c95861bc96,2026-08-26T22:03:17+00:00,,,true
USLAX_BERTH_d44eddd8e677d309ff589372,USLAX,Port of Los Angeles,USLAX_BERTH_d44eddd8e677d309ff589372,Berth proximity: B 85,berth_line,B 85,"MULTILINESTRING ((-118.278594702425 33.739812822735, -118.278554807000 33.739313805629))",City of Los Angeles Open Data: Berth Lines,https://data.lacity.org/City-Infrastructure-Service-Requests/Berth-Lines/9r7y-tdse,rv-8wct-7287_4kmj,row-4g9a~2k6u.rs6t,1a25b669aa42ac7d53f37ab17c83986be0cf73093cf1b8de0a5a02c95861bc96,2026-08-26T22:03:17+00:00,,,true
USLAX_BERTH_188b5f7c5a6f5794afada8a7,USLAX,Port of Los Angeles,USLAX_BERTH_188b5f7c5a6f5794afada8a7,Berth proximity: B 86,berth_line,B 86,"MULTILINESTRING ((-118.278545837093 33.740946687953, -118.278555123832 33.740917446905, -118.277982511851 33.740762159268, -118.278044132524 33.740598102728, -118.278038299071 33.740596492600, -118.278036316441 33.740584325977, -118.278023670318 33.740578674824, -118.278029390928 33.740546202955, -118.278043815488 33.740502351122, -118.278061169646 33.740463360637, -118.278083402185 33.740430850605, -118.278088263383 33.740432462978, -118.278093098786 33.740425960071, -118.278104764584 33.740429178521, -118.278674080386 33.740177120533, -118.278617712356 33.740083683989, -118.278594702425 33.739812822735))",City of Los Angeles Open Data: Berth Lines,https://data.lacity.org/City-Infrastructure-Service-Requests/Berth-Lines/9r7y-tdse,rv-vthz~sffa_kv9t,row-uex3.k7et~3gim,1a25b669aa42ac7d53f37ab17c83986be0cf73093cf1b8de0a5a02c95861bc96,2026-08-26T22:03:17+00:00,,,true
USLAX_BERTH_e956441972c450bfd3146e33,USLAX,Port of Los Angeles,USLAX_BERTH_e956441972c450bfd3146e33,Berth proximity: B 73E,berth_line,B 73E,"MULTILINESTRING ((-118.278664934370 33.731719283160, -118.278647340460 33.731366363034))",City of Los Angeles Open Data: Berth Lines,https://data.lacity.org/City-Infrastructure-Service-Requests/Berth-Lines/9r7y-tdse,rv-ce9h~s75f-c5fr,row-sp2r_r9r8_6z8u,1a25b669aa42ac7d53f37ab17c83986be0cf73093cf1b8de0a5a02c95861bc96,2026-08-26T22:03:17+00:00,,,true
USLAX_BERTH_4e99c845c1bc7bafd8a6f0d6,USLAX,Port of Los Angeles,USLAX_BERTH_4e99c845c1bc7bafd8a6f0d6,Berth proximity: B 73D,berth_line,B 73D,"MULTILINESTRING ((-118.278647340460 33.731366363034, -118.277827355855 33.730365203440))",City of Los Angeles Open Data: Berth Lines,https://data.lacity.org/City-Infrastructure-Service-Requests/Berth-Lines/9r7y-tdse,rv-carr.i9pd-ddi7,row-jyrf_pzzv.xsr7,1a25b669aa42ac7d53f37ab17c83986be0cf73093cf1b8de0a5a02c95861bc96,2026-08-26T22:03:17+00:00,,,true
USLAX_BERTH_adfaee0c0fbe46ede5526afb,USLAX,Port of Los Angeles,USLAX_BERTH_adfaee0c0fbe46ede5526afb,Berth proximity: B 73C,berth_line,B 73C,"MULTILINESTRING ((-118.277827355855 33.730365203440, -118.276521060200 33.729544416518))",City of Los Angeles Open Data: Berth Lines,https://data.lacity.org/City-Infrastructure-Service-Requests/Berth-Lines/9r7y-tdse,rv-htix~9tcn_drhf,row-zfvn_7bjm-yvs7,1a25b669aa42ac7d53f37ab17c83986be0cf73093cf1b8de0a5a02c95861bc96,2026-08-26T22:03:17+00:00,,,true
USLAX_BERTH_d8090e387b808cf42257da3d,USLAX,Port of Los Angeles,USLAX_BERTH_d8090e387b808cf42257da3d,Berth proximity: B 73B,berth_line,B 73B,"MULTILINESTRING ((-118.276521060200 33.729544416518, -118.275194934332 33.728713014190))",City of Los Angeles Open Data: Berth Lines,https://data.lacity.org/City-Infrastructure-Service-Requests/Berth-Lines/9r7y-tdse,rv-3pzt_ys24-vsms,row-5q3t_b3qa.tf3q,1a25b669aa42ac7d53f37ab17c83986be0cf73093cf1b8de0a5a02c95861bc96,2026-08-26T22:03:17+00:00,,,true
USLAX_BERTH_6f929007e3336cfac09557c3,USLAX,Port of Los Angeles,USLAX_BERTH_6f929007e3336cfac09557c3,Berth proximity: B 56,berth_line,B 56,"MULTILINESTRING ((-118.275416830138 33.726431638235, -118.275479277048 33.726415249280, -118.275488010860 33.726437653240, -118.276155381965 33.726255967789, -118.276112808204 33.726138992857, -118.276575659669 33.726021598870))",City of Los Angeles Open Data: Berth Lines,https://data.lacity.org/City-Infrastructure-Service-Requests/Berth-Lines/9r7y-tdse,rv-evju.gidn_re88,row-dq5z-b3zr-vftd,1a25b669aa42ac7d53f37ab17c83986be0cf73093cf1b8de0a5a02c95861bc96,2026-08-26T22:03:17+00:00,,,true
USLAX_BERTH_35a1816e3b461faccec12d67,USLAX,Port of Los Angeles,USLAX_BERTH_35a1816e3b461faccec12d67,Berth proximity: B 57,berth_line,B 57,"MULTILINESTRING ((-118.274866570595 33.724951030464, -118.275382259226 33.726313261817, -118.275381372463 33.726327439065, -118.275385127456 33.726345996001, -118.275416830138 33.726431638235))",City of Los Angeles Open Data: Berth Lines,https://data.lacity.org/City-Infrastructure-Service-Requests/Berth-Lines/9r7y-tdse,rv-uvzw~y264~wn6e,row-v7s8-3wwr-a68u,1a25b669aa42ac7d53f37ab17c83986be0cf73093cf1b8de0a5a02c95861bc96,2026-08-26T22:03:17+00:00,,,true
USLAX_BERTH_583c66b9d1449f93f498977b,USLAX,Port of Los Angeles,USLAX_BERTH_583c66b9d1449f93f498977b,Berth proximity: B 58,berth_line,B 58,"MULTILINESTRING ((-118.274188732530 33.723170708804, -118.274866570595 33.724951030464))",City of Los Angeles Open Data: Berth Lines,https://data.lacity.org/City-Infrastructure-Service-Requests/Berth-Lines/9r7y-tdse,rv-hjws-6aij-ecjg,row-q6tf_mvtf.r55u,1a25b669aa42ac7d53f37ab17c83986be0cf73093cf1b8de0a5a02c95861bc96,2026-08-26T22:03:17+00:00,,,true
USLAX_BERTH_c0d3d745a47b03db56d4303b,USLAX,Port of Los Angeles,USLAX_BERTH_c0d3d745a47b03db56d4303b,Berth proximity: B 59,berth_line,B 59,"MULTILINESTRING ((-118.273596274556 33.721595854602, -118.274188732530 33.723170708804))",City of Los Angeles Open Data: Berth Lines,https://data.lacity.org/City-Infrastructure-Service-Requests/Berth-Lines/9r7y-tdse,rv-u84c~trk2.prnt,row-s4dk-bkuw_58e7,1a25b669aa42ac7d53f37ab17c83986be0cf73093cf1b8de0a5a02c95861bc96,2026-08-26T22:03:17+00:00,,,true
USLAX_BERTH_2f8b8e692a06bc60c13bdf10,USLAX,Port of Los Angeles,USLAX_BERTH_2f8b8e692a06bc60c13bdf10,Berth proximity: B 60,berth_line,B 60,"MULTILINESTRING ((-118.272178025174 33.720046805938, -118.272354954108 33.720009418677, -118.272713796790 33.719880505947, -118.272703217007 33.719862944351, -118.272915598689 33.719809704123, -118.273596274556 33.721595854602))",City of Los Angeles Open Data: Berth Lines,https://data.lacity.org/City-Infrastructure-Service-Requests/Berth-Lines/9r7y-tdse,rv-qtnf-sahv~9pwh,row-k4rr~8ppj-ppts,1a25b669aa42ac7d53f37ab17c83986be0cf73093cf1b8de0a5a02c95861bc96,2026-08-26T22:03:17+00:00,,,true
USLAX_BERTH_92cd6b2177ee5a198dd07eb1,USLAX,Port of Los Angeles,USLAX_BERTH_92cd6b2177ee5a198dd07eb1,Berth proximity: B 68,berth_line,B 68,"MULTILINESTRING ((-118.271706326241 33.721993836663, -118.271414685784 33.721251606599, -118.271090815404 33.720426865648, -118.271108207274 33.720371769073, -118.271121325748 33.720353386746, -118.271143216674 33.720335178466, -118.271261082429 33.720283130499, -118.271340682144 33.720260758714, -118.271429174391 33.720250695740, -118.271499866585 33.720211082907, -118.271558819213 33.720191223184, -118.271765224457 33.720143906919, -118.271903808319 33.720111538160, -118.272178025174 33.720046805938))",City of Los Angeles Open Data: Berth Lines,https://data.lacity.org/City-Infrastructure-Service-Requests/Berth-Lines/9r7y-tdse,rv-5395~j22v.ykxv,row-bgu5_5ee5_6876,1a25b669aa42ac7d53f37ab17c83986be0cf73093cf1b8de0a5a02c95861bc96,2026-08-26T22:03:17+00:00,,,true
USLAX_BERTH_11e39a3b4fdefda48715b89b,USLAX,Port of Los Angeles,USLAX_BERTH_11e39a3b4fdefda48715b89b,Berth proximity: B 69,berth_line,B 69,"MULTILINESTRING ((-118.272293026261 33.723567431291, -118.271706326241 33.721993836663))",City of Los Angeles Open Data: Berth Lines,https://data.lacity.org/City-Infrastructure-Service-Requests/Berth-Lines/9r7y-tdse,rv-2pqy~5a6q_a885,row-54n8.77uk.tcs9,1a25b669aa42ac7d53f37ab17c83986be0cf73093cf1b8de0a5a02c95861bc96,2026-08-26T22:03:17+00:00,,,true
USLAX_BERTH_26e4105cdd10c6e0efc7baa4,USLAX,Port of Los Angeles,USLAX_BERTH_26e4105cdd10c6e0efc7baa4,Berth proximity: B 70,berth_line,B 70,"MULTILINESTRING ((-118.272697749447 33.725193234628, -118.272679692046 33.725151989483, -118.272654184775 33.725158539915, -118.272606039063 33.725029731570, -118.272631546299 33.725023181148, -118.272470342423 33.724600623069, -118.272413789432 33.724617446061, -118.272199964296 33.724054031778, -118.272453533702 33.723986710550, -118.272293026261 33.723567431291))",City of Los Angeles Open Data: Berth Lines,https://data.lacity.org/City-Infrastructure-Service-Requests/Berth-Lines/9r7y-tdse,rv-5cz8~u82z-6nua,row-3cii_kvyw_zid8,1a25b669aa42ac7d53f37ab17c83986be0cf73093cf1b8de0a5a02c95861bc96,2026-08-26T22:03:17+00:00,,,true
USLAX_BERTH_5af44433c41a9a13a0dd861a,USLAX,Port of Los Angeles,USLAX_BERTH_5af44433c41a9a13a0dd861a,Berth proximity: B 71,berth_line,B 71,"MULTILINESTRING ((-118.273383747124 33.726737902120, -118.273341573108 33.726623299854, -118.273452323392 33.726596095046, -118.273062774959 33.725578268310, -118.273046100747 33.725523513777, -118.272885278056 33.725568882580, -118.272890882058 33.725585563879, -118.272788842368 33.725608981942, -118.272776503149 33.725569129283, -118.272828366898 33.725555664031, -118.272697749447 33.725193234628))",City of Los Angeles Open Data: Berth Lines,https://data.lacity.org/City-Infrastructure-Service-Requests/Berth-Lines/9r7y-tdse,rv-ky3q~eevt_aud8,row-3skm-wqcx.g33q,1a25b669aa42ac7d53f37ab17c83986be0cf73093cf1b8de0a5a02c95861bc96,2026-08-26T22:03:17+00:00,,,true
USLAX_BERTH_ea86cb6ac741117cd6d6d52f,USLAX,Port of Los Angeles,USLAX_BERTH_ea86cb6ac741117cd6d6d52f,Berth proximity: B 72,berth_line,B 72,"MULTILINESTRING ((-118.273816179677 33.727843690041, -118.273383747124 33.726737902120))",City of Los Angeles Open Data: Berth Lines,https://data.lacity.org/City-Infrastructure-Service-Requests/Berth-Lines/9r7y-tdse,rv-8a8y.4cqm-zkc5,row-i4z8-c77y.f7cr,1a25b669aa42ac7d53f37ab17c83986be0cf73093cf1b8de0a5a02c95861bc96,2026-08-26T22:03:17+00:00,,,true
USLAX_BERTH_7a0dd64e6b6662836287b043,USLAX,Port of Los Angeles,USLAX_BERTH_7a0dd64e6b6662836287b043,Berth proximity: B 73A,berth_line,B 73A,"MULTILINESTRING ((-118.275194934332 33.728713014190, -118.273816179677 33.727843690041))",City of Los Angeles Open Data: Berth Lines,https://data.lacity.org/City-Infrastructure-Service-Requests/Berth-Lines/9r7y-tdse,rv-bw25~tjyn-5fia,row-m57y.hst4~py8a,1a25b669aa42ac7d53f37ab17c83986be0cf73093cf1b8de0a5a02c95861bc96,2026-08-26T22:03:17+00:00,,,true
USLAX_BERTH_4e4642ae1a48b970174ce27e,USLAX,Port of Los Angeles,USLAX_BERTH_4e4642ae1a48b970174ce27e,Berth proximity: B 48,berth_line,B 48,"MULTILINESTRING ((-118.272702080599 33.715439724244, -118.272686169692 33.715374168042, -118.272688062738 33.715352846870, -118.272691923348 33.715333160164, -118.272701617456 33.715297062841, -118.272748380118 33.715195288292, -118.272771820521 33.715162439451, -118.272805033748 33.715118089635, -118.272867553757 33.715034317424, -118.272894944101 33.715009658745, -118.272932093407 33.714968578721, -118.272959462396 33.714937360758, -118.273014222707 33.714881483180, -118.273053344796 33.714843679201, -118.273078783449 33.714822303669, -118.273104191179 33.714791089225, -118.273137399831 33.714745099500, -118.273162774445 33.714704047045, -118.273184225655 33.714663003497, -118.273207665737 33.714630153671, -118.273233120290 33.714613698459, -118.273276230624 33.714595562398, -118.273301690486 33.714580746088, -118.273332984743 33.714549519122, -118.273400982787 33.714487963387, -118.273471900278 33.714426217971, -118.273520773248 33.714370353551, -118.273563818232 33.714332539585, -118.273565695010 33.714306298952, -118.273794677206 33.714038025113, -118.273810730969 33.714030397034, -118.273827615317 33.714024410497, -118.273841846766 33.714023634359, -118.273859638034 33.714022851015, -118.273875654238 33.714023557384, -118.273889011358 33.714027244756, -118.273904175644 33.714034655716, -118.273912769855 33.714040906079, -118.273951193095 33.713998107288))",City of Los Angeles Open Data: Berth Lines,https://data.lacity.org/City-Infrastructure-Service-Requests/Berth-Lines/9r7y-tdse,rv-gwjb-je84-ngsd,row-jamk.mv5p_n7n6,1a25b669aa42ac7d53f37ab17c83986be0cf73093cf1b8de0a5a02c95861bc96,2026-08-26T22:03:17+00:00,,,true
USLAX_BERTH_a39890a2e4ecf896627746a8,USLAX,Port of Los Angeles,USLAX_BERTH_a39890a2e4ecf896627746a8,Berth proximity: B 45,berth_line,B 45,"MULTILINESTRING ((-118.275531192427 33.714734146888, -118.276419622313 33.715253025189, -118.276316805522 33.715379448072, -118.276310626393 33.715386661651, -118.276240074761 33.715345067097, -118.276203433761 33.715390364201, -118.276378948006 33.715483903707))",City of Los Angeles Open Data: Berth Lines,https://data.lacity.org/City-Infrastructure-Service-Requests/Berth-Lines/9r7y-tdse,rv-8v9b~j7i7.ys5m,row-3f8i.8j3y_nqcq,1a25b669aa42ac7d53f37ab17c83986be0cf73093cf1b8de0a5a02c95861bc96,2026-08-26T22:03:17+00:00,,,true
USLAX_BERTH_41f17c2e086d138622260083,USLAX,Port of Los Angeles,USLAX_BERTH_41f17c2e086d138622260083,Berth proximity: B 44,berth_line,B 44,"MULTILINESTRING ((-118.276378948006 33.715483903707, -118.276571916917 33.715987954331, -118.276571264947 33.716001922780, -118.276574177385 33.716029046746, -118.276575183129 33.716178877453))",City of Los Angeles Open Data: Berth Lines,https://data.lacity.org/City-Infrastructure-Service-Requests/Berth-Lines/9r7y-tdse,rv-puhe.ej2h-3n2m,row-3nym~fqgj~visw,1a25b669aa42ac7d53f37ab17c83986be0cf73093cf1b8de0a5a02c95861bc96,2026-08-26T22:03:17+00:00,,,true
USLAX_BERTH_f6c2bddd223f8d685e383a69,USLAX,Port of Los Angeles,USLAX_BERTH_f6c2bddd223f8d685e383a69,Berth proximity: B 43,berth_line,B 43,"MULTILINESTRING ((-118.276575183129 33.716178877453, -118.276572076688 33.716248461519, -118.276568020130 33.716302733075, -118.276527503312 33.716418946735, -118.276444599271 33.716698735053, -118.276174376711 33.717520244409, -118.276105412314 33.717716562112, -118.275877917090 33.718364157127, -118.275525527442 33.719498207530))",City of Los Angeles Open Data: Berth Lines,https://data.lacity.org/City-Infrastructure-Service-Requests/Berth-Lines/9r7y-tdse,rv-vxy2.if7s_hmir,row-9cxj_u8ru~maki,1a25b669aa42ac7d53f37ab17c83986be0cf73093cf1b8de0a5a02c95861bc96,2026-08-26T22:03:17+00:00,,,true
USLAX_BERTH_548e798ff2bf551b7f7b4f35,USLAX,Port of Los Angeles,USLAX_BERTH_548e798ff2bf551b7f7b4f35,Berth proximity: B 200X,berth_line,B 200X,"MULTILINESTRING ((-118.248855611792 33.771906874682, -118.248813488922 33.771922054800, -118.248756245534 33.771917141810, -118.248708017179 33.771904664551, -118.248632627787 33.771874635145, -118.248554211815 33.771839581533, -118.248511999564 33.771824576566, -118.248472836289 33.771822141315, -118.248418664281 33.771837346168, -118.248346429261 33.771855102571, -118.248241136226 33.771898081871, -118.248159908352 33.771930949742, -118.248036558456 33.771978997403, -118.247955352715 33.772019411607, -118.247889237494 33.772069855497, -118.247841238325 33.772135355081, -118.247790197632 33.772190800089, -118.247721740220 33.772336897718, -118.247647941024 33.772485846049, -118.247608553875 33.772556191455, -118.247564242674 33.772634813798, -118.247500159048 33.772721743605, -118.247465649088 33.772767279375, -118.247406452727 33.772833532934, -118.247337321894 33.772887406648, -118.247268190976 33.772941281223, -118.247174338058 33.773003472451, -118.247080497164 33.773069796089, -118.246976781497 33.773144406740, -118.246953658353 33.773160828261))",City of Los Angeles Open Data: Berth Lines,https://data.lacity.org/City-Infrastructure-Service-Requests/Berth-Lines/9r7y-tdse,rv-d98r-my84.i4qe,row-rnp8~pyqw-hx6j,1a25b669aa42ac7d53f37ab17c83986be0cf73093cf1b8de0a5a02c95861bc96,2026-08-26T22:03:17+00:00,,,true
USLAX_BERTH_cdaa90bbb600d2a76b33b502,USLAX,Port of Los Angeles,USLAX_BERTH_cdaa90bbb600d2a76b33b502,Berth proximity: B 200Y,berth_line,B 200Y,"MULTILINESTRING ((-118.249312430649 33.770913815339, -118.249301530293 33.770940033007, -118.249289631787 33.770990365351, -118.249292755546 33.771028090557, -118.249274766375 33.771055796870, -118.249259826251 33.771096074692, -118.249250894599 33.771131308759, -118.249251021569 33.771174070582, -118.249248099479 33.771204261794, -118.249236066476 33.771209318023, -118.249224018535 33.771209342971, -118.249185049663 33.771272308282, -118.249149084991 33.771332753058, -118.249125093582 33.771368018290, -118.249110093613 33.771388172778, -118.249107201324 33.771428425646, -118.249104294102 33.771463647235, -118.249098396465 33.771506421529, -118.249098478572 33.771534091316, -118.249095534022 33.771556736057, -118.249062543575 33.771604596826, -118.249038619217 33.771662501451, -118.248990637178 33.771733031867, -118.248966720193 33.771793451669, -118.248933707203 33.771833766836, -118.248918751858 33.771869013340, -118.248897727191 33.771889180262, -118.248855611792 33.771906874682))",City of Los Angeles Open Data: Berth Lines,https://data.lacity.org/City-Infrastructure-Service-Requests/Berth-Lines/9r7y-tdse,rv-beqi.qeta~2erm,row-d868.fsti~qt98,1a25b669aa42ac7d53f37ab17c83986be0cf73093cf1b8de0a5a02c95861bc96,2026-08-26T22:03:17+00:00,,,true
USLAX_BERTH_272b47b6c2297c9a54d22b98,USLAX,Port of Los Angeles,USLAX_BERTH_272b47b6c2297c9a54d22b98,Berth proximity: B 261,berth_line,B 261,"MULTILINESTRING ((-118.270888838760 33.736694737717, -118.269602165887 33.737217348120))",City of Los Angeles Open Data: Berth Lines,https://data.lacity.org/City-Infrastructure-Service-Requests/Berth-Lines/9r7y-tdse,rv-f8ft-h9ba.6uxp,row-tij3.m2h7~7bp7,1a25b669aa42ac7d53f37ab17c83986be0cf73093cf1b8de0a5a02c95861bc96,2026-08-26T22:03:17+00:00,,,true
USLAX_BERTH_3a759074826babb207805b86,USLAX,Port of Los Angeles,USLAX_BERTH_3a759074826babb207805b86,Berth proximity: B 262,berth_line,B 262,"MULTILINESTRING ((-118.269602165887 33.737217348120, -118.268475289490 33.737668900510))",City of Los Angeles Open Data: Berth Lines,https://data.lacity.org/City-Infrastructure-Service-Requests/Berth-Lines/9r7y-tdse,rv-pkfs~exxv.axze,row-pm2h-g8ii_m7zq,1a25b669aa42ac7d53f37ab17c83986be0cf73093cf1b8de0a5a02c95861bc96,2026-08-26T22:03:17+00:00,,,true
USLAX_BERTH_afcc5970e01a57f7d68de169,USLAX,Port of Los Angeles,USLAX_BERTH_afcc5970e01a57f7d68de169,Berth proximity: B 263,berth_line,B 263,"MULTILINESTRING ((-118.268475289490 33.737668900510, -118.267361185462 33.738110922938))",City of Los Angeles Open Data: Berth Lines,https://data.lacity.org/City-Infrastructure-Service-Requests/Berth-Lines/9r7y-tdse,rv-9qeq-v5r9-y4r6,row-hn5a.8yk8.jxvb,1a25b669aa42ac7d53f37ab17c83986be0cf73093cf1b8de0a5a02c95861bc96,2026-08-26T22:03:17+00:00,,,true
USLAX_BERTH_2124537debd8ed6bbd447cc0,USLAX,Port of Los Angeles,USLAX_BERTH_2124537debd8ed6bbd447cc0,Berth proximity: B 264,berth_line,B 264,"MULTILINESTRING ((-118.267361185462 33.738110922938, -118.266485692171 33.738466624226, -118.266278223412 33.738550648433))",City of Los Angeles Open Data: Berth Lines,https://data.lacity.org/City-Infrastructure-Service-Requests/Berth-Lines/9r7y-tdse,rv-u27w_tpem_iyjs,row-ih4b~xac5.r5hh,1a25b669aa42ac7d53f37ab17c83986be0cf73093cf1b8de0a5a02c95861bc96,2026-08-26T22:03:17+00:00,,,true
USLAX_BERTH_7b71ce64318da499cf50455a,USLAX,Port of Los Angeles,USLAX_BERTH_7b71ce64318da499cf50455a,Berth proximity: B 265,berth_line,B 265,"MULTILINESTRING ((-118.266278223412 33.738550648433, -118.266276978702 33.738551152424, -118.266189632079 33.738405686199, -118.265819090714 33.737767923757))",City of Los Angeles Open Data: Berth Lines,https://data.lacity.org/City-Infrastructure-Service-Requests/Berth-Lines/9r7y-tdse,rv-azbs_fj4c_4jaf,row-ud49_2uq6-ufrn,1a25b669aa42ac7d53f37ab17c83986be0cf73093cf1b8de0a5a02c95861bc96,2026-08-26T22:03:17+00:00,,,true
USLAX_BERTH_af319736998e05c07ccd04b5,USLAX,Port of Los Angeles,USLAX_BERTH_af319736998e05c07ccd04b5,Berth proximity: B 266,berth_line,B 266,"MULTILINESTRING ((-118.265819090714 33.737767923757, -118.265356115229 33.736978282366))",City of Los Angeles Open Data: Berth Lines,https://data.lacity.org/City-Infrastructure-Service-Requests/Berth-Lines/9r7y-tdse,rv-ec7c-4g6k~gcfe,row-xrxf.a5a5.p9q7,1a25b669aa42ac7d53f37ab17c83986be0cf73093cf1b8de0a5a02c95861bc96,2026-08-26T22:03:17+00:00,,,true
USLAX_BERTH_72ec5beb1df7e2f8417e1cc4,USLAX,Port of Los Angeles,USLAX_BERTH_72ec5beb1df7e2f8417e1cc4,Berth proximity: B 267,berth_line,B 267,"MULTILINESTRING ((-118.265356115229 33.736978282366, -118.265219192486 33.736739560638, -118.265088001643 33.736789814680, -118.265005682307 33.736645876332, -118.264929269345 33.736520245270, -118.264925239404 33.736169724505))",City of Los Angeles Open Data: Berth Lines,https://data.lacity.org/City-Infrastructure-Service-Requests/Berth-Lines/9r7y-tdse,rv-54h2.7cuw.zweh,row-mtuh_qacj.2v9t,1a25b669aa42ac7d53f37ab17c83986be0cf73093cf1b8de0a5a02c95861bc96,2026-08-26T22:03:17+00:00,,,true
USLAX_BERTH_0f80f57d2987dc2e553926f2,USLAX,Port of Los Angeles,USLAX_BERTH_0f80f57d2987dc2e553926f2,Berth proximity: B 49,berth_line,B 49,"MULTILINESTRING ((-118.273115145091 33.716898016315, -118.272995663005 33.716585351424, -118.272903135842 33.716335745645, -118.272930637492 33.716333263617, -118.272959636870 33.716346506665, -118.273053761661 33.716351133185, -118.273110215514 33.716347375574, -118.273156525442 33.716341220443, -118.273138990672 33.716291653388, -118.273104022395 33.716223976904, -118.273064691422 33.716150261247, -118.273025332990 33.716068076042, -118.272987389789 33.715976207300, -118.272977145849 33.715942353058, -118.272982861910 33.715919351821, -118.272982771473 33.715891523605, -118.272966743567 33.715860102118, -118.272952138695 33.715821417615, -118.272920016117 33.715738006146, -118.272887916106 33.715661853500, -118.272845749162 33.715606292320, -118.272793446323 33.715550755015, -118.272738245333 33.715494013544, -118.272702080599 33.715439724244))",City of Los Angeles Open Data: Berth Lines,https://data.lacity.org/City-Infrastructure-Service-Requests/Berth-Lines/9r7y-tdse,rv-qyma-pew6-gubi,row-m9b5_3w9f_anma,1a25b669aa42ac7d53f37ab17c83986be0cf73093cf1b8de0a5a02c95861bc96,2026-08-26T22:03:17+00:00,,,true
USLAX_BERTH_9730e252985a78577e10b559,USLAX,Port of Los Angeles,USLAX_BERTH_9730e252985a78577e10b559,Berth proximity: B 36,berth_line,B 36,"MULTILINESTRING ((-118.279772705132 33.725177622885, -118.279805441562 33.725175961003, -118.280209951814 33.725150425554, -118.280199220778 33.725116654142, -118.280364021822 33.725073841872, -118.280392021264 33.725125311875, -118.281475457780 33.724836357320))",City of Los Angeles Open Data: Berth Lines,https://data.lacity.org/City-Infrastructure-Service-Requests/Berth-Lines/9r7y-tdse,rv-r87h.j8e8~m7e4,row-kxgh_p6i9_j4yy,1a25b669aa42ac7d53f37ab17c83986be0cf73093cf1b8de0a5a02c95861bc96,2026-08-26T22:03:17+00:00,,,true
USLAX_BERTH_9636c19134121db1b63efb01,USLAX,Port of Los Angeles,USLAX_BERTH_9636c19134121db1b63efb01,Berth proximity: B 200Z,berth_line,B 200Z,"MULTILINESTRING ((-118.249789288216 33.769107308371, -118.249743285783 33.769167667765, -118.249736119915 33.769184557039, -118.249739049369 33.769199013834, -118.249769578122 33.769273678189, -118.249797110394 33.769310984903, -118.249802925218 33.769325436610, -118.249800104422 33.769347137227, -118.249810241726 33.769359169333, -118.249836280606 33.769379604733, -118.249834901958 33.769401303259, -118.249824881933 33.769429045394, -118.249813407923 33.769453174602, -118.249794704548 33.769472498456, -118.249774535346 33.769484592560, -118.249716804083 33.769483507040, -118.249683743769 33.769528171371, -118.249650665497 33.769566809156, -118.249610389009 33.769611488435, -118.249564422002 33.769683900838, -118.249486884179 33.769816642603, -118.249295963303 33.770161749212, -118.249149462817 33.770399494173, -118.249139428138 33.770422415025, -118.249140914300 33.770436875727, -118.249152510263 33.770453725229, -118.249269799218 33.770584858987, -118.249294436982 33.770619761187, -118.249310080249 33.770637083696, -118.249324864060 33.770683412169, -118.249334057125 33.770736216928, -118.249340222477 33.770783996649, -118.249337375146 33.770839341556, -118.249322464974 33.770889681043, -118.249312430649 33.770913815339))",City of Los Angeles Open Data: Berth Lines,https://data.lacity.org/City-Infrastructure-Service-Requests/Berth-Lines/9r7y-tdse,rv-iai4.m4sq~w26p,row-znud_r2ng_diac,1a25b669aa42ac7d53f37ab17c83986be0cf73093cf1b8de0a5a02c95861bc96,2026-08-26T22:03:17+00:00,,,true
USLAX_BERTH_404f7b4166ff9b8d6be3bee8,USLAX,Port of Los Angeles,USLAX_BERTH_404f7b4166ff9b8d6be3bee8,Berth proximity: B 40,berth_line,B 40,"MULTILINESTRING ((-118.278223160669 33.722168913575, -118.278617021282 33.722058055730))",City of Los Angeles Open Data: Berth Lines,https://data.lacity.org/City-Infrastructure-Service-Requests/Berth-Lines/9r7y-tdse,rv-t8dz.64dq_gs34,row-p5pd-89mv-8fju,1a25b669aa42ac7d53f37ab17c83986be0cf73093cf1b8de0a5a02c95861bc96,2026-08-26T22:03:17+00:00,,,true
USLAX_BERTH_1c664ccb47b4adb1399c1113,USLAX,Port of Los Angeles,USLAX_BERTH_1c664ccb47b4adb1399c1113,Berth proximity: B 41A,berth_line,B 41A,"MULTILINESTRING ((-118.277732405205 33.722307041635, -118.278223160669 33.722168913575))",City of Los Angeles Open Data: Berth Lines,https://data.lacity.org/City-Infrastructure-Service-Requests/Berth-Lines/9r7y-tdse,rv-amii-x6em~fhfv,row-tdiw~3g7v-6tew,1a25b669aa42ac7d53f37ab17c83986be0cf73093cf1b8de0a5a02c95861bc96,2026-08-26T22:03:17+00:00,,,true
USLAX_BERTH_3755685944956765485cdac7,USLAX,Port of Los Angeles,USLAX_BERTH_3755685944956765485cdac7,Berth proximity: B 42,berth_line,B 42,"MULTILINESTRING ((-118.277031222006 33.722504391631, -118.277018534307 33.722477765252, -118.276999488891 33.722420039990, -118.276930009435 33.722315165119, -118.276879506179 33.722247008863, -118.276841536836 33.722168320347, -118.276778446915 33.722094940869, -118.276740444208 33.722005749006, -118.276696277401 33.721953333640, -118.276664697435 33.721906140555, -118.276607978539 33.721859005273, -118.276526086178 33.721801424443, -118.276463083237 33.721754303539, -118.276349455876 33.721602264084, -118.276138484924 33.721030647692, -118.275973831349 33.720595159600, -118.275531901517 33.719513805126, -118.275525527442 33.719498207530))",City of Los Angeles Open Data: Berth Lines,https://data.lacity.org/City-Infrastructure-Service-Requests/Berth-Lines/9r7y-tdse,rv-r5u6.gp9x.28in,row-ta29.tvuc_uggv,1a25b669aa42ac7d53f37ab17c83986be0cf73093cf1b8de0a5a02c95861bc96,2026-08-26T22:03:17+00:00,,,true
USLAX_BERTH_f7abd3a5d1b80ccc513a3001,USLAX,Port of Los Angeles,USLAX_BERTH_f7abd3a5d1b80ccc513a3001,Berth proximity: B 46,berth_line,B 46,"MULTILINESTRING ((-118.274643664806 33.714212368017, -118.275531192427 33.714734146888))",City of Los Angeles Open Data: Berth Lines,https://data.lacity.org/City-Infrastructure-Service-Requests/Berth-Lines/9r7y-tdse,rv-jjb6~v6nd.9n4j,row-zspb-55tm~ewfg,1a25b669aa42ac7d53f37ab17c83986be0cf73093cf1b8de0a5a02c95861bc96,2026-08-26T22:03:17+00:00,,,true
USLAX_BERTH_cd6b824df67641a7084a4630,USLAX,Port of Los Angeles,USLAX_BERTH_cd6b824df67641a7084a4630,Berth proximity: B 55,berth_line,B 55,"MULTILINESTRING ((-118.276575659669 33.726021598870, -118.275942107501 33.724353244252))",City of Los Angeles Open Data: Berth Lines,https://data.lacity.org/City-Infrastructure-Service-Requests/Berth-Lines/9r7y-tdse,rv-jzqn~7y3q-n8kk,row-2f73-h2rd.hx47,1a25b669aa42ac7d53f37ab17c83986be0cf73093cf1b8de0a5a02c95861bc96,2026-08-26T22:03:17+00:00,,,true
USLAX_BERTH_e6ccfccf2f31115abd1b615f,USLAX,Port of Los Angeles,USLAX_BERTH_e6ccfccf2f31115abd1b615f,Berth proximity: B 54,berth_line,B 54,"MULTILINESTRING ((-118.275942107501 33.724353244252, -118.275444168611 33.723032349471))",City of Los Angeles Open Data: Berth Lines,https://data.lacity.org/City-Infrastructure-Service-Requests/Berth-Lines/9r7y-tdse,rv-hwmd-nrue_b5nz,row-58wp~u3cy~3m32,1a25b669aa42ac7d53f37ab17c83986be0cf73093cf1b8de0a5a02c95861bc96,2026-08-26T22:03:17+00:00,,,true
USLAX_BERTH_b7f0f6cbbb8315e9cd78d6dd,USLAX,Port of Los Angeles,USLAX_BERTH_b7f0f6cbbb8315e9cd78d6dd,Berth proximity: B 53,berth_line,B 53,"MULTILINESTRING ((-118.275444168611 33.723032349471, -118.274937812956 33.721713692559))",City of Los Angeles Open Data: Berth Lines,https://data.lacity.org/City-Infrastructure-Service-Requests/Berth-Lines/9r7y-tdse,rv-a88e-wsp6-sb4x,row-nwvd.7t37-meh6,1a25b669aa42ac7d53f37ab17c83986be0cf73093cf1b8de0a5a02c95861bc96,2026-08-26T22:03:17+00:00,,,true
USLAX_BERTH_6b934a0eff3a41bc50145a50,USLAX,Port of Los Angeles,USLAX_BERTH_6b934a0eff3a41bc50145a50,Berth proximity: B 52,berth_line,B 52,"MULTILINESTRING ((-118.274937812956 33.721713692559, -118.274438065542 33.720393278835, -118.274338807642 33.720128438660))",City of Los Angeles Open Data: Berth Lines,https://data.lacity.org/City-Infrastructure-Service-Requests/Berth-Lines/9r7y-tdse,rv-q6ee_x9d5-2f28,row-bmx7~92pz~8dcm,1a25b669aa42ac7d53f37ab17c83986be0cf73093cf1b8de0a5a02c95861bc96,2026-08-26T22:03:17+00:00,,,true
USLAX_BERTH_93c0358498e16308f10a086e,USLAX,Port of Los Angeles,USLAX_BERTH_93c0358498e16308f10a086e,Berth proximity: B 51,berth_line,B 51,"MULTILINESTRING ((-118.274338807642 33.720128438660, -118.273787891065 33.718658441439, -118.273743476779 33.718542222758))",City of Los Angeles Open Data: Berth Lines,https://data.lacity.org/City-Infrastructure-Service-Requests/Berth-Lines/9r7y-tdse,rv-fgag_8mzp~taim,row-ue35~c2hv.wzbg,1a25b669aa42ac7d53f37ab17c83986be0cf73093cf1b8de0a5a02c95861bc96,2026-08-26T22:03:17+00:00,,,true
USLAX_BERTH_479407dd3ce7e3312019a1d3,USLAX,Port of Los Angeles,USLAX_BERTH_479407dd3ce7e3312019a1d3,Berth proximity: B 50,berth_line,B 50,"MULTILINESTRING ((-118.273743476779 33.718542222758, -118.273115145091 33.716898016315))",City of Los Angeles Open Data: Berth Lines,https://data.lacity.org/City-Infrastructure-Service-Requests/Berth-Lines/9r7y-tdse,rv-v4hq~bmzy.zkba,row-ye7u-9s4p_ryqw,1a25b669aa42ac7d53f37ab17c83986be0cf73093cf1b8de0a5a02c95861bc96,2026-08-26T22:03:17+00:00,,,true
USLAX_BERTH_a8bf66f39e6905aace1d7ad3,USLAX,Port of Los Angeles,USLAX_BERTH_a8bf66f39e6905aace1d7ad3,Berth proximity: B 93D,berth_line,B 93D,"MULTILINESTRING ((-118.275776557956 33.748800052144, -118.277577691661 33.749412938586, -118.277627583572 33.749429476085, -118.277670830946 33.749446028896, -118.277717373620 33.749454248688, -118.277771848112 33.749441831829))",City of Los Angeles Open Data: Berth Lines,https://data.lacity.org/City-Infrastructure-Service-Requests/Berth-Lines/9r7y-tdse,rv-temc_pukp_xxab,row-b6wv~6vzc.guag,1a25b669aa42ac7d53f37ab17c83986be0cf73093cf1b8de0a5a02c95861bc96,2026-08-26T22:03:17+00:00,,,true
USLAX_BERTH_6051558cfb37255b1372d16f,USLAX,Port of Los Angeles,USLAX_BERTH_6051558cfb37255b1372d16f,Berth proximity: B 93E,berth_line,B 93E,"MULTILINESTRING ((-118.274416799249 33.748417955939, -118.274447574284 33.748402435760, -118.274478377363 33.748395498737, -118.274527207243 33.748398180203, -118.275776557956 33.748800052144))",City of Los Angeles Open Data: Berth Lines,https://data.lacity.org/City-Infrastructure-Service-Requests/Berth-Lines/9r7y-tdse,rv-fy9a.4hqm.fnmw,row-3tn4~fd3j-49er,1a25b669aa42ac7d53f37ab17c83986be0cf73093cf1b8de0a5a02c95861bc96,2026-08-26T22:03:17+00:00,,,true
USLAX_BERTH_17eca8ccd22901cd3837eb82,USLAX,Port of Los Angeles,USLAX_BERTH_17eca8ccd22901cd3837eb82,Berth proximity: B 94,berth_line,B 94,"MULTILINESTRING ((-118.274164457161 33.749228672144, -118.274158342037 33.749194500108, -118.274162295702 33.749146422856, -118.274174423576 33.749084593453, -118.274194795067 33.749029612930, -118.274225407774 33.748964307568, -118.274270394694 33.748895536504, -118.274301035336 33.748838815190, -118.274323472656 33.748787262867, -118.274343894453 33.748747731295, -118.274345786549 33.748697942275, -118.274353833843 33.748644706291, -118.274363856267 33.748567430782, -118.274381921114 33.748517018907, -118.274416799249 33.748417955939))",City of Los Angeles Open Data: Berth Lines,https://data.lacity.org/City-Infrastructure-Service-Requests/Berth-Lines/9r7y-tdse,rv-rnij.un4w_yw4b,row-jc85-54g7-2v8r,1a25b669aa42ac7d53f37ab17c83986be0cf73093cf1b8de0a5a02c95861bc96,2026-08-26T22:03:17+00:00,,,true
USLAX_BERTH_b3028c1383492256b5e03f33,USLAX,Port of Los Angeles,USLAX_BERTH_b3028c1383492256b5e03f33,Berth proximity: B 95,berth_line,B 95,"MULTILINESTRING ((-118.273777019829 33.750034408922, -118.273792070949 33.749996848628, -118.273804516959 33.749981161165, -118.273625290224 33.749950249668, -118.273639026650 33.749892072259, -118.273703249425 33.749904834844, -118.273747446289 33.749725523223, -118.273769035289 33.749639348826, -118.273851772695 33.749654121933, -118.274248443188 33.749412388669, -118.274164457161 33.749228672144))",City of Los Angeles Open Data: Berth Lines,https://data.lacity.org/City-Infrastructure-Service-Requests/Berth-Lines/9r7y-tdse,rv-7tck_7nuz-j7gk,row-tjt8-35aq-9p25,1a25b669aa42ac7d53f37ab17c83986be0cf73093cf1b8de0a5a02c95861bc96,2026-08-26T22:03:17+00:00,,,true
USLAX_BERTH_d2c6d87c05ee4f84a305afe0,USLAX,Port of Los Angeles,USLAX_BERTH_d2c6d87c05ee4f84a305afe0,Berth proximity: B 96,berth_line,B 96,"MULTILINESTRING ((-118.274195421408 33.750717832025, -118.274219757632 33.750666611644, -118.274229502585 33.750629503318, -118.274234350385 33.750603394598, -118.274232598016 33.750570433254, -118.273978402595 33.750272949470, -118.273848046908 33.750133143304, -118.273825848388 33.750113175000, -118.273778779886 33.750070117138, -118.273773788663 33.750052272384, -118.273777019829 33.750034408922))",City of Los Angeles Open Data: Berth Lines,https://data.lacity.org/City-Infrastructure-Service-Requests/Berth-Lines/9r7y-tdse,rv-zbg8-d9nb~agee,row-zakd~sq85_uq3t,1a25b669aa42ac7d53f37ab17c83986be0cf73093cf1b8de0a5a02c95861bc96,2026-08-26T22:03:17+00:00,,,true
USLAX_BERTH_89e37df78a0b248e80053950,USLAX,Port of Los Angeles,USLAX_BERTH_89e37df78a0b248e80053950,Berth proximity: B 97,berth_line,B 97,"MULTILINESTRING ((-118.273778053895 33.751316037634, -118.274027191309 33.751199513531, -118.274195421408 33.750717832025))",City of Los Angeles Open Data: Berth Lines,https://data.lacity.org/City-Infrastructure-Service-Requests/Berth-Lines/9r7y-tdse,rv-cwcb-35ye~zbqm,row-ygda-id7y-2kqv,1a25b669aa42ac7d53f37ab17c83986be0cf73093cf1b8de0a5a02c95861bc96,2026-08-26T22:03:17+00:00,,,true
USLAX_BERTH_8ac7410bd94bfb559f5c8dfe,USLAX,Port of Los Angeles,USLAX_BERTH_8ac7410bd94bfb559f5c8dfe,Berth proximity: B 102,berth_line,B 102,"MULTILINESTRING ((-118.277376963740 33.756087276192, -118.275992920022 33.754080922829))",City of Los Angeles Open Data: Berth Lines,https://data.lacity.org/City-Infrastructure-Service-Requests/Berth-Lines/9r7y-tdse,rv-528q_975a.r63k,row-ku3g.8cxf_vh2s,1a25b669aa42ac7d53f37ab17c83986be0cf73093cf1b8de0a5a02c95861bc96,2026-08-26T22:03:17+00:00,,,true
USLAX_BERTH_42e6caaed1c5415667362fcc,USLAX,Port of Los Angeles,USLAX_BERTH_42e6caaed1c5415667362fcc,Berth proximity: B 100,berth_line,B 100,"MULTILINESTRING ((-118.275992920022 33.754080922829, -118.275742411510 33.754203689891, -118.275530087161 33.753889929417, -118.273781582167 33.751320433459))",City of Los Angeles Open Data: Berth Lines,https://data.lacity.org/City-Infrastructure-Service-Requests/Berth-Lines/9r7y-tdse,rv-2p4u.ir8n.bc9t,row-gah9-87su_tzw8,1a25b669aa42ac7d53f37ab17c83986be0cf73093cf1b8de0a5a02c95861bc96,2026-08-26T22:03:17+00:00,,,true
USLAX_BERTH_46e818f42788b600a95381f2,USLAX,Port of Los Angeles,USLAX_BERTH_46e818f42788b600a95381f2,Berth proximity: B 193,berth_line,B 193,"MULTILINESTRING ((-118.256658937396 33.764456156314, -118.256778728947 33.764361227287, -118.256931977932 33.764201754587, -118.257063595135 33.764049562490, -118.257173681502 33.763937202443, -118.257229745695 33.763861127110, -118.257268582231 33.763815831749, -118.257296520576 33.763747051094, -118.257447484700 33.763549604875, -118.257620141216 33.763364771889, -118.257743309950 33.763196112201))",City of Los Angeles Open Data: Berth Lines,https://data.lacity.org/City-Infrastructure-Service-Requests/Berth-Lines/9r7y-tdse,rv-rayy_tfnv_kj3k,row-a52e.3334-xs39,1a25b669aa42ac7d53f37ab17c83986be0cf73093cf1b8de0a5a02c95861bc96,2026-08-26T22:03:17+00:00,,,true
USLAX_BERTH_b8c942de94dd0890bb10cb5e,USLAX,Port of Los Angeles,USLAX_BERTH_b8c942de94dd0890bb10cb5e,Berth proximity: B 406,berth_line,B 406,"MULTILINESTRING ((-118.259385080353 33.726493976941, -118.260563364711 33.723961606313))",City of Los Angeles Open Data: Berth Lines,https://data.lacity.org/City-Infrastructure-Service-Requests/Berth-Lines/9r7y-tdse,rv-z7it.vibf~2fhc,row-s7fe.atx4.qpj8,1a25b669aa42ac7d53f37ab17c83986be0cf73093cf1b8de0a5a02c95861bc96,2026-08-26T22:03:17+00:00,,,true
USLAX_BERTH_d23c94f70f063a60555fcef3,USLAX,Port of Los Angeles,USLAX_BERTH_d23c94f70f063a60555fcef3,Berth proximity: B 404,berth_line,B 404,"MULTILINESTRING ((-118.254063123833 33.730131472169, -118.258258927614 33.728911470923, -118.258269203036 33.728892070177))",City of Los Angeles Open Data: Berth Lines,https://data.lacity.org/City-Infrastructure-Service-Requests/Berth-Lines/9r7y-tdse,rv-icm5.9nuq_kq6w,row-dtgq.p5xm.3ens,1a25b669aa42ac7d53f37ab17c83986be0cf73093cf1b8de0a5a02c95861bc96,2026-08-26T22:03:17+00:00,,,true
USLAX_BERTH_fb8c01a161261bd8590a022e,USLAX,Port of Los Angeles,USLAX_BERTH_fb8c01a161261bd8590a022e,Berth proximity: B 403,berth_line,B 403,"MULTILINESTRING ((-118.249936309768 33.731350522022, -118.254063123833 33.730131472169))",City of Los Angeles Open Data: Berth Lines,https://data.lacity.org/City-Infrastructure-Service-Requests/Berth-Lines/9r7y-tdse,rv-948y.pcxe_ywc2,row-bmwc.kdsg~hz8q,1a25b669aa42ac7d53f37ab17c83986be0cf73093cf1b8de0a5a02c95861bc96,2026-08-26T22:03:17+00:00,,,true
USLAX_BERTH_0b9bcddebb79174a55d7eb43,USLAX,Port of Los Angeles,USLAX_BERTH_0b9bcddebb79174a55d7eb43,Berth proximity: B 401,berth_line,B 401,"MULTILINESTRING ((-118.241709477189 33.733734556018, -118.245842552704 33.732530123949))",City of Los Angeles Open Data: Berth Lines,https://data.lacity.org/City-Infrastructure-Service-Requests/Berth-Lines/9r7y-tdse,rv-4tgi_tnex-urd7,row-977m-vy4w-bic4,1a25b669aa42ac7d53f37ab17c83986be0cf73093cf1b8de0a5a02c95861bc96,2026-08-26T22:03:17+00:00,,,true
USLAX_BERTH_8a1a6c7303d27ccbc4fc5b22,USLAX,Port of Los Angeles,USLAX_BERTH_8a1a6c7303d27ccbc4fc5b22,Berth proximity: B 402,berth_line,B 402,"MULTILINESTRING ((-118.245842552704 33.732530123949, -118.249936309768 33.731350522022))",City of Los Angeles Open Data: Berth Lines,https://data.lacity.org/City-Infrastructure-Service-Requests/Berth-Lines/9r7y-tdse,rv-k3ma~wwcf.4iba,row-mc85_z4bu~rrt6,1a25b669aa42ac7d53f37ab17c83986be0cf73093cf1b8de0a5a02c95861bc96,2026-08-26T22:03:17+00:00,,,true
USLAX_BERTH_1e6ea271761601eb08aa9d6c,USLAX,Port of Los Angeles,USLAX_BERTH_1e6ea271761601eb08aa9d6c,Berth proximity: B 405,berth_line,B 405,"MULTILINESTRING ((-118.258269203036 33.728892070177, -118.259385080353 33.726493976941))",City of Los Angeles Open Data: Berth Lines,https://data.lacity.org/City-Infrastructure-Service-Requests/Berth-Lines/9r7y-tdse,rv-j283~gwvz~xxe2,row-grxx-xfkk.mz9v,1a25b669aa42ac7d53f37ab17c83986be0cf73093cf1b8de0a5a02c95861bc96,2026-08-26T22:03:17+00:00,,,true
USLAX_BERTH_bbc1ea6a3d7d69629da68952,USLAX,Port of Los Angeles,USLAX_BERTH_bbc1ea6a3d7d69629da68952,Berth proximity: B 302,berth_line,B 302,"MULTILINESTRING ((-118.260518091180 33.731431616281, -118.260434663538 33.731223888844, -118.257332086286 33.732124502252))",City of Los Angeles Open Data: Berth Lines,https://data.lacity.org/City-Infrastructure-Service-Requests/Berth-Lines/9r7y-tdse,rv-6q4z_ghpy-hked,row-dzjk_ch3g.6rw8,1a25b669aa42ac7d53f37ab17c83986be0cf73093cf1b8de0a5a02c95861bc96,2026-08-26T22:03:17+00:00,,,true
USLAX_BERTH_e0b75c6574c8b4d3f7dea376,USLAX,Port of Los Angeles,USLAX_BERTH_e0b75c6574c8b4d3f7dea376,Berth proximity: B 303,berth_line,B 303,"MULTILINESTRING ((-118.257332086286 33.732124502252, -118.254222206417 33.733018840603))",City of Los Angeles Open Data: Berth Lines,https://data.lacity.org/City-Infrastructure-Service-Requests/Berth-Lines/9r7y-tdse,rv-2nir~5cch~2r9f,row-rn6t~4nt2_2svd,1a25b669aa42ac7d53f37ab17c83986be0cf73093cf1b8de0a5a02c95861bc96,2026-08-26T22:03:17+00:00,,,true
USLAX_BERTH_679bdb9400e44d096cf004ed,USLAX,Port of Los Angeles,USLAX_BERTH_679bdb9400e44d096cf004ed,Berth proximity: B 304,berth_line,B 304,"MULTILINESTRING ((-118.254222206417 33.733018840603, -118.251120000459 33.733931672405))",City of Los Angeles Open Data: Berth Lines,https://data.lacity.org/City-Infrastructure-Service-Requests/Berth-Lines/9r7y-tdse,rv-db2b_hkuu.i8jh,row-xsin~9das_y4md,1a25b669aa42ac7d53f37ab17c83986be0cf73093cf1b8de0a5a02c95861bc96,2026-08-26T22:03:17+00:00,,,true
USLAX_BERTH_c98a37a15380df900e4d5f49,USLAX,Port of Los Angeles,USLAX_BERTH_c98a37a15380df900e4d5f49,Berth proximity: B 305,berth_line,B 305,"MULTILINESTRING ((-118.251120000459 33.733931672405, -118.247950429245 33.734843643517, -118.248042658373 33.735076692836))",City of Los Angeles Open Data: Berth Lines,https://data.lacity.org/City-Infrastructure-Service-Requests/Berth-Lines/9r7y-tdse,rv-treg~zbs9_k2cp,row-msxj~3aik_z2b3,1a25b669aa42ac7d53f37ab17c83986be0cf73093cf1b8de0a5a02c95861bc96,2026-08-26T22:03:17+00:00,,,true
USLAX_BERTH_998be1b863d116059ed01d84,USLAX,Port of Los Angeles,USLAX_BERTH_998be1b863d116059ed01d84,Berth proximity: B 306,berth_line,B 306,"MULTILINESTRING ((-118.248042658373 33.735076692836, -118.244171812713 33.736233559905))",City of Los Angeles Open Data: Berth Lines,https://data.lacity.org/City-Infrastructure-Service-Requests/Berth-Lines/9r7y-tdse,rv-njqe_r5xg-g35i,row-t4id-9gac_vwm7,1a25b669aa42ac7d53f37ab17c83986be0cf73093cf1b8de0a5a02c95861bc96,2026-08-26T22:03:17+00:00,,,true
USLAX_BERTH_a96ab9e332e6f165cfea8d17,USLAX,Port of Los Angeles,USLAX_BERTH_a96ab9e332e6f165cfea8d17,Berth proximity: B 270,berth_line,B 270,"MULTILINESTRING ((-118.263420144414 33.734591359597, -118.263433263902 33.733556625680, -118.263416715821 33.732630011877, -118.263424678823 33.732564008961, -118.263443439231 33.732481181099, -118.263455455573 33.732440178790, -118.263484172503 33.732393739905, -118.263512912684 33.732354721229, -118.263720907258 33.732129806660, -118.263860354539 33.731994083500, -118.264577378344 33.731256061457, -118.264612941658 33.731268968480, -118.264675106679 33.731268831728, -118.264719463180 33.731253893600, -118.264741600492 33.731233439379, -118.264750411189 33.731211160092, -118.264759239421 33.731194444839, -118.264763638377 33.731181449917, -118.264765817926 33.731168459880, -118.264761307861 33.731146209909, -118.264754605473 33.731133239418, -118.264750130499 33.731122119318, -118.264741202862 33.731107298432, -118.264732286925 33.731096188104, -118.264732263535 33.731088767889, -118.264809653796 33.730988425323, -118.264822940503 33.730977266127, -118.264858439385 33.730969767712, -118.264891713012 33.730960419795, -118.264916122266 33.730956655463, -118.264920533969 33.730947371091, -118.264931569837 33.730926941282, -118.264955904080 33.730899061919, -118.264955863114 33.730886076769, -118.264951364717 33.730867536462, -118.264944663401 33.730854565980, -118.264929040300 33.730828629906, -118.264917874633 33.730808248989, -118.264904524685 33.730799003730, -118.264828339375 33.730766416278, -118.264322052946 33.730549855682))",City of Los Angeles Open Data: Berth Lines,https://data.lacity.org/City-Infrastructure-Service-Requests/Berth-Lines/9r7y-tdse,rv-y2eh.yev7.gxeb,row-wvk3_6dnp_epcr,1a25b669aa42ac7d53f37ab17c83986be0cf73093cf1b8de0a5a02c95861bc96,2026-08-26T22:03:17+00:00,,,true
USLAX_BERTH_6d9b7d4ff96841d2bf430a6a,USLAX,Port of Los Angeles,USLAX_BERTH_6d9b7d4ff96841d2bf430a6a,Berth proximity: B 269,berth_line,B 269,"MULTILINESTRING ((-118.264970389909 33.734604394171, -118.263463768275 33.734607435230, -118.263420144414 33.734591359597))",City of Los Angeles Open Data: Berth Lines,https://data.lacity.org/City-Infrastructure-Service-Requests/Berth-Lines/9r7y-tdse,rv-4jv8.ek7z_dzki,row-c5hz-ad8s-7e9g,1a25b669aa42ac7d53f37ab17c83986be0cf73093cf1b8de0a5a02c95861bc96,2026-08-26T22:03:17+00:00,,,true
USLAX_BERTH_a8aa8c52f49212448e0aad96,USLAX,Port of Los Angeles,USLAX_BERTH_a8aa8c52f49212448e0aad96,Berth proximity: B 213,berth_line,B 213,"MULTILINESTRING ((-118.256208330048 33.760113071152, -118.257805635614 33.759562237624))",City of Los Angeles Open Data: Berth Lines,https://data.lacity.org/City-Infrastructure-Service-Requests/Berth-Lines/9r7y-tdse,rv-565k.tmr3-cbx3,row-fd2v.de9i_ifqt,1a25b669aa42ac7d53f37ab17c83986be0cf73093cf1b8de0a5a02c95861bc96,2026-08-26T22:03:17+00:00,,,true
USLAX_BERTH_d2b80dc13a58a95d8c4b91ce,USLAX,Port of Los Angeles,USLAX_BERTH_d2b80dc13a58a95d8c4b91ce,Berth proximity: B 212,berth_line,B 212,"MULTILINESTRING ((-118.254573424643 33.760697142044, -118.256208333701 33.760114268344))",City of Los Angeles Open Data: Berth Lines,https://data.lacity.org/City-Infrastructure-Service-Requests/Berth-Lines/9r7y-tdse,rv-8zd4.kuue-42ca,row-mysh~fe8x-mjum,1a25b669aa42ac7d53f37ab17c83986be0cf73093cf1b8de0a5a02c95861bc96,2026-08-26T22:03:17+00:00,,,true
USLAX_BERTH_f2d044b7edca57134177f63f,USLAX,Port of Los Angeles,USLAX_BERTH_f2d044b7edca57134177f63f,Berth proximity: B 202,berth_line,B 202,"MULTILINESTRING ((-118.248725663060 33.766087376956, -118.248841250519 33.766186447071, -118.249117322192 33.766424576833, -118.249226732416 33.766518692971, -118.249370697787 33.766643916922, -118.249696133990 33.766924766449, -118.249855191405 33.767062797775, -118.250108567267 33.767285642297, -118.250181050922 33.767345877264, -118.250298587039 33.767448231551, -118.250403360749 33.767508399229, -118.250527810117 33.767574976142, -118.250606538674 33.767610575005, -118.250646607766 33.767629251919, -118.250672594820 33.767633888336, -118.250691537885 33.767630331201, -118.250705543580 33.767619163011, -118.250720912654 33.767593921263, -118.250725062191 33.767573392524, -118.250710148280 33.767515382790, -118.250678891276 33.767391744057, -118.250676650529 33.767346604877, -118.250737472528 33.767262640768, -118.250785778529 33.767219156016, -118.250891491637 33.767123373286, -118.250976198389 33.767045808643, -118.251165301926 33.766901776205, -118.251194690271 33.766870056664, -118.251200946668 33.766849523513, -118.251201558815 33.766819621966, -118.251182459835 33.766771001208, -118.251164859908 33.766754036426, -118.251140286856 33.766752914844, -118.250979681116 33.766801910492, -118.250788216923 33.766860351308, -118.250591132779 33.766917630662, -118.250500660910 33.766945373550, -118.250471195314 33.766951297372, -118.250443128782 33.766955459437, -118.250422079924 33.766959020914, -118.250402414396 33.766955544152, -118.250374286663 33.766939187137, -118.250323628853 33.766900598947, -118.250258188690 33.766847969859, -118.250190618886 33.766787723827, -118.250138523079 33.766737412654, -118.250094157086 33.766690017096, -118.250075838314 33.766667190250, -118.250051134334 33.766622098639, -118.249999550024 33.766507882153, -118.249948004257 33.766406563421, -118.249897992065 33.766348626484, -118.249823183726 33.766214524938, -118.249742701279 33.766060501913), (-118.249169762668 33.768577304848, -118.248888738996 33.768250747556, -118.248709960496 33.768022279572, -118.248522911268 33.767776665526, -118.248421144716 33.767646438432, -118.248203880905 33.767374569488, -118.248079155172 33.767216302121))",City of Los Angeles Open Data: Berth Lines,https://data.lacity.org/City-Infrastructure-Service-Requests/Berth-Lines/9r7y-tdse,rv-4teb~95hb-bxxz,row-reas_u4v6-4ubb,1a25b669aa42ac7d53f37ab17c83986be0cf73093cf1b8de0a5a02c95861bc96,2026-08-26T22:03:17+00:00,,,true
USLAX_BERTH_33bba36ec3483c023733d28e,USLAX,Port of Los Angeles,USLAX_BERTH_33bba36ec3483c023733d28e,Berth proximity: B 204,berth_line,B 204,"MULTILINESTRING ((-118.250432874332 33.765281243507, -118.250439526439 33.765277549716, -118.250456293126 33.765250546261, -118.250463212039 33.765216527944, -118.250452554901 33.765173752009, -118.250423292097 33.765080637711, -118.250303647579 33.764823608417, -118.250068851006 33.764390726214, -118.250059402403 33.764373087142, -118.250042430041 33.764351676473, -118.250020829094 33.764341076364, -118.249993362603 33.764336220212, -118.249927799763 33.764357664384, -118.249849335542 33.764387639214, -118.249631225732 33.764454340807, -118.249439087000 33.764520402201, -118.249418036967 33.764523376624, -118.249385755965 33.764526375219, -118.249225035111 33.764535502346, -118.249176603476 33.764536774588, -118.249161867575 33.764538563935, -118.249068579891 33.764562794796, -118.248974634679 33.764602269613, -118.248740454623 33.764694798536, -118.248634552205 33.764726090486, -118.248526586135 33.764772042393, -118.248355420298 33.764809917325, -118.248239710581 33.764848263619, -118.248070712710 33.764907239740, -118.247925585484 33.764967339311, -118.247832321846 33.765000362456, -118.247688581924 33.765055181466, -118.247583409654 33.765096437141, -118.247516095544 33.765121785321, -118.247459287730 33.765138904549, -118.247424919537 33.765148355383, -118.247409515365 33.765161871782, -118.247400436849 33.765177719993, -118.247398419070 33.765207623499, -118.247317683228 33.765204271758, -118.247269255716 33.765206716985, -118.247236979552 33.765211472930, -118.247070744607 33.765255785280, -118.247023037637 33.765264677403, -118.247004093224 33.765267647082, -118.246923370906 33.765321752553), (-118.247473378059 33.766457796533, -118.247469063917 33.766440679485, -118.247469021068 33.766426143683, -118.247481201362 33.766403508856, -118.247500488642 33.766386780507, -118.247513987381 33.766373833257, -118.247603445830 33.766327352383, -118.247714152688 33.766273291116, -118.247807482109 33.766228416721, -118.247840296553 33.766208431268, -118.247860226022 33.766190625140, -118.247866617096 33.766172307791, -118.247867840227 33.766149695491, -118.247858101004 33.766126029369, -118.247837378832 33.766093232869, -118.247768225049 33.766030928807, -118.247695152538 33.765950866785, -118.247666030448 33.765911090051, -118.247647251648 33.765882058718, -118.247632373186 33.765863786048, -118.247616192147 33.765841209560, -118.247604538879 33.765824006650, -118.247581208035 33.765780987884, -118.247559129504 33.765725584349, -118.247544242072 33.765704619789, -118.247505342979 33.765628256560, -118.247485890825 33.765588998097, -118.247488387483 33.765561537587, -118.247518573863 33.765524868942, -118.247535280166 33.765507069498, -118.247545547746 33.765491436093, -118.247568048352 33.765471471929, -118.247679376267 33.765409872828, -118.247743094114 33.765377979811, -118.247777852553 33.765361757769, -118.247804911011 33.765357395563, -118.247832641959 33.765362183157, -118.247872650414 33.765377713050, -118.247945014597 33.765436242135, -118.248098817922 33.765570509255, -118.248266811333 33.765707977009, -118.248441237124 33.765840585657, -118.248593751583 33.765974315716, -118.248725663060 33.766087376956))",City of Los Angeles Open Data: Berth Lines,https://data.lacity.org/City-Infrastructure-Service-Requests/Berth-Lines/9r7y-tdse,rv-qys2.ygzy_8wg3,row-v82t-ux78~sxpa,1a25b669aa42ac7d53f37ab17c83986be0cf73093cf1b8de0a5a02c95861bc96,2026-08-26T22:03:17+00:00,,,true
USLAX_BERTH_df5a534db8f83d4ce58f6a99,USLAX,Port of Los Angeles,USLAX_BERTH_df5a534db8f83d4ce58f6a99,Berth proximity: B 205B,berth_line,B 205B,"MULTILINESTRING ((-118.246923370906 33.765321752553, -118.246904060378 33.765278784009, -118.246586280679 33.765373041627, -118.246613738609 33.765439605781, -118.246563292831 33.765453201984, -118.246534820750 33.765384953178, -118.246158523282 33.765494508185, -118.246125190012 33.765490360013, -118.246090163206 33.765515683733, -118.246099182323 33.765549804433, -118.246096983228 33.765560361963, -118.245970040709 33.765610278241, -118.245765129216 33.765683321304, -118.245527477068 33.765742774798, -118.245124929919 33.765836082689, -118.245024785861 33.765854180613))",City of Los Angeles Open Data: Berth Lines,https://data.lacity.org/City-Infrastructure-Service-Requests/Berth-Lines/9r7y-tdse,rv-ahe4.vhgp_f4gs,row-t9zp~998m~p5ge,1a25b669aa42ac7d53f37ab17c83986be0cf73093cf1b8de0a5a02c95861bc96,2026-08-26T22:03:17+00:00,,,true
USLAX_BERTH_8af3462666d54d2ffb28fbae,USLAX,Port of Los Angeles,USLAX_BERTH_8af3462666d54d2ffb28fbae,Berth proximity: B 205C,berth_line,B 205C,"MULTILINESTRING ((-118.245024785861 33.765854180613, -118.244953064662 33.765868945436, -118.244928514820 33.765878990400, -118.244912814864 33.765895271100, -118.244796787440 33.765940834895, -118.244746366128 33.765955251559, -118.244663592270 33.765976890133, -118.244623646658 33.765992080578, -118.244577981888 33.766004896345, -118.244514242556 33.766023316520, -118.244474280683 33.766032940146, -118.244451477301 33.766049685969, -118.244064178766 33.766126017329, -118.243740817407 33.766180821621))",City of Los Angeles Open Data: Berth Lines,https://data.lacity.org/City-Infrastructure-Service-Requests/Berth-Lines/9r7y-tdse,rv-5ujj_d3mb~i3hr,row-fmuk~8n6c.mpbb,1a25b669aa42ac7d53f37ab17c83986be0cf73093cf1b8de0a5a02c95861bc96,2026-08-26T22:03:17+00:00,,,true
USLAX_BERTH_f81ac5d92b231b26adc8e5ac,USLAX,Port of Los Angeles,USLAX_BERTH_f81ac5d92b231b26adc8e5ac,Berth proximity: B 205D,berth_line,B 205D,"MULTILINESTRING ((-118.243740817407 33.766180821621, -118.243291381197 33.766270136308, -118.243298364409 33.766292657145, -118.243261033592 33.766302555418, -118.243150902916 33.766327352129, -118.243049122151 33.766341213734, -118.242887186715 33.766370714296, -118.242835962678 33.766390680551, -118.242794384225 33.766405040691, -118.242706025620 33.766433772319, -118.242603523544 33.766455083247, -118.242492100483 33.766475791826, -118.242159348118 33.766547843982, -118.242088791282 33.766564745832, -118.242034567401 33.766575407022, -118.241837003184 33.766621116583, -118.241811016616 33.766629859318, -118.241788773972 33.766648525521, -118.241756265236 33.766715628642, -118.241728819798 33.766734305285, -118.241633891073 33.766804636712, -118.241541176889 33.766869998124, -118.241473658422 33.766909860291, -118.241381636660 33.766957840049, -118.241334850632 33.766970348519, -118.241296942375 33.766969183153, -118.241276867156 33.766966119513, -118.241259745725 33.766956843078, -118.241234357150 33.766915305677, -118.241214937190 33.766881825692, -118.241179869011 33.766834100808, -118.241150048210 33.766801883029, -118.241128444602 33.766784546173, -118.241100174363 33.766774670913, -118.241068216238 33.766774734930, -118.241027363891 33.766783507272, -118.240896697613 33.766832185181, -118.240711925098 33.766933111600, -118.240657031124 33.766969223034, -118.240598405368 33.767000375505, -118.240554613251 33.767020326833, -118.240510789800 33.767029725174, -118.240466969196 33.767039743730))",City of Los Angeles Open Data: Berth Lines,https://data.lacity.org/City-Infrastructure-Service-Requests/Berth-Lines/9r7y-tdse,rv-yq76~dx8d.squ9,row-3dya_gpfx-35wi,1a25b669aa42ac7d53f37ab17c83986be0cf73093cf1b8de0a5a02c95861bc96,2026-08-26T22:03:17+00:00,,,true
USLAX_BERTH_6d750172d2a7b34db23b22bc,USLAX,Port of Los Angeles,USLAX_BERTH_6d750172d2a7b34db23b22bc,Berth proximity: B 206,berth_line,B 206,"MULTILINESTRING ((-118.245296971737 33.763672322824, -118.245425565493 33.763908978256, -118.247117494980 33.763318737450))",City of Los Angeles Open Data: Berth Lines,https://data.lacity.org/City-Infrastructure-Service-Requests/Berth-Lines/9r7y-tdse,rv-cr27.8j3h~wmwy,row-5jvt_9ntu_cq2n,1a25b669aa42ac7d53f37ab17c83986be0cf73093cf1b8de0a5a02c95861bc96,2026-08-26T22:03:17+00:00,,,true
USLAX_BERTH_4c6bb93ab3b480c5dff25176,USLAX,Port of Los Angeles,USLAX_BERTH_4c6bb93ab3b480c5dff25176,Berth proximity: B 207,berth_line,B 207,"MULTILINESTRING ((-118.247117494980 33.763318737450, -118.248633634123 33.762785517450))",City of Los Angeles Open Data: Berth Lines,https://data.lacity.org/City-Infrastructure-Service-Requests/Berth-Lines/9r7y-tdse,rv-3nxn-trjx_6e4q,row-rmtu~vit9.tmrv,1a25b669aa42ac7d53f37ab17c83986be0cf73093cf1b8de0a5a02c95861bc96,2026-08-26T22:03:17+00:00,,,true
USLAX_BERTH_99a342ad045c02ba03578d8b,USLAX,Port of Los Angeles,USLAX_BERTH_99a342ad045c02ba03578d8b,Berth proximity: B 208,berth_line,B 208,"MULTILINESTRING ((-118.248633634123 33.762785517450, -118.250149754009 33.762252279290))",City of Los Angeles Open Data: Berth Lines,https://data.lacity.org/City-Infrastructure-Service-Requests/Berth-Lines/9r7y-tdse,rv-zruj-6ft2_qkg7,row-egbe-f9at-xhty,1a25b669aa42ac7d53f37ab17c83986be0cf73093cf1b8de0a5a02c95861bc96,2026-08-26T22:03:17+00:00,,,true
USLAX_BERTH_315dacb8f2b4ca6fbd0a685d,USLAX,Port of Los Angeles,USLAX_BERTH_315dacb8f2b4ca6fbd0a685d,Berth proximity: B 209,berth_line,B 209,"MULTILINESTRING ((-118.250149754009 33.762252279290, -118.251665855712 33.761719021166))",City of Los Angeles Open Data: Berth Lines,https://data.lacity.org/City-Infrastructure-Service-Requests/Berth-Lines/9r7y-tdse,rv-ucwb-6wni_n4r9,row-3xs7~48ca.233h,1a25b669aa42ac7d53f37ab17c83986be0cf73093cf1b8de0a5a02c95861bc96,2026-08-26T22:03:17+00:00,,,true
USLAX_BERTH_8298972a9146a8b7ce5d63ba,USLAX,Port of Los Angeles,USLAX_BERTH_8298972a9146a8b7ce5d63ba,Berth proximity: B 210,berth_line,B 210,"MULTILINESTRING ((-118.251665855712 33.761719021166, -118.253181937076 33.761185743983))",City of Los Angeles Open Data: Berth Lines,https://data.lacity.org/City-Infrastructure-Service-Requests/Berth-Lines/9r7y-tdse,rv-qjw7-52ga~divx,row-ewm2~5vqu-5krk,1a25b669aa42ac7d53f37ab17c83986be0cf73093cf1b8de0a5a02c95861bc96,2026-08-26T22:03:17+00:00,,,true
USLAX_BERTH_3a8d196e76d6192e24c558a9,USLAX,Port of Los Angeles,USLAX_BERTH_3a8d196e76d6192e24c558a9,Berth proximity: B 211,berth_line,B 211,"MULTILINESTRING ((-118.253181937076 33.761185743983, -118.253564274158 33.761053301120, -118.253487209889 33.760898095233, -118.254416309805 33.760573648855, -118.254494922535 33.760723627544, -118.254573424643 33.760697142044))",City of Los Angeles Open Data: Berth Lines,https://data.lacity.org/City-Infrastructure-Service-Requests/Berth-Lines/9r7y-tdse,rv-xwa4-jdtj_ywbn,row-ppzx-pbq3.buuh,1a25b669aa42ac7d53f37ab17c83986be0cf73093cf1b8de0a5a02c95861bc96,2026-08-26T22:03:17+00:00,,,true
USLAX_BERTH_41c9b21d93e701b2dfb8a164,USLAX,Port of Los Angeles,USLAX_BERTH_41c9b21d93e701b2dfb8a164,Berth proximity: B 215,berth_line,B 215,"MULTILINESTRING ((-118.258577216310 33.758738819112, -118.259487167783 33.757765843248))",City of Los Angeles Open Data: Berth Lines,https://data.lacity.org/City-Infrastructure-Service-Requests/Berth-Lines/9r7y-tdse,rv-jsiy~vdzc-mymm,row-4aut.5xq7-k8xb,1a25b669aa42ac7d53f37ab17c83986be0cf73093cf1b8de0a5a02c95861bc96,2026-08-26T22:03:17+00:00,,,true
USLAX_BERTH_07254125d56fa727c9a05a96,USLAX,Port of Los Angeles,USLAX_BERTH_07254125d56fa727c9a05a96,Berth proximity: B 216,berth_line,B 216,"MULTILINESTRING ((-118.259487167783 33.757765843248, -118.260698040982 33.756471058524))",City of Los Angeles Open Data: Berth Lines,https://data.lacity.org/City-Infrastructure-Service-Requests/Berth-Lines/9r7y-tdse,rv-efeh_ikvw.fpy4,row-urwi-7a9t-p65b,1a25b669aa42ac7d53f37ab17c83986be0cf73093cf1b8de0a5a02c95861bc96,2026-08-26T22:03:17+00:00,,,true
USLAX_BERTH_4e2a7003dbcfa30bd0aaea38,USLAX,Port of Los Angeles,USLAX_BERTH_4e2a7003dbcfa30bd0aaea38,Berth proximity: B 217,berth_line,B 217,"MULTILINESTRING ((-118.260698040982 33.756471058524, -118.261435401365 33.755682573486))",City of Los Angeles Open Data: Berth Lines,https://data.lacity.org/City-Infrastructure-Service-Requests/Berth-Lines/9r7y-tdse,rv-7qks.fedw.4fru,row-375f_qpk7.fsmg,1a25b669aa42ac7d53f37ab17c83986be0cf73093cf1b8de0a5a02c95861bc96,2026-08-26T22:03:17+00:00,,,true
USLAX_BERTH_202f5b1ac91299d885be2c9c,USLAX,Port of Los Angeles,USLAX_BERTH_202f5b1ac91299d885be2c9c,Berth proximity: B 218,berth_line,B 218,"MULTILINESTRING ((-118.261434449105 33.755683504105, -118.262579283646 33.754661585570))",City of Los Angeles Open Data: Berth Lines,https://data.lacity.org/City-Infrastructure-Service-Requests/Berth-Lines/9r7y-tdse,rv-ijkt.a7b6-qrbq,row-qwz5.vztp-kkuj,1a25b669aa42ac7d53f37ab17c83986be0cf73093cf1b8de0a5a02c95861bc96,2026-08-26T22:03:17+00:00,,,true
USLAX_BERTH_3a66269dd89826f45117c512,USLAX,Port of Los Angeles,USLAX_BERTH_3a66269dd89826f45117c512,Berth proximity: B 219,berth_line,B 219,"MULTILINESTRING ((-118.263692397446 33.753667948265, -118.262579283646 33.754661585570))",City of Los Angeles Open Data: Berth Lines,https://data.lacity.org/City-Infrastructure-Service-Requests/Berth-Lines/9r7y-tdse,rv-f8z3_sq5v~naax,row-29ft_pmmr_uweq,1a25b669aa42ac7d53f37ab17c83986be0cf73093cf1b8de0a5a02c95861bc96,2026-08-26T22:03:17+00:00,,,true
USLAX_BERTH_32ae76ef0a8aa24086a133b5,USLAX,Port of Los Angeles,USLAX_BERTH_32ae76ef0a8aa24086a133b5,Berth proximity: B 220,berth_line,B 220,"MULTILINESTRING ((-118.263692397446 33.753667948265, -118.264726139343 33.752745132652))",City of Los Angeles Open Data: Berth Lines,https://data.lacity.org/City-Infrastructure-Service-Requests/Berth-Lines/9r7y-tdse,rv-yum8-xcby-yy7f,row-dvw6-ba59~gnif,1a25b669aa42ac7d53f37ab17c83986be0cf73093cf1b8de0a5a02c95861bc96,2026-08-26T22:03:17+00:00,,,true
USLAX_BERTH_5a0f02540c245634c9f4af2a,USLAX,Port of Los Angeles,USLAX_BERTH_5a0f02540c245634c9f4af2a,Berth proximity: B 221,berth_line,B 221,"MULTILINESTRING ((-118.264726139343 33.752745132652, -118.266128028519 33.751493628920))",City of Los Angeles Open Data: Berth Lines,https://data.lacity.org/City-Infrastructure-Service-Requests/Berth-Lines/9r7y-tdse,rv-qd2x~xcy3.nhm4,row-z7bv.9cmh.ifke,1a25b669aa42ac7d53f37ab17c83986be0cf73093cf1b8de0a5a02c95861bc96,2026-08-26T22:03:17+00:00,,,true
USLAX_BERTH_671794a7954f916f48c1c6b4,USLAX,Port of Los Angeles,USLAX_BERTH_671794a7954f916f48c1c6b4,Berth proximity: B 222,berth_line,B 222,"MULTILINESTRING ((-118.266126901474 33.751494543736, -118.267223514668 33.750686113885))",City of Los Angeles Open Data: Berth Lines,https://data.lacity.org/City-Infrastructure-Service-Requests/Berth-Lines/9r7y-tdse,rv-dx5b~9wys-q5ra,row-bybc-3vtu-y9gr,1a25b669aa42ac7d53f37ab17c83986be0cf73093cf1b8de0a5a02c95861bc96,2026-08-26T22:03:17+00:00,,,true
USLAX_BERTH_1a89e7cb08caf75324282d26,USLAX,Port of Los Angeles,USLAX_BERTH_1a89e7cb08caf75324282d26,Berth proximity: B 223,berth_line,B 223,"MULTILINESTRING ((-118.267223514668 33.750686113885, -118.268466612575 33.749769663495))",City of Los Angeles Open Data: Berth Lines,https://data.lacity.org/City-Infrastructure-Service-Requests/Berth-Lines/9r7y-tdse,rv-pdn7.bmea-it7f,row-b84h~34hx_yk3g,1a25b669aa42ac7d53f37ab17c83986be0cf73093cf1b8de0a5a02c95861bc96,2026-08-26T22:03:17+00:00,,,true
USLAX_BERTH_3a89cdf6e773a5aab3250217,USLAX,Port of Los Angeles,USLAX_BERTH_3a89cdf6e773a5aab3250217,Berth proximity: B 224,berth_line,B 224,"MULTILINESTRING ((-118.268466612575 33.749769663495, -118.269440846195 33.749051405307))",City of Los Angeles Open Data: Berth Lines,https://data.lacity.org/City-Infrastructure-Service-Requests/Berth-Lines/9r7y-tdse,rv-rd6c.5xa4~nzjm,row-t2tu.tiv6~dkkb,1a25b669aa42ac7d53f37ab17c83986be0cf73093cf1b8de0a5a02c95861bc96,2026-08-26T22:03:17+00:00,,,true
USLAX_BERTH_a9ab168d7f9c4aa1b086783a,USLAX,Port of Los Angeles,USLAX_BERTH_a9ab168d7f9c4aa1b086783a,Berth proximity: B 225,berth_line,B 225,"MULTILINESTRING ((-118.269440846195 33.749051405307, -118.270006634413 33.748634265680))",City of Los Angeles Open Data: Berth Lines,https://data.lacity.org/City-Infrastructure-Service-Requests/Berth-Lines/9r7y-tdse,rv-bcsk~c4es_s52g,row-czgj-32pf-4qgm,1a25b669aa42ac7d53f37ab17c83986be0cf73093cf1b8de0a5a02c95861bc96,2026-08-26T22:03:17+00:00,,,true
USLAX_BERTH_d4b596c03a2ede15a4c98f7e,USLAX,Port of Los Angeles,USLAX_BERTH_d4b596c03a2ede15a4c98f7e,Berth proximity: B 226,berth_line,B 226,"MULTILINESTRING ((-118.270006634413 33.748634265680, -118.270010448989 33.748630131834, -118.270457674243 33.747886406544))",City of Los Angeles Open Data: Berth Lines,https://data.lacity.org/City-Infrastructure-Service-Requests/Berth-Lines/9r7y-tdse,rv-nvsk_cws5_8ddi,row-xctu~bg9q.qt7m,1a25b669aa42ac7d53f37ab17c83986be0cf73093cf1b8de0a5a02c95861bc96,2026-08-26T22:03:17+00:00,,,true
USLAX_BERTH_214eceb26a061898f20295b4,USLAX,Port of Los Angeles,USLAX_BERTH_214eceb26a061898f20295b4,Berth proximity: B 227,berth_line,B 227,"MULTILINESTRING ((-118.270457674243 33.747886406544, -118.270825569928 33.747274594199))",City of Los Angeles Open Data: Berth Lines,https://data.lacity.org/City-Infrastructure-Service-Requests/Berth-Lines/9r7y-tdse,rv-6dui_vpjg_85jc,row-5njm_5xud_9dwb,1a25b669aa42ac7d53f37ab17c83986be0cf73093cf1b8de0a5a02c95861bc96,2026-08-26T22:03:17+00:00,,,true
USLAX_BERTH_6a73f2a1ae8a806edbbe46a3,USLAX,Port of Los Angeles,USLAX_BERTH_6a73f2a1ae8a806edbbe46a3,Berth proximity: B 228,berth_line,B 228,"MULTILINESTRING ((-118.270825569928 33.747274594199, -118.271539449349 33.746087378790))",City of Los Angeles Open Data: Berth Lines,https://data.lacity.org/City-Infrastructure-Service-Requests/Berth-Lines/9r7y-tdse,rv-uux4_7r4m-bfw6,row-2s4h.jc7s_esgh,1a25b669aa42ac7d53f37ab17c83986be0cf73093cf1b8de0a5a02c95861bc96,2026-08-26T22:03:17+00:00,,,true
USLAX_BERTH_db69527c6a3045bc9aebf53b,USLAX,Port of Los Angeles,USLAX_BERTH_db69527c6a3045bc9aebf53b,Berth proximity: B 229,berth_line,B 229,"MULTILINESTRING ((-118.271539449349 33.746087378790, -118.272668585057 33.744209496959))",City of Los Angeles Open Data: Berth Lines,https://data.lacity.org/City-Infrastructure-Service-Requests/Berth-Lines/9r7y-tdse,rv-kfqq-2jrr.k5di,row-gynh-taep~wswi,1a25b669aa42ac7d53f37ab17c83986be0cf73093cf1b8de0a5a02c95861bc96,2026-08-26T22:03:17+00:00,,,true
USLAX_BERTH_1c7f81609f5831ed41443357,USLAX,Port of Los Angeles,USLAX_BERTH_1c7f81609f5831ed41443357,Berth proximity: B 230,berth_line,B 230,"MULTILINESTRING ((-118.272668585057 33.744209496959, -118.273405163123 33.742984432889))",City of Los Angeles Open Data: Berth Lines,https://data.lacity.org/City-Infrastructure-Service-Requests/Berth-Lines/9r7y-tdse,rv-6kyv~t2at-usiv,row-2dh9.mtzu.kfu3,1a25b669aa42ac7d53f37ab17c83986be0cf73093cf1b8de0a5a02c95861bc96,2026-08-26T22:03:17+00:00,,,true
USLAX_BERTH_aace9150ee70e98a0d7a5afc,USLAX,Port of Los Angeles,USLAX_BERTH_aace9150ee70e98a0d7a5afc,Berth proximity: B 231,berth_line,B 231,"MULTILINESTRING ((-118.273405163123 33.742984432889, -118.274780612510 33.740696702654))",City of Los Angeles Open Data: Berth Lines,https://data.lacity.org/City-Infrastructure-Service-Requests/Berth-Lines/9r7y-tdse,rv-x25p_273x-y9a8,row-vhs3-4xvj.382b,1a25b669aa42ac7d53f37ab17c83986be0cf73093cf1b8de0a5a02c95861bc96,2026-08-26T22:03:17+00:00,,,true
USLAX_BERTH_560f7cf93652c334ad3ec100,USLAX,Port of Los Angeles,USLAX_BERTH_560f7cf93652c334ad3ec100,Berth proximity: B 232,berth_line,B 232,"MULTILINESTRING ((-118.274780612510 33.740696702654, -118.274782320760 33.740689795937, -118.274744859840 33.740128274343))",City of Los Angeles Open Data: Berth Lines,https://data.lacity.org/City-Infrastructure-Service-Requests/Berth-Lines/9r7y-tdse,rv-fjpt_zmgr-ehen,row-jhjw_ezp9~4adv,1a25b669aa42ac7d53f37ab17c83986be0cf73093cf1b8de0a5a02c95861bc96,2026-08-26T22:03:17+00:00,,,true
USLAX_BERTH_980b21890a9e5d72faefdcfd,USLAX,Port of Los Angeles,USLAX_BERTH_980b21890a9e5d72faefdcfd,Berth proximity: B 233,berth_line,B 233,"MULTILINESTRING ((-118.274744859840 33.740128274343, -118.274673040981 33.739073929571))",City of Los Angeles Open Data: Berth Lines,https://data.lacity.org/City-Infrastructure-Service-Requests/Berth-Lines/9r7y-tdse,rv-www7-ruea.wub7,row-au3b_cggp~q62y,1a25b669aa42ac7d53f37ab17c83986be0cf73093cf1b8de0a5a02c95861bc96,2026-08-26T22:03:17+00:00,,,true
USLAX_BERTH_c0758a2e18fd0028e37e996e,USLAX,Port of Los Angeles,USLAX_BERTH_c0758a2e18fd0028e37e996e,Berth proximity: B 234,berth_line,B 234,"MULTILINESTRING ((-118.274673040981 33.739073929571, -118.274626883322 33.738396283613))",City of Los Angeles Open Data: Berth Lines,https://data.lacity.org/City-Infrastructure-Service-Requests/Berth-Lines/9r7y-tdse,rv-9tsq.dqcz-y9nu,row-tg7n_hxg3~uxtm,1a25b669aa42ac7d53f37ab17c83986be0cf73093cf1b8de0a5a02c95861bc96,2026-08-26T22:03:17+00:00,,,true
USLAX_BERTH_3830af6d4ccf411b512c8a87,USLAX,Port of Los Angeles,USLAX_BERTH_3830af6d4ccf411b512c8a87,Berth proximity: B 235,berth_line,B 235,"MULTILINESTRING ((-118.274626883322 33.738396283613, -118.274539707077 33.737116438661))",City of Los Angeles Open Data: Berth Lines,https://data.lacity.org/City-Infrastructure-Service-Requests/Berth-Lines/9r7y-tdse,rv-2a7z.9fdp.35bm,row-2ipu_i4rv~h358,1a25b669aa42ac7d53f37ab17c83986be0cf73093cf1b8de0a5a02c95861bc96,2026-08-26T22:03:17+00:00,,,true
USLAX_BERTH_5f6a0f01b9a0343d86845568,USLAX,Port of Los Angeles,USLAX_BERTH_5f6a0f01b9a0343d86845568,Berth proximity: B 236,berth_line,B 236,"MULTILINESTRING ((-118.274539707077 33.737116438661, -118.274455845371 33.735952264518, -118.274244601130 33.735962906174))",City of Los Angeles Open Data: Berth Lines,https://data.lacity.org/City-Infrastructure-Service-Requests/Berth-Lines/9r7y-tdse,rv-7m2q-hitf-2dyr,row-zaud-wwfs_w7cj,1a25b669aa42ac7d53f37ab17c83986be0cf73093cf1b8de0a5a02c95861bc96,2026-08-26T22:03:17+00:00,,,true
USLAX_BERTH_cbeeed6f06a98a64c5887996,USLAX,Port of Los Angeles,USLAX_BERTH_cbeeed6f06a98a64c5887996,Berth proximity: B 237,berth_line,B 237,"MULTILINESTRING ((-118.273716772270 33.735043123530, -118.274244601130 33.735962906174))",City of Los Angeles Open Data: Berth Lines,https://data.lacity.org/City-Infrastructure-Service-Requests/Berth-Lines/9r7y-tdse,rv-qyvf_i2hz_zs22,row-yesw_u7dk.rccc,1a25b669aa42ac7d53f37ab17c83986be0cf73093cf1b8de0a5a02c95861bc96,2026-08-26T22:03:17+00:00,,,true
USLAX_BERTH_513b834b42d75e822e872fe6,USLAX,Port of Los Angeles,USLAX_BERTH_513b834b42d75e822e872fe6,Berth proximity: B 238,berth_line,B 238,"MULTILINESTRING ((-118.273716772270 33.735043123530, -118.273368499390 33.734438619181, -118.273533506659 33.734373933608, -118.273202069471 33.733801715757, -118.273047476255 33.733865344114, -118.272711861261 33.733286181156))",City of Los Angeles Open Data: Berth Lines,https://data.lacity.org/City-Infrastructure-Service-Requests/Berth-Lines/9r7y-tdse,rv-bye2~m4tu.u23e,row-s54y-urs7-w3qr,1a25b669aa42ac7d53f37ab17c83986be0cf73093cf1b8de0a5a02c95861bc96,2026-08-26T22:03:17+00:00,,,true
USLAX_BERTH_bea75663cc6c26a868cd5c05,USLAX,Port of Los Angeles,USLAX_BERTH_bea75663cc6c26a868cd5c05,Berth proximity: B 239,berth_line,B 239,"MULTILINESTRING ((-118.272711861261 33.733286181156, -118.272869025641 33.733223780658, -118.272535854399 33.732655375672, -118.272518874176 33.732661262186, -118.272403376036 33.732713206915, -118.272352293508 33.732631580608, -118.272328932455 33.732594956752, -118.272324079404 33.732589027736, -118.272317101703 33.732585716986, -118.272310557515 33.732584662616, -118.272297758998 33.732584098396, -118.272289659931 33.732586017095, -118.272277443893 33.732589727382, -118.272265655128 33.732593436701))",City of Los Angeles Open Data: Berth Lines,https://data.lacity.org/City-Infrastructure-Service-Requests/Berth-Lines/9r7y-tdse,rv-2t3b-8zxb.pb77,row-j3qr-kpm2_q8jb,1a25b669aa42ac7d53f37ab17c83986be0cf73093cf1b8de0a5a02c95861bc96,2026-08-26T22:03:17+00:00,,,true
USLAX_BERTH_a28172f9f5d325fa5aad683a,USLAX,Port of Los Angeles,USLAX_BERTH_a28172f9f5d325fa5aad683a,Berth proximity: B 240A,berth_line,B 240A,"MULTILINESTRING ((-118.272265655128 33.732593436701, -118.272247741052 33.732593834237, -118.272230462463 33.732602876645, -118.272223465353 33.732629194723, -118.272143340532 33.733161339283))",City of Los Angeles Open Data: Berth Lines,https://data.lacity.org/City-Infrastructure-Service-Requests/Berth-Lines/9r7y-tdse,rv-nnfc~jkgg-ujs4,row-bbn7-i6qi-8kza,1a25b669aa42ac7d53f37ab17c83986be0cf73093cf1b8de0a5a02c95861bc96,2026-08-26T22:03:17+00:00,,,true
USLAX_BERTH_23bc2f7c48e39e4e27e28854,USLAX,Port of Los Angeles,USLAX_BERTH_23bc2f7c48e39e4e27e28854,Berth proximity: B 240B,berth_line,B 240B,"MULTILINESTRING ((-118.272143340532 33.733161339283, -118.271893432888 33.733132211540, -118.271792197149 33.733761371064, -118.272045869946 33.733784436918, -118.271885631896 33.734784672334))",City of Los Angeles Open Data: Berth Lines,https://data.lacity.org/City-Infrastructure-Service-Requests/Berth-Lines/9r7y-tdse,rv-ng3c_36sj.dh9t,row-pztw.q9zn-9ygf,1a25b669aa42ac7d53f37ab17c83986be0cf73093cf1b8de0a5a02c95861bc96,2026-08-26T22:03:17+00:00,,,true
USLAX_BERTH_56c957af237710a073e3edb1,USLAX,Port of Los Angeles,USLAX_BERTH_56c957af237710a073e3edb1,Berth proximity: B 240C,berth_line,B 240C,"MULTILINESTRING ((-118.271885631896 33.734784672334, -118.271631527123 33.734760743468, -118.271532614261 33.735399051530, -118.271797116420 33.735424724971, -118.271667373567 33.736169915656, -118.271657468526 33.736185385280, -118.271646140254 33.736200857214, -118.271629104185 33.736210402030))",City of Los Angeles Open Data: Berth Lines,https://data.lacity.org/City-Infrastructure-Service-Requests/Berth-Lines/9r7y-tdse,rv-whsv.6j4u_wygj,row-z2cg_8t68~nkxx,1a25b669aa42ac7d53f37ab17c83986be0cf73093cf1b8de0a5a02c95861bc96,2026-08-26T22:03:17+00:00,,,true
USLAX_BERTH_97c11c7b009b07a21f98a6d5,USLAX,Port of Los Angeles,USLAX_BERTH_97c11c7b009b07a21f98a6d5,Berth proximity: B 240X,berth_line,B 240X,"MULTILINESTRING ((-118.270446047796 33.735303686779, -118.270469766648 33.735118406131, -118.270526549943 33.735121522971, -118.270756184712 33.733669899439))",City of Los Angeles Open Data: Berth Lines,https://data.lacity.org/City-Infrastructure-Service-Requests/Berth-Lines/9r7y-tdse,rv-wcji_ujhh_85f7,row-x6ma~zwa3_da2e,1a25b669aa42ac7d53f37ab17c83986be0cf73093cf1b8de0a5a02c95861bc96,2026-08-26T22:03:17+00:00,,,true
USLAX_BERTH_8bd00b9a4f4cef60ccc1f064,USLAX,Port of Los Angeles,USLAX_BERTH_8bd00b9a4f4cef60ccc1f064,Berth proximity: B 240Y,berth_line,B 240Y,"MULTILINESTRING ((-118.270756182464 33.733669871497, -118.270991025366 33.732185240183))",City of Los Angeles Open Data: Berth Lines,https://data.lacity.org/City-Infrastructure-Service-Requests/Berth-Lines/9r7y-tdse,rv-dr49~85x8_7r5t,row-quet.sy6n_dy3k,1a25b669aa42ac7d53f37ab17c83986be0cf73093cf1b8de0a5a02c95861bc96,2026-08-26T22:03:17+00:00,,,true
USLAX_BERTH_14558d0d31832d44260c77c2,USLAX,Port of Los Angeles,USLAX_BERTH_14558d0d31832d44260c77c2,Berth proximity: B 240Z,berth_line,B 240Z,"MULTILINESTRING ((-118.270991024299 33.732185243791, -118.271225857831 33.730700615945, -118.271299792419 33.730214732327))",City of Los Angeles Open Data: Berth Lines,https://data.lacity.org/City-Infrastructure-Service-Requests/Berth-Lines/9r7y-tdse,rv-pyi7.pi8t.xshm,row-nmit_nhua~d3xc,1a25b669aa42ac7d53f37ab17c83986be0cf73093cf1b8de0a5a02c95861bc96,2026-08-26T22:03:17+00:00,,,true
USLAX_BERTH_3a287eb5bc45d6bb0438f2ed,USLAX,Port of Los Angeles,USLAX_BERTH_3a287eb5bc45d6bb0438f2ed,Berth proximity: B 243,berth_line,B 243,"MULTILINESTRING ((-118.270052298992 33.727895584887, -118.269590081164 33.726668559517))",City of Los Angeles Open Data: Berth Lines,https://data.lacity.org/City-Infrastructure-Service-Requests/Berth-Lines/9r7y-tdse,rv-b4h4~axnt-iuig,row-tpee_sgz4_aws4,1a25b669aa42ac7d53f37ab17c83986be0cf73093cf1b8de0a5a02c95861bc96,2026-08-26T22:03:17+00:00,,,true
USLAX_BERTH_c4df81633bf909dd0430f533,USLAX,Port of Los Angeles,USLAX_BERTH_c4df81633bf909dd0430f533,Berth proximity: B 244,berth_line,B 244,"MULTILINESTRING ((-118.269590081164 33.726668559517, -118.269610231745 33.726653745051, -118.269617084593 33.726645572903, -118.269621144824 33.726633573827, -118.269622445800 33.726613016668, -118.269612128493 33.726591914897, -118.269599794282 33.726581094768, -118.269577905599 33.726573721756, -118.269552611057 33.726569782079, -118.269541676794 33.726569235027, -118.269478859775 33.726583649241, -118.269471277179 33.726563112885, -118.269121037280 33.726653535071, -118.268892539098 33.726049427667, -118.269310987871 33.725946301856, -118.269482972804 33.726416608854, -118.269630512822 33.726376778944, -118.269248626928 33.725369507354))",City of Los Angeles Open Data: Berth Lines,https://data.lacity.org/City-Infrastructure-Service-Requests/Berth-Lines/9r7y-tdse,rv-6c8m.euwc_fvg7,row-25m6_8ggj.hbm9,1a25b669aa42ac7d53f37ab17c83986be0cf73093cf1b8de0a5a02c95861bc96,2026-08-26T22:03:17+00:00,,,true
USLAX_BERTH_80e78a96d8b725c58e248965,USLAX,Port of Los Angeles,USLAX_BERTH_80e78a96d8b725c58e248965,Berth proximity: B 245,berth_line,B 245,"MULTILINESTRING ((-118.269248626928 33.725369507354, -118.268781836035 33.724138257978))",City of Los Angeles Open Data: Berth Lines,https://data.lacity.org/City-Infrastructure-Service-Requests/Berth-Lines/9r7y-tdse,rv-vdqh.p45c~fymf,row-iktx-q9rn_2ahx,1a25b669aa42ac7d53f37ab17c83986be0cf73093cf1b8de0a5a02c95861bc96,2026-08-26T22:03:17+00:00,,,true
USLAX_BERTH_e62dc2e33e130c549c3ff322,USLAX,Port of Los Angeles,USLAX_BERTH_e62dc2e33e130c549c3ff322,Berth proximity: B 247,berth_line,B 247,"MULTILINESTRING ((-118.268781836035 33.724138257978, -118.268381538222 33.723082363907, -118.268236520813 33.723121316703, -118.268168394918 33.722945821865))",City of Los Angeles Open Data: Berth Lines,https://data.lacity.org/City-Infrastructure-Service-Requests/Berth-Lines/9r7y-tdse,rv-73r2~kp8k~hs96,row-gtq2_d6qh_6vkn,1a25b669aa42ac7d53f37ab17c83986be0cf73093cf1b8de0a5a02c95861bc96,2026-08-26T22:03:17+00:00,,,true
USLAX_BERTH_431fe9cd12e13a1268710200,USLAX,Port of Los Angeles,USLAX_BERTH_431fe9cd12e13a1268710200,Berth proximity: B 247,berth_line,B 247,"MULTILINESTRING ((-118.268168394918 33.722945821865, -118.267689277901 33.721721838894, -118.267687568260 33.721716861003))",City of Los Angeles Open Data: Berth Lines,https://data.lacity.org/City-Infrastructure-Service-Requests/Berth-Lines/9r7y-tdse,rv-wbci-39yz-qmpc,row-j83j.j8wr_wz8m,1a25b669aa42ac7d53f37ab17c83986be0cf73093cf1b8de0a5a02c95861bc96,2026-08-26T22:03:17+00:00,,,true
USLAX_BERTH_4ff253d27c15812c90e8fefd,USLAX,Port of Los Angeles,USLAX_BERTH_4ff253d27c15812c90e8fefd,Berth proximity: B 248,berth_line,B 248,"MULTILINESTRING ((-118.267687568260 33.721716861003, -118.266277428511 33.722090139091))",City of Los Angeles Open Data: Berth Lines,https://data.lacity.org/City-Infrastructure-Service-Requests/Berth-Lines/9r7y-tdse,rv-pkp6.fdpd-5zx2,row-wjqs-7f9h-sfq6,1a25b669aa42ac7d53f37ab17c83986be0cf73093cf1b8de0a5a02c95861bc96,2026-08-26T22:03:17+00:00,,,true
USLAX_BERTH_547b923217064acf3c3cfa8d,USLAX,Port of Los Angeles,USLAX_BERTH_547b923217064acf3c3cfa8d,Berth proximity: B 249,berth_line,B 249,"MULTILINESTRING ((-118.266277428511 33.722090139091, -118.264710027145 33.722505023849, -118.264708448069 33.722505479878))",City of Los Angeles Open Data: Berth Lines,https://data.lacity.org/City-Infrastructure-Service-Requests/Berth-Lines/9r7y-tdse,rv-w4v8~932e_hyq9,row-zn8q_v6ia_q9ab,1a25b669aa42ac7d53f37ab17c83986be0cf73093cf1b8de0a5a02c95861bc96,2026-08-26T22:03:17+00:00,,,true
USLAX_BERTH_e9651b6a04000536af200d55,USLAX,Port of Los Angeles,USLAX_BERTH_e9651b6a04000536af200d55,Berth proximity: B 250,berth_line,B 250,"MULTILINESTRING ((-118.264708448069 33.722505479878, -118.264708956967 33.722506748071, -118.265175663662 33.723737911119))",City of Los Angeles Open Data: Berth Lines,https://data.lacity.org/City-Infrastructure-Service-Requests/Berth-Lines/9r7y-tdse,rv-vc8f_u3pn_qvdn,row-7qse-pvi7-g6ng,1a25b669aa42ac7d53f37ab17c83986be0cf73093cf1b8de0a5a02c95861bc96,2026-08-26T22:03:17+00:00,,,true
USLAX_BERTH_f56a3c192277b76c1552aa66,USLAX,Port of Los Angeles,USLAX_BERTH_f56a3c192277b76c1552aa66,Berth proximity: B 251,berth_line,B 251,"MULTILINESTRING ((-118.265175663662 33.723737911119, -118.265642385118 33.724969072577))",City of Los Angeles Open Data: Berth Lines,https://data.lacity.org/City-Infrastructure-Service-Requests/Berth-Lines/9r7y-tdse,rv-qfsp_dygq_tirm,row-5cca.j6ms_3z8y,1a25b669aa42ac7d53f37ab17c83986be0cf73093cf1b8de0a5a02c95861bc96,2026-08-26T22:03:17+00:00,,,true
USLAX_BERTH_1f462afce704cb32775fbbad,USLAX,Port of Los Angeles,USLAX_BERTH_1f462afce704cb32775fbbad,Berth proximity: B 252,berth_line,B 252,"MULTILINESTRING ((-118.265642385118 33.724969072577, -118.266109120257 33.726200232447))",City of Los Angeles Open Data: Berth Lines,https://data.lacity.org/City-Infrastructure-Service-Requests/Berth-Lines/9r7y-tdse,rv-v5ka.k4pc.amyx,row-uhy3.xign~q2pb,1a25b669aa42ac7d53f37ab17c83986be0cf73093cf1b8de0a5a02c95861bc96,2026-08-26T22:03:17+00:00,,,true
USLAX_BERTH_add7d9dd2b2be0e8edc9f43d,USLAX,Port of Los Angeles,USLAX_BERTH_add7d9dd2b2be0e8edc9f43d,Berth proximity: B 253,berth_line,B 253,"MULTILINESTRING ((-118.266109120257 33.726200232447, -118.266575869079 33.727431390728))",City of Los Angeles Open Data: Berth Lines,https://data.lacity.org/City-Infrastructure-Service-Requests/Berth-Lines/9r7y-tdse,rv-s3e4~4u5z_6mf6,row-mnce-6yy7-e573,1a25b669aa42ac7d53f37ab17c83986be0cf73093cf1b8de0a5a02c95861bc96,2026-08-26T22:03:17+00:00,,,true
USLAX_BERTH_d71d6f1d0578cae4ed08547f,USLAX,Port of Los Angeles,USLAX_BERTH_d71d6f1d0578cae4ed08547f,Berth proximity: B 254,berth_line,B 254,"MULTILINESTRING ((-118.266575869079 33.727431390728, -118.267042630509 33.728662548324))",City of Los Angeles Open Data: Berth Lines,https://data.lacity.org/City-Infrastructure-Service-Requests/Berth-Lines/9r7y-tdse,rv-277j~q589~4xzn,row-ph94-5rz2~6db4,1a25b669aa42ac7d53f37ab17c83986be0cf73093cf1b8de0a5a02c95861bc96,2026-08-26T22:03:17+00:00,,,true
USLAX_BERTH_e78e2e699def7dbc0d3adfaf,USLAX,Port of Los Angeles,USLAX_BERTH_e78e2e699def7dbc0d3adfaf,Berth proximity: B 255,berth_line,B 255,"MULTILINESTRING ((-118.267042630509 33.728662548324, -118.267489543718 33.729841313515, -118.267503221305 33.729879874612, -118.267963324950 33.729768927759))",City of Los Angeles Open Data: Berth Lines,https://data.lacity.org/City-Infrastructure-Service-Requests/Berth-Lines/9r7y-tdse,rv-faw5.fds8-y86v,row-hxxb_9usv~wi5u,1a25b669aa42ac7d53f37ab17c83986be0cf73093cf1b8de0a5a02c95861bc96,2026-08-26T22:03:17+00:00,,,true
USLAX_BERTH_3f9500e756bc5601d26cf50f,USLAX,Port of Los Angeles,USLAX_BERTH_3f9500e756bc5601d26cf50f,Berth proximity: B 256,berth_line,B 256,"MULTILINESTRING ((-118.267963324950 33.729768927759, -118.268017246139 33.729936612379, -118.267613370250 33.730041593538, -118.267686452734 33.730238973543, -118.267977306652 33.730167167720, -118.268004250416 33.730245699772, -118.268245681018 33.730186820051, -118.268185360060 33.730568898559, -118.268256857401 33.731805398628))",City of Los Angeles Open Data: Berth Lines,https://data.lacity.org/City-Infrastructure-Service-Requests/Berth-Lines/9r7y-tdse,rv-viep~7pvr~tadc,row-2ibi.ebvp~zyj4,1a25b669aa42ac7d53f37ab17c83986be0cf73093cf1b8de0a5a02c95861bc96,2026-08-26T22:03:17+00:00,,,true
USLAX_BERTH_e3699ca6c1fd212a87521776,USLAX,Port of Los Angeles,USLAX_BERTH_e3699ca6c1fd212a87521776,Berth proximity: B 257,berth_line,B 257,"MULTILINESTRING ((-118.268256857401 33.731805398628, -118.268307577497 33.732676727542, -118.268222674234 33.732679611457, -118.268231410345 33.732890631958, -118.268279836004 33.732889907351))",City of Los Angeles Open Data: Berth Lines,https://data.lacity.org/City-Infrastructure-Service-Requests/Berth-Lines/9r7y-tdse,rv-sp3p_zmmw.79zg,row-nvkn-mefe.hbhq,1a25b669aa42ac7d53f37ab17c83986be0cf73093cf1b8de0a5a02c95861bc96,2026-08-26T22:03:17+00:00,,,true
USLAX_BERTH_db6484737222defc7322499f,USLAX,Port of Los Angeles,USLAX_BERTH_db6484737222defc7322499f,Berth proximity: B 258,berth_line,B 258,"MULTILINESTRING ((-118.268279836004 33.732889907351, -118.268280119057 33.732916027761, -118.268280136423 33.732921801847, -118.268280265016 33.732965772355, -118.268014045241 33.732973881557, -118.268017931428 33.733064055625, -118.268210436248 33.733047472580, -118.268240758482 33.733077053597, -118.268153236048 33.733183997453, -118.268128103315 33.733200587030, -118.267505982953 33.733664516795, -118.267565960872 33.733720385672, -118.267772927598 33.733569346279, -118.267947392156 33.733777763916, -118.267975505618 33.733766691244, -118.268089015570 33.733711535030, -118.268274495962 33.733969719457, -118.268333919928 33.734057982893, -118.268257815295 33.734096585483, -118.268307955653 33.734158515099, -118.268367657252 33.734127636183, -118.268415188588 33.734195610742, -118.268377945104 33.734215298812, -118.268845406881 33.734860860791))",City of Los Angeles Open Data: Berth Lines,https://data.lacity.org/City-Infrastructure-Service-Requests/Berth-Lines/9r7y-tdse,rv-5fu3_bgay.ahyz,row-2zx5~qp2q-d8b5,1a25b669aa42ac7d53f37ab17c83986be0cf73093cf1b8de0a5a02c95861bc96,2026-08-26T22:03:17+00:00,,,true
USLAX_BERTH_a10ac133fe7d0f6ca11e8852,USLAX,Port of Los Angeles,USLAX_BERTH_a10ac133fe7d0f6ca11e8852,Berth proximity: B 259,berth_line,B 259,"MULTILINESTRING ((-118.268845406881 33.734860860791, -118.269696624959 33.736036356497))",City of Los Angeles Open Data: Berth Lines,https://data.lacity.org/City-Infrastructure-Service-Requests/Berth-Lines/9r7y-tdse,rv-jxze_s592-vn3u,row-s429.h4qy_phss,1a25b669aa42ac7d53f37ab17c83986be0cf73093cf1b8de0a5a02c95861bc96,2026-08-26T22:03:17+00:00,,,true
USLAX_BERTH_b1a1461fe25964f043f4cde3,USLAX,Port of Los Angeles,USLAX_BERTH_b1a1461fe25964f043f4cde3,Berth proximity: B 260,berth_line,B 260,"MULTILINESTRING ((-118.269696624959 33.736036356497, -118.269713918251 33.736061153240, -118.270189399910 33.736238667822, -118.270255541121 33.736210222883, -118.270578060660 33.736332115926, -118.270626212318 33.736349888939, -118.270668618831 33.736407369849, -118.270888838760 33.736694737717))",City of Los Angeles Open Data: Berth Lines,https://data.lacity.org/City-Infrastructure-Service-Requests/Berth-Lines/9r7y-tdse,rv-ge8i.z9xq_pfdj,row-ab7r-fj5p-ajtt,1a25b669aa42ac7d53f37ab17c83986be0cf73093cf1b8de0a5a02c95861bc96,2026-08-26T22:03:17+00:00,,,true
USLAX_BERTH_1880b690f8bdf2cec59f4692,USLAX,Port of Los Angeles,USLAX_BERTH_1880b690f8bdf2cec59f4692,Berth proximity: B 203,berth_line,B 203,"MULTILINESTRING ((-118.249742701279 33.766060501913, -118.249686932070 33.765955088183, -118.249645246329 33.765864301908, -118.249640271884 33.765843792137, -118.249641577474 33.765810958368, -118.249661643760 33.765713008638, -118.249671357260 33.765674880911, -118.249706241513 33.765602697040, -118.249736305397 33.765562181363, -118.249777656175 33.765540403504, -118.250091785363 33.765422495820, -118.250192739778 33.765379488780, -118.250332976505 33.765327017978, -118.250396077062 33.765301676987, -118.250432874332 33.765281243507))",City of Los Angeles Open Data: Berth Lines,https://data.lacity.org/City-Infrastructure-Service-Requests/Berth-Lines/9r7y-tdse,rv-ctkp-xhp4.a6b9,row-jgn4_hapq_rzhy,1a25b669aa42ac7d53f37ab17c83986be0cf73093cf1b8de0a5a02c95861bc96,2026-08-26T22:03:17+00:00,,,true
USLAX_BERTH_903e88dff9296fa97e7a9ada,USLAX,Port of Los Angeles,USLAX_BERTH_903e88dff9296fa97e7a9ada,Berth proximity: B 201,berth_line,B 201,"MULTILINESTRING ((-118.249789288216 33.769107308371, -118.250069073235 33.768792699198, -118.250047402381 33.768464385705, -118.250047314137 33.768434759672, -118.249996942457 33.768395362991, -118.249949467496 33.768336208261, -118.249916796372 33.768284430454, -118.249854482119 33.768205556291, -118.249815928461 33.768163665774, -118.249759696439 33.768141563043, -118.249688734160 33.768136772730, -118.249617846376 33.768156669982, -118.249550054559 33.768223469772, -118.249464650155 33.768332276580, -118.249376193626 33.768408995111, -118.249326130238 33.768473288816, -118.249261256769 33.768527738068, -118.249211097946 33.768559937382, -118.249169762668 33.768577304848))",City of Los Angeles Open Data: Berth Lines,https://data.lacity.org/City-Infrastructure-Service-Requests/Berth-Lines/9r7y-tdse,rv-vatk~a87y.hdjh,row-4cye_pvt8_mkd8,1a25b669aa42ac7d53f37ab17c83986be0cf73093cf1b8de0a5a02c95861bc96,2026-08-26T22:03:17+00:00,,,true
USLAX_BERTH_6febcb00abf620103eaf1fff,USLAX,Port of Los Angeles,USLAX_BERTH_6febcb00abf620103eaf1fff,Berth proximity: B 203,berth_line,B 203,"MULTILINESTRING ((-118.248079155172 33.767216302121, -118.248029235754 33.767152956975, -118.247959133061 33.767074152890, -118.247857354723 33.766939348410, -118.247766634983 33.766837701931, -118.247565889006 33.766590970632, -118.247473378059 33.766457796533))",City of Los Angeles Open Data: Berth Lines,https://data.lacity.org/City-Infrastructure-Service-Requests/Berth-Lines/9r7y-tdse,rv-286p_9qfu-u7gh,row-i89b-tghb-ewh8,1a25b669aa42ac7d53f37ab17c83986be0cf73093cf1b8de0a5a02c95861bc96,2026-08-26T22:03:17+00:00,,,true
USLAX_BERTH_8ea40cea14429525a0b906cc,USLAX,Port of Los Angeles,USLAX_BERTH_8ea40cea14429525a0b906cc,Berth proximity: B 268A,berth_line,B 268A,"MULTILINESTRING ((-118.264925239404 33.736169724505, -118.264959603076 33.735896117482, -118.265513017173 33.735322533164, -118.265136670477 33.735053324252))",City of Los Angeles Open Data: Berth Lines,https://data.lacity.org/City-Infrastructure-Service-Requests/Berth-Lines/9r7y-tdse,rv-6pt5.eren.6fv7,row-9wdq.ja48~sv4i,1a25b669aa42ac7d53f37ab17c83986be0cf73093cf1b8de0a5a02c95861bc96,2026-08-26T22:03:17+00:00,,,true
USLAX_BERTH_d20715d8a6c0dc6d119319ef,USLAX,Port of Los Angeles,USLAX_BERTH_d20715d8a6c0dc6d119319ef,Berth proximity: B 268C,berth_line,B 268C,"MULTILINESTRING ((-118.265136670477 33.735053324252, -118.264972297494 33.734941559258))",City of Los Angeles Open Data: Berth Lines,https://data.lacity.org/City-Infrastructure-Service-Requests/Berth-Lines/9r7y-tdse,rv-uc4r.zw6m.d25d,row-66fs.4wdf_82bc,1a25b669aa42ac7d53f37ab17c83986be0cf73093cf1b8de0a5a02c95861bc96,2026-08-26T22:03:17+00:00,,,true
USLAX_BERTH_aa797c7ff97db43f3e5c5469,USLAX,Port of Los Angeles,USLAX_BERTH_aa797c7ff97db43f3e5c5469,Berth proximity: B 268D,berth_line,B 268D,"MULTILINESTRING ((-118.264972297494 33.734941559258, -118.264980886461 33.734626621045, -118.264981590665 33.734616239590, -118.264970389909 33.734604394171))",City of Los Angeles Open Data: Berth Lines,https://data.lacity.org/City-Infrastructure-Service-Requests/Berth-Lines/9r7y-tdse,rv-5a9k-dfrt_5nzr,row-mp5w.83im.wx8j,1a25b669aa42ac7d53f37ab17c83986be0cf73093cf1b8de0a5a02c95861bc96,2026-08-26T22:03:17+00:00,,,true
USLAX_BERTH_720e8e1627561f88c3167d6d,USLAX,Port of Los Angeles,USLAX_BERTH_720e8e1627561f88c3167d6d,Berth proximity: B 241,berth_line,B 241,"MULTILINESTRING ((-118.270577248855 33.728856725521, -118.271262112142 33.730183613593, -118.271272119290 33.730202290893, -118.271299792419 33.730214732327))",City of Los Angeles Open Data: Berth Lines,https://data.lacity.org/City-Infrastructure-Service-Requests/Berth-Lines/9r7y-tdse,rv-v2zb~j59j.bk7u,row-nteb_p5qq~a7qg,1a25b669aa42ac7d53f37ab17c83986be0cf73093cf1b8de0a5a02c95861bc96,2026-08-26T22:03:17+00:00,,,true
USLAX_BERTH_a551bce275b0daa980f81699,USLAX,Port of Los Angeles,USLAX_BERTH_a551bce275b0daa980f81699,Berth proximity: B 242,berth_line,B 242,"MULTILINESTRING ((-118.270577248855 33.728856725521, -118.270536280353 33.728748741065, -118.270495381941 33.728757961644, -118.270368227234 33.728789917260, -118.270356835675 33.728762365908, -118.270475542834 33.728730901686, -118.270149515445 33.727866896273, -118.270052298992 33.727895584887))",City of Los Angeles Open Data: Berth Lines,https://data.lacity.org/City-Infrastructure-Service-Requests/Berth-Lines/9r7y-tdse,rv-i22x_6eyn_q2rz,row-jijf_fb8f~tcr4,1a25b669aa42ac7d53f37ab17c83986be0cf73093cf1b8de0a5a02c95861bc96,2026-08-26T22:03:17+00:00,,,true
USLAX_BERTH_95edbff18b8cf915af5ce927,USLAX,Port of Los Angeles,USLAX_BERTH_95edbff18b8cf915af5ce927,Berth proximity: B 47,berth_line,B 47,"MULTILINESTRING ((-118.273951193095 33.713998107288, -118.273877219751 33.713958126531, -118.273895820959 33.713932806105, -118.273980321444 33.713825857083, -118.274643664806 33.714212368017))",City of Los Angeles Open Data: Berth Lines,https://data.lacity.org/City-Infrastructure-Service-Requests/Berth-Lines/9r7y-tdse,rv-8m8z_s9j9_5e8t,row-6ybj_imig-43gk,1a25b669aa42ac7d53f37ab17c83986be0cf73093cf1b8de0a5a02c95861bc96,2026-08-26T22:03:17+00:00,,,true
USLAX_BERTH_4966819486e78ca4c6388599,USLAX,Port of Los Angeles,USLAX_BERTH_4966819486e78ca4c6388599,Berth proximity: B 240D,berth_line,B 240D,"MULTILINESTRING ((-118.271629104185 33.736210402030, -118.271597827445 33.736214037185, -118.271570801769 33.736212910010, -118.271525287129 33.736211824559, -118.271442767677 33.736202504415, -118.271364518520 33.736194363666, -118.270967315880 33.736111588603))",City of Los Angeles Open Data: Berth Lines,https://data.lacity.org/City-Infrastructure-Service-Requests/Berth-Lines/9r7y-tdse,rv-guk3.d2he-fm9r,row-587k.n7ct~8wb4,1a25b669aa42ac7d53f37ab17c83986be0cf73093cf1b8de0a5a02c95861bc96,2026-08-26T22:03:17+00:00,,,true
USLAX_BERTH_0d2b811aa1af8fa1854b613c,USLAX,Port of Los Angeles,USLAX_BERTH_0d2b811aa1af8fa1854b613c,Berth proximity: B 240W,berth_line,B 240W,"MULTILINESTRING ((-118.270967315880 33.736111588603, -118.270915546271 33.736066038644, -118.270878985167 33.736028065814, -118.270830220359 33.735972361734, -118.270671501868 33.735719018806, -118.270656065635 33.735640406400, -118.270446047796 33.735303686779))",City of Los Angeles Open Data: Berth Lines,https://data.lacity.org/City-Infrastructure-Service-Requests/Berth-Lines/9r7y-tdse,rv-pq3x_dtbg.yr4n,row-d4ha~w9bm~q27w,1a25b669aa42ac7d53f37ab17c83986be0cf73093cf1b8de0a5a02c95861bc96,2026-08-26T22:03:17+00:00,,,true
USLAX_BERTH_6cc667da3639f3787f3c2c56,USLAX,Port of Los Angeles,USLAX_BERTH_6cc667da3639f3787f3c2c56,Berth proximity: B S100,berth_line,B S100,"MULTILINESTRING ((-118.242080243745 33.764354485241, -118.243665238512 33.764057438920, -118.244336968418 33.763913538100, -118.244460306180 33.763891358498, -118.244636155405 33.763869072039, -118.244838214448 33.763831382061, -118.244982550155 33.763806966740, -118.245063878410 33.763784872025, -118.245296971737 33.763672322824))",City of Los Angeles Open Data: Berth Lines,https://data.lacity.org/City-Infrastructure-Service-Requests/Berth-Lines/9r7y-tdse,rv-zxr6.5psm.g46a,row-ie3h~yucy_pj87,1a25b669aa42ac7d53f37ab17c83986be0cf73093cf1b8de0a5a02c95861bc96,2026-08-26T22:03:17+00:00,,,true
USLAX_BERTH_044a1c5e3d533658c08910a6,USLAX,Port of Los Angeles,USLAX_BERTH_044a1c5e3d533658c08910a6,Berth proximity: B S101,berth_line,B S101,"MULTILINESTRING ((-118.242080243745 33.764354485241, -118.242035969590 33.764479569911, -118.241829382967 33.764769447993, -118.240228821655 33.765138867799))",City of Los Angeles Open Data: Berth Lines,https://data.lacity.org/City-Infrastructure-Service-Requests/Berth-Lines/9r7y-tdse,rv-4gjg_r6tb_wekc,row-uxqe~gres_g3hb,1a25b669aa42ac7d53f37ab17c83986be0cf73093cf1b8de0a5a02c95861bc96,2026-08-26T22:03:17+00:00,,,true
USLAX_BERTH_d9ea14ee72fa3ce73ca07d60,USLAX,Port of Los Angeles,USLAX_BERTH_d9ea14ee72fa3ce73ca07d60,Berth proximity: B 200T,berth_line,B 200T,"MULTILINESTRING ((-118.243401741264 33.775189877513, -118.243202756577 33.775317659126, -118.242995195202 33.775447199438, -118.242768143099 33.775597558453, -118.242636902428 33.775692808612, -118.242512752995 33.775782108817, -118.242356686490 33.775896703654, -118.242280406961 33.775945834316, -118.242087004386 33.776056051404, -118.241898972681 33.776179614124, -118.241739315503 33.776282342525, -118.241595653396 33.776385037709, -118.241521201138 33.776451974407))",City of Los Angeles Open Data: Berth Lines,https://data.lacity.org/City-Infrastructure-Service-Requests/Berth-Lines/9r7y-tdse,rv-5uh5.4if3.zs6b,row-5ehs.vzpk-39x3,1a25b669aa42ac7d53f37ab17c83986be0cf73093cf1b8de0a5a02c95861bc96,2026-08-26T22:03:17+00:00,,,true
USLAX_BERTH_4a3c34ca38fc0a551e153b8e,USLAX,Port of Los Angeles,USLAX_BERTH_4a3c34ca38fc0a551e153b8e,Berth proximity: B 200V,berth_line,B 200V,"MULTILINESTRING ((-118.245864264867 33.773754478811, -118.245543820925 33.773940917378, -118.244691321593 33.774413144736))",City of Los Angeles Open Data: Berth Lines,https://data.lacity.org/City-Infrastructure-Service-Requests/Berth-Lines/9r7y-tdse,rv-9g3e_bv2c-mjkj,row-nk2j.ggdj.hc6c,1a25b669aa42ac7d53f37ab17c83986be0cf73093cf1b8de0a5a02c95861bc96,2026-08-26T22:03:17+00:00,,,true
USLAX_BERTH_b392476f0e8f7d883ee13b3d,USLAX,Port of Los Angeles,USLAX_BERTH_b392476f0e8f7d883ee13b3d,Berth proximity: B 200W,berth_line,B 200W,"MULTILINESTRING ((-118.246953658353 33.773160828261, -118.246912575297 33.773190004185, -118.246813760203 33.773248071901, -118.246665513015 33.773326907002, -118.246042851924 33.773650573064, -118.245864264867 33.773754478811))",City of Los Angeles Open Data: Berth Lines,https://data.lacity.org/City-Infrastructure-Service-Requests/Berth-Lines/9r7y-tdse,rv-jxfe-iwei-ed6r,row-2br4~uhcy~7zda,1a25b669aa42ac7d53f37ab17c83986be0cf73093cf1b8de0a5a02c95861bc96,2026-08-26T22:03:17+00:00,,,true
USLAX_BERTH_7388ca5984f0987330e7c685,USLAX,Port of Los Angeles,USLAX_BERTH_7388ca5984f0987330e7c685,Berth proximity: B 200U,berth_line,B 200U,"MULTILINESTRING ((-118.244691321593 33.774413144736, -118.244480695678 33.774524894472, -118.244299020965 33.774627795385, -118.244148019389 33.774723310867, -118.243975604810 33.774814986773, -118.243401741264 33.775189877513))",City of Los Angeles Open Data: Berth Lines,https://data.lacity.org/City-Infrastructure-Service-Requests/Berth-Lines/9r7y-tdse,rv-v2my~zrkt.thzi,row-kfjg_ytnn_4dir,1a25b669aa42ac7d53f37ab17c83986be0cf73093cf1b8de0a5a02c95861bc96,2026-08-26T22:03:17+00:00,,,true
USLAX_BERTH_d30d788f20b3c465585a5b3b,USLAX,Port of Los Angeles,USLAX_BERTH_d30d788f20b3c465585a5b3b,Berth proximity: B 200F,berth_line,B 200F,"MULTILINESTRING ((-118.246882725074 33.775060123446, -118.246894040221 33.775066585681, -118.246906049234 33.775068919391, -118.246930030841 33.775061205579, -118.246965991312 33.775045212981, -118.246970903853 33.775035179941, -118.246999107587 33.775022739863, -118.247011818476 33.775023303365, -118.247039206863 33.775011862919, -118.247042110717 33.775000836932, -118.247167810165 33.774940263518))",City of Los Angeles Open Data: Berth Lines,https://data.lacity.org/City-Infrastructure-Service-Requests/Berth-Lines/9r7y-tdse,rv-ui59.c3iy_ww85,row-n5wi~3wjc~igvd,1a25b669aa42ac7d53f37ab17c83986be0cf73093cf1b8de0a5a02c95861bc96,2026-08-26T22:03:17+00:00,,,true
USLAX_BERTH_07a656fccc12ea15816dfe79,USLAX,Port of Los Angeles,USLAX_BERTH_07a656fccc12ea15816dfe79,Berth proximity: B 301,berth_line,B 301,"MULTILINESTRING ((-118.264322052946 33.730549855682, -118.264259427349 33.730403445952, -118.264204594235 33.730270786821, -118.261158702570 33.731159745973, -118.261222077112 33.731297353429, -118.260873750554 33.731399507547, -118.260882636984 33.731422808339, -118.260766693319 33.731457426784, -118.260731403039 33.731446457165, -118.260718140670 33.731432984107, -118.260672579381 33.731425718465, -118.260659404643 33.731440475756, -118.260624118191 33.731430733042, -118.260591769745 33.731420983954, -118.260565321228 33.731418586451, -118.260538886865 33.731421098493, -118.260518091180 33.731431616281))",City of Los Angeles Open Data: Berth Lines,https://data.lacity.org/City-Infrastructure-Service-Requests/Berth-Lines/9r7y-tdse,rv-22v4.megs.ka56,row-qsnp~q4fe.6h22,1a25b669aa42ac7d53f37ab17c83986be0cf73093cf1b8de0a5a02c95861bc96,2026-08-26T22:03:17+00:00,,,true
