[0m04:54:42.602755 [debug] [MainThread]: Sending event: {'category': 'dbt', 'action': 'invocation', 'label': 'start', 'context': [<snowplow_tracker.self_describing_json.SelfDescribingJson object at 0x00000213CE3DA480>, <snowplow_tracker.self_describing_json.SelfDescribingJson object at 0x00000213CE3D84D0>, <snowplow_tracker.self_describing_json.SelfDescribingJson object at 0x00000213CE3DB2C0>]}


============================== 04:54:42.606075 | bf713620-bbf3-4d17-a9fc-9cbdb23fdc2f ==============================
[0m04:54:42.606075 [info ] [MainThread]: Running with dbt=1.12.3
[0m04:54:42.607073 [debug] [MainThread]: running dbt with arguments {'static_parser': 'True', 'no_print': 'None', 'maximum_seed_size_mib': '1', 'warn_error_options': 'WarnErrorOptionsV2(error=[], warn=[], silence=[])', 'target_path': 'None', 'version_check': 'True', 'printer_width': '80', 'write_json': 'True', 'empty': 'None', 'log_cache_events': 'False', 'introspect': 'True', 'cache_selected_only': 'False', 'log_format': 'default', 'debug': 'False', 'fail_fast': 'False', 'profiles_dir': 'C:\\Users\\magic\\Projects\\PortVessel-lakehouse\\dbt', 'send_anonymous_usage_stats': 'True', 'quiet': 'False', 'warn_error': 'None', 'partial_parse': 'True', 'indirect_selection': 'eager', 'hints_enabled': 'True', 'use_colors': 'True', 'use_experimental_parser': 'False', 'invocation_command': 'dbt debug', 'log_path': 'C:\\Users\\magic\\Projects\\PortVessel-lakehouse\\dbt\\logs'}
[0m04:54:42.622077 [info ] [MainThread]: dbt version: 1.12.3
[0m04:54:42.622077 [info ] [MainThread]: python version: 3.12.10
[0m04:54:42.622077 [info ] [MainThread]: python path: C:\Users\magic\Projects\PortVessel-lakehouse\.venv\scripts\python.exe
[0m04:54:42.623078 [info ] [MainThread]: os info: Windows-11-10.0.26200-SP0
[0m04:54:44.222538 [info ] [MainThread]: Using profiles dir at C:\Users\magic\Projects\PortVessel-lakehouse\dbt
[0m04:54:44.222905 [info ] [MainThread]: Using profiles.yml file at C:\Users\magic\Projects\PortVessel-lakehouse\dbt\profiles.yml
[0m04:54:44.222905 [info ] [MainThread]: Using dbt_project.yml file at C:\Users\magic\Projects\PortVessel-lakehouse\dbt\dbt_project.yml
[0m04:54:44.222905 [info ] [MainThread]: adapter type: bigquery
[0m04:54:44.223905 [info ] [MainThread]: adapter version: 1.12.0
[0m04:54:44.300729 [info ] [MainThread]: Configuration:
[0m04:54:44.301731 [info ] [MainThread]:   profiles.yml file [[32mOK found and valid[0m]
[0m04:54:44.301731 [info ] [MainThread]:   dbt_project.yml file [[32mOK found and valid[0m]
[0m04:54:44.302730 [info ] [MainThread]: Required dependencies:
[0m04:54:44.302730 [debug] [MainThread]: Executing "git --help"
[0m04:54:44.332030 [debug] [MainThread]: STDOUT: "b"usage: git [-v | --version] [-h | --help] [-C <path>] [-c <name>=<value>]\n           [--exec-path[=<path>]] [--html-path] [--man-path] [--info-path]\n           [-p | --paginate | -P | --no-pager] [--no-replace-objects] [--no-lazy-fetch]\n           [--no-optional-locks] [--no-advice] [--bare] [--git-dir=<path>]\n           [--work-tree=<path>] [--namespace=<name>] [--config-env=<name>=<envvar>]\n           <command> [<args>]\n\nThese are common Git commands used in various situations:\n\nstart a working area (see also: git help tutorial)\n   clone      Clone a repository into a new directory\n   init       Create an empty Git repository or reinitialize an existing one\n\nwork on the current change (see also: git help everyday)\n   add        Add file contents to the index\n   mv         Move or rename a file, a directory, or a symlink\n   restore    Restore working tree files\n   rm         Remove files from the working tree and from the index\n\nexamine the history and state (see also: git help revisions)\n   bisect     Use binary search to find the commit that introduced a bug\n   diff       Show changes between commits, commit and working tree, etc\n   grep       Print lines matching a pattern\n   log        Show commit logs\n   show       Show various types of objects\n   status     Show the working tree status\n\ngrow, mark and tweak your common history\n   backfill   Download missing objects in a partial clone\n   branch     List, create, or delete branches\n   commit     Record changes to the repository\n   history    EXPERIMENTAL: Rewrite history\n   merge      Join two or more development histories together\n   rebase     Reapply commits on top of another base tip\n   reset      Set `HEAD` or the index to a known state\n   switch     Switch branches\n   tag        Create, list, delete or verify tags\n\ncollaborate (see also: git help workflows)\n   fetch      Download objects and refs from another repository\n   pull       Fetch from and integrate with another repository or a local branch\n   push       Update remote refs along with associated objects\n\n'git help -a' and 'git help -g' list available subcommands and some\nconcept guides. See 'git help <command>' or 'git help <concept>'\nto read about a specific subcommand or concept.\nSee 'git help git' for an overview of the system.\n""
[0m04:54:44.333027 [debug] [MainThread]: STDERR: "b''"
[0m04:54:44.333027 [info ] [MainThread]:  - git [[32mOK found[0m]

[0m04:54:44.333027 [info ] [MainThread]: Connection:
[0m04:54:44.334027 [info ] [MainThread]:   method: oauth
[0m04:54:44.334027 [info ] [MainThread]:   database: cloudprojects-506123
[0m04:54:44.334027 [info ] [MainThread]:   execution_project: cloudprojects-506123
[0m04:54:44.335026 [info ] [MainThread]:   schema: portvessel_dev_marts
[0m04:54:44.335026 [info ] [MainThread]:   location: europe-west3
[0m04:54:44.335026 [info ] [MainThread]:   priority: interactive
[0m04:54:44.336028 [info ] [MainThread]:   maximum_bytes_billed: None
[0m04:54:44.336028 [info ] [MainThread]:   reservation: None
[0m04:54:44.336028 [info ] [MainThread]:   impersonate_service_account: None
[0m04:54:44.337026 [info ] [MainThread]:   job_retry_deadline_seconds: None
[0m04:54:44.337026 [info ] [MainThread]:   job_retries: 1
[0m04:54:44.337026 [info ] [MainThread]:   job_creation_timeout_seconds: None
[0m04:54:44.337026 [info ] [MainThread]:   job_execution_timeout_seconds: 300
[0m04:54:44.338030 [info ] [MainThread]:   job_link_info_level_log: False
[0m04:54:44.338030 [info ] [MainThread]:   timeout_seconds: 300
[0m04:54:44.338030 [info ] [MainThread]:   client_id: None
[0m04:54:44.339032 [info ] [MainThread]:   token_uri: None
[0m04:54:44.339032 [info ] [MainThread]:   compute_region: None
[0m04:54:44.339032 [info ] [MainThread]:   dataproc_cluster_name: None
[0m04:54:44.340033 [info ] [MainThread]:   gcs_bucket: None
[0m04:54:44.340033 [info ] [MainThread]:   dataproc_batch: None
[0m04:54:44.340033 [info ] [MainThread]: Registered adapter: bigquery=1.12.0
[0m04:54:44.722265 [debug] [MainThread]: Acquiring new bigquery connection 'debug'
[0m04:54:44.722265 [debug] [MainThread]: On debug: select 1 as id
[0m04:54:44.722265 [debug] [MainThread]: Opening a new connection, currently in state init
[0m04:54:46.450216 [debug] [MainThread]: BigQuery adapter: https://console.cloud.google.com/bigquery?project=cloudprojects-506123&j=bq:europe-west3:2eb0fb16-a705-4929-9279-e04e26b9438a&page=queryresults
[0m04:54:46.615184 [debug] [MainThread]: SQL status: OK in 0.165 seconds
[0m04:54:46.927023 [info ] [MainThread]:   Connection test: [[32mOK connection ok[0m]

[0m04:54:46.927023 [info ] [MainThread]: [32mAll checks passed![0m
[0m04:54:46.928023 [debug] [MainThread]: Command `dbt debug` succeeded at 04:54:46.928023 after 4.45 seconds
[0m04:54:46.928023 [debug] [MainThread]: Connection 'debug' was properly closed.
[0m04:54:46.929023 [debug] [MainThread]: Sending event: {'category': 'dbt', 'action': 'invocation', 'label': 'end', 'context': [<snowplow_tracker.self_describing_json.SelfDescribingJson object at 0x00000213CC6B5D60>, <snowplow_tracker.self_describing_json.SelfDescribingJson object at 0x00000213FFC27170>, <snowplow_tracker.self_describing_json.SelfDescribingJson object at 0x00000213CB70D0A0>]}
[0m04:54:46.929023 [debug] [MainThread]: Flushing usage events
[0m04:54:47.601758 [debug] [MainThread]: An error was encountered while trying to flush usage events
[0m04:55:00.207299 [debug] [MainThread]: Sending event: {'category': 'dbt', 'action': 'invocation', 'label': 'start', 'context': [<snowplow_tracker.self_describing_json.SelfDescribingJson object at 0x000001CCA09A0C80>, <snowplow_tracker.self_describing_json.SelfDescribingJson object at 0x000001CCA09A0E30>, <snowplow_tracker.self_describing_json.SelfDescribingJson object at 0x000001CCA09A0E60>]}


============================== 04:55:00.210300 | cc431778-8730-4d25-b5d0-b7362adbbcb1 ==============================
[0m04:55:00.210300 [info ] [MainThread]: Running with dbt=1.12.3
[0m04:55:00.210300 [debug] [MainThread]: running dbt with arguments {'version_check': 'True', 'no_print': 'None', 'static_parser': 'True', 'target_path': 'None', 'warn_error_options': 'WarnErrorOptionsV2(error=[], warn=[], silence=[])', 'maximum_seed_size_mib': '1', 'printer_width': '80', 'write_json': 'True', 'introspect': 'True', 'log_cache_events': 'False', 'empty': 'None', 'cache_selected_only': 'False', 'log_format': 'default', 'debug': 'False', 'fail_fast': 'False', 'partial_parse': 'True', 'send_anonymous_usage_stats': 'True', 'quiet': 'False', 'warn_error': 'None', 'profiles_dir': 'C:\\Users\\magic\\Projects\\PortVessel-lakehouse\\dbt', 'use_colors': 'True', 'hints_enabled': 'True', 'indirect_selection': 'eager', 'use_experimental_parser': 'False', 'invocation_command': 'dbt source freshness', 'log_path': 'C:\\Users\\magic\\Projects\\PortVessel-lakehouse\\dbt\\logs'}
[0m04:55:01.202089 [debug] [MainThread]: Sending event: {'category': 'dbt', 'action': 'project_id', 'label': 'cc431778-8730-4d25-b5d0-b7362adbbcb1', 'context': [<snowplow_tracker.self_describing_json.SelfDescribingJson object at 0x000001CCD5351430>]}
[0m04:55:01.249428 [debug] [MainThread]: Sending event: {'category': 'dbt', 'action': 'adapter_info', 'label': 'cc431778-8730-4d25-b5d0-b7362adbbcb1', 'context': [<snowplow_tracker.self_describing_json.SelfDescribingJson object at 0x000001CCA10CF2C0>]}
[0m04:55:01.250428 [info ] [MainThread]: Registered adapter: bigquery=1.12.0
[0m04:55:01.608797 [debug] [MainThread]: checksum: 5f143da5afd1a6b6298bff390d2cac426bc2fa3cddb0281a2f93c038cc305c8b, vars: {}, profile: portvessel, target: dev, version: 1.12.3
[0m04:55:01.609798 [info ] [MainThread]: Unable to do partial parsing because saved manifest not found. Starting full parse.
[0m04:55:01.609798 [debug] [MainThread]: Sending event: {'category': 'dbt', 'action': 'partial_parser', 'label': 'cc431778-8730-4d25-b5d0-b7362adbbcb1', 'context': [<snowplow_tracker.self_describing_json.SelfDescribingJson object at 0x000001CCD421A180>]}
[0m04:55:01.635989 [warn ] [MainThread]: [[33mWARNING[0m][PropertyMovedToConfigDeprecation]: Deprecated functionality
Found `freshness` as a top-level property of `sources[0].tables[0]` in file
`models\sources.yml`. The `freshness` top-level property should be moved into
the `config` of `sources[0].tables[0]`.
[0m04:55:01.635989 [debug] [MainThread]: Sending event: {'category': 'dbt', 'action': 'deprecation', 'label': 'cc431778-8730-4d25-b5d0-b7362adbbcb1', 'property_': 'warn', 'context': [<snowplow_tracker.self_describing_json.SelfDescribingJson object at 0x000001CCD5534050>]}
[0m04:55:03.608828 [debug] [MainThread]: Sending event: {'category': 'dbt', 'action': 'load_project', 'label': 'cc431778-8730-4d25-b5d0-b7362adbbcb1', 'context': [<snowplow_tracker.self_describing_json.SelfDescribingJson object at 0x000001CCD5EB47A0>]}
[0m04:55:03.688771 [debug] [MainThread]: Wrote artifact WritableManifest to C:\Users\magic\Projects\PortVessel-lakehouse\dbt\target\manifest.json
[0m04:55:03.701025 [debug] [MainThread]: Wrote artifact SemanticManifest to C:\Users\magic\Projects\PortVessel-lakehouse\dbt\target\semantic_manifest.json
[0m04:55:03.720031 [debug] [MainThread]: Wrote artifact OsiDocument to C:\Users\magic\Projects\PortVessel-lakehouse\dbt\target\osi_document.json
[0m04:55:03.731223 [debug] [MainThread]: Sending event: {'category': 'dbt', 'action': 'resource_counts', 'label': 'cc431778-8730-4d25-b5d0-b7362adbbcb1', 'context': [<snowplow_tracker.self_describing_json.SelfDescribingJson object at 0x000001CCD5F82360>]}
[0m04:55:03.731223 [info ] [MainThread]: Found 2 models, 14 data tests, 4 sources, 561 macros
[0m04:55:03.732222 [debug] [MainThread]: Sending event: {'category': 'dbt', 'action': 'runnable_timing', 'label': 'cc431778-8730-4d25-b5d0-b7362adbbcb1', 'context': [<snowplow_tracker.self_describing_json.SelfDescribingJson object at 0x000001CCD5FE3E30>]}
[0m04:55:03.733221 [info ] [MainThread]: 
[0m04:55:03.733221 [info ] [MainThread]: Concurrency: 4 threads (target='dev')
[0m04:55:03.734221 [info ] [MainThread]: 
[0m04:55:03.734221 [debug] [MainThread]: Acquiring new bigquery connection 'master'
[0m04:55:03.737222 [debug] [ThreadPool]: Acquiring new bigquery connection 'list_cloudprojects-506123_portvessel_dev_marts_portvessel_dev_marts'
[0m04:55:03.738224 [debug] [ThreadPool]: Opening a new connection, currently in state init
[0m04:55:05.400856 [debug] [MainThread]: Sending event: {'category': 'dbt', 'action': 'runnable_timing', 'label': 'cc431778-8730-4d25-b5d0-b7362adbbcb1', 'context': [<snowplow_tracker.self_describing_json.SelfDescribingJson object at 0x000001CCD5F175C0>]}
[0m04:55:05.400856 [debug] [MainThread]: Opening a new connection, currently in state init
[0m04:55:05.401858 [info ] [MainThread]: Pulling freshness from warehouse metadata tables for 0 sources
[0m04:55:05.401858 [warn ] [MainThread]: [[33mWARNING[0m]: Use information schema TABLE_STORAGE table to calculate source freshness in batch.
You may opt into the new behavior sooner by setting `flags.bigquery_use_batch_source_freshness` to `True` in `dbt_project.yml`.
Visit https://docs.getdbt.com/reference/global-configs/behavior-changes for more information.
[0m04:55:05.402858 [debug] [MainThread]: Sending event: {'category': 'dbt', 'action': 'BehaviorChangeEvent', 'label': 'cc431778-8730-4d25-b5d0-b7362adbbcb1', 'context': [<snowplow_tracker.self_describing_json.SelfDescribingJson object at 0x000001CCD609A330>]}
[0m04:55:05.407051 [debug] [Thread-1 (]: Began running node source.portvessel.portvessel_gold.agg_port_congestion_daily
[0m04:55:05.407051 [debug] [Thread-2 (]: Began running node source.portvessel.portvessel_gold.fct_anchorage_dwell
[0m04:55:05.408053 [debug] [Thread-3 (]: Began running node source.portvessel.portvessel_gold.fct_port_call
[0m04:55:05.408053 [info ] [Thread-1 (]: 1 of 3 START freshness of portvessel_gold.agg_port_congestion_daily ............ [RUN]
[0m04:55:05.408053 [info ] [Thread-2 (]: 2 of 3 START freshness of portvessel_gold.fct_anchorage_dwell .................. [RUN]
[0m04:55:05.409053 [debug] [Thread-1 (]: Acquiring new bigquery connection 'source.portvessel.portvessel_gold.agg_port_congestion_daily'
[0m04:55:05.409053 [info ] [Thread-3 (]: 3 of 3 START freshness of portvessel_gold.fct_port_call ........................ [RUN]
[0m04:55:05.410052 [debug] [Thread-2 (]: Acquiring new bigquery connection 'source.portvessel.portvessel_gold.fct_anchorage_dwell'
[0m04:55:05.410052 [debug] [Thread-1 (]: Began compiling node source.portvessel.portvessel_gold.agg_port_congestion_daily
[0m04:55:05.410052 [debug] [Thread-3 (]: Acquiring new bigquery connection 'source.portvessel.portvessel_gold.fct_port_call'
[0m04:55:05.411052 [debug] [Thread-2 (]: Began compiling node source.portvessel.portvessel_gold.fct_anchorage_dwell
[0m04:55:05.411052 [debug] [Thread-1 (]: Began executing node source.portvessel.portvessel_gold.agg_port_congestion_daily
[0m04:55:05.411052 [debug] [Thread-3 (]: Began compiling node source.portvessel.portvessel_gold.fct_port_call
[0m04:55:05.411052 [debug] [Thread-2 (]: Began executing node source.portvessel.portvessel_gold.fct_anchorage_dwell
[0m04:55:05.419053 [debug] [Thread-1 (]: On source.portvessel.portvessel_gold.agg_port_congestion_daily: /* {"app": "dbt", "dbt_version": "1.12.3", "profile_name": "portvessel", "target_name": "dev", "node_id": "source.portvessel.portvessel_gold.agg_port_congestion_daily"} */
select
      max(loaded_at_utc) as max_loaded_at,
      current_timestamp() as snapshotted_at
    from `cloudprojects-506123`.`portvessel_dev_gold`.`agg_port_congestion_daily`
    
  
[0m04:55:05.420051 [debug] [Thread-3 (]: Began executing node source.portvessel.portvessel_gold.fct_port_call
[0m04:55:05.421053 [debug] [Thread-2 (]: On source.portvessel.portvessel_gold.fct_anchorage_dwell: /* {"app": "dbt", "dbt_version": "1.12.3", "profile_name": "portvessel", "target_name": "dev", "node_id": "source.portvessel.portvessel_gold.fct_anchorage_dwell"} */
select
      max(loaded_at_utc) as max_loaded_at,
      current_timestamp() as snapshotted_at
    from `cloudprojects-506123`.`portvessel_dev_gold`.`fct_anchorage_dwell`
    
  
[0m04:55:05.421053 [debug] [Thread-1 (]: Opening a new connection, currently in state init
[0m04:55:05.422053 [debug] [Thread-3 (]: On source.portvessel.portvessel_gold.fct_port_call: /* {"app": "dbt", "dbt_version": "1.12.3", "profile_name": "portvessel", "target_name": "dev", "node_id": "source.portvessel.portvessel_gold.fct_port_call"} */
select
      max(loaded_at_utc) as max_loaded_at,
      current_timestamp() as snapshotted_at
    from `cloudprojects-506123`.`portvessel_dev_gold`.`fct_port_call`
    
  
[0m04:55:05.423053 [debug] [Thread-2 (]: Opening a new connection, currently in state init
[0m04:55:05.423053 [debug] [Thread-3 (]: Opening a new connection, currently in state init
[0m04:55:06.047302 [debug] [Thread-3 (]: BigQuery adapter: https://console.cloud.google.com/bigquery?project=cloudprojects-506123&j=bq:europe-west3:2ceefe86-f27e-4e14-b6f0-2e522f506f7d&page=queryresults
[0m04:55:06.048300 [error] [Thread-3 (]: BigQuery adapter: https://console.cloud.google.com/bigquery?project=cloudprojects-506123&j=bq:europe-west3:2ceefe86-f27e-4e14-b6f0-2e522f506f7d&page=queryresults
[0m04:55:06.048300 [debug] [Thread-3 (]: BigQuery adapter: Unhandled error while running:
macro collect_freshness
[0m04:55:06.049301 [debug] [Thread-3 (]: BigQuery adapter: Database Error
  Unrecognized name: loaded_at_utc at [3:11]
[0m04:55:06.090466 [debug] [Thread-3 (]: Database Error in source fct_port_call (models\sources.yml)
  Unrecognized name: loaded_at_utc at [3:11]
[0m04:55:06.091466 [error] [Thread-3 (]: 3 of 3 ERROR freshness of portvessel_gold.fct_port_call ........................ [[31mERROR[0m in 0.68s]
[0m04:55:06.091466 [debug] [Thread-3 (]: Finished running node source.portvessel.portvessel_gold.fct_port_call
[0m04:55:06.166107 [debug] [Thread-2 (]: BigQuery adapter: https://console.cloud.google.com/bigquery?project=cloudprojects-506123&j=bq:europe-west3:8322ba8b-7973-4229-a812-12913ec4fcea&page=queryresults
[0m04:55:06.195064 [debug] [Thread-1 (]: BigQuery adapter: https://console.cloud.google.com/bigquery?project=cloudprojects-506123&j=bq:europe-west3:7e161736-7ec6-4f34-be72-b52f11be5fef&page=queryresults
[0m04:55:06.356224 [debug] [Thread-2 (]: SQL status: OK in 0.190 seconds
[0m04:55:06.371392 [debug] [Thread-1 (]: SQL status: OK in 0.176 seconds
[0m04:55:06.658904 [info ] [Thread-1 (]: 1 of 3 PASS freshness of portvessel_gold.agg_port_congestion_daily ............. [[32mPASS[0m in 1.25s]
[0m04:55:06.659904 [debug] [Thread-1 (]: Finished running node source.portvessel.portvessel_gold.agg_port_congestion_daily
[0m04:55:06.686557 [info ] [Thread-2 (]: 2 of 3 PASS freshness of portvessel_gold.fct_anchorage_dwell ................... [[32mPASS[0m in 1.28s]
[0m04:55:06.687557 [debug] [Thread-2 (]: Finished running node source.portvessel.portvessel_gold.fct_anchorage_dwell
[0m04:55:06.688556 [debug] [MainThread]: Opening a new connection, currently in state closed
[0m04:55:06.688556 [debug] [MainThread]: Connection 'master' was properly closed.
[0m04:55:06.689556 [debug] [MainThread]: Connection 'list_cloudprojects-506123_portvessel_dev_marts_portvessel_dev_marts' was properly closed.
[0m04:55:06.689556 [debug] [MainThread]: Connection 'source.portvessel.portvessel_gold.agg_port_congestion_daily' was properly closed.
[0m04:55:06.689556 [debug] [MainThread]: Connection 'source.portvessel.portvessel_gold.fct_anchorage_dwell' was properly closed.
[0m04:55:06.689556 [debug] [MainThread]: Connection 'source.portvessel.portvessel_gold.fct_port_call' was properly closed.
[0m04:55:06.690557 [info ] [MainThread]: 
[0m04:55:06.690557 [info ] [MainThread]: Finished running 3 sources in 0 hours 0 minutes and 2.96 seconds (2.96s).
[0m04:55:06.718556 [debug] [MainThread]: Wrote artifact WritableManifest to C:\Users\magic\Projects\PortVessel-lakehouse\dbt\target\manifest.json
[0m04:55:06.720557 [debug] [MainThread]: Wrote artifact SemanticManifest to C:\Users\magic\Projects\PortVessel-lakehouse\dbt\target\semantic_manifest.json
[0m04:55:06.723556 [debug] [MainThread]: Wrote artifact OsiDocument to C:\Users\magic\Projects\PortVessel-lakehouse\dbt\target\osi_document.json
[0m04:55:06.726833 [debug] [MainThread]: Wrote artifact FreshnessResult to C:\Users\magic\Projects\PortVessel-lakehouse\dbt\target\sources.json
[0m04:55:06.726833 [info ] [MainThread]: 
[0m04:55:06.727834 [error] [MainThread]:   Database Error in source fct_port_call (models\sources.yml)
  Unrecognized name: loaded_at_utc at [3:11]
[0m04:55:06.727834 [info ] [MainThread]: Done.
[0m04:55:06.728834 [warn ] [MainThread]: [[33mWARNING[0m][DeprecationsSummary]: Deprecated functionality
Summary of encountered deprecations:
- PropertyMovedToConfigDeprecation: 7 occurrences
To see all deprecation instances instead of just the first occurrence of each,
run command again with the `--show-all-deprecations` flag. You may also need to
run with `--no-partial-parse` as some deprecations are only encountered during
parsing.
[0m04:55:06.728834 [debug] [MainThread]: Command `dbt source freshness` failed at 04:55:06.728834 after 6.63 seconds
[0m04:55:06.729833 [debug] [MainThread]: Sending event: {'category': 'dbt', 'action': 'invocation', 'label': 'end', 'context': [<snowplow_tracker.self_describing_json.SelfDescribingJson object at 0x000001CC9EB769F0>, <snowplow_tracker.self_describing_json.SelfDescribingJson object at 0x000001CCA0976E10>, <snowplow_tracker.self_describing_json.SelfDescribingJson object at 0x000001CCA0976900>]}
[0m04:55:06.729833 [debug] [MainThread]: Flushing usage events
[0m04:55:07.357067 [debug] [MainThread]: An error was encountered while trying to flush usage events
[0m04:55:25.257313 [debug] [MainThread]: Sending event: {'category': 'dbt', 'action': 'invocation', 'label': 'start', 'context': [<snowplow_tracker.self_describing_json.SelfDescribingJson object at 0x000002A7CE373FE0>, <snowplow_tracker.self_describing_json.SelfDescribingJson object at 0x000002A7CE370350>, <snowplow_tracker.self_describing_json.SelfDescribingJson object at 0x000002A7CE373890>]}


============================== 04:55:25.260312 | d4fce718-8e6d-41e9-9257-b98c461a84b4 ==============================
[0m04:55:25.260312 [info ] [MainThread]: Running with dbt=1.12.3
[0m04:55:25.261312 [debug] [MainThread]: running dbt with arguments {'static_parser': 'True', 'no_print': 'None', 'maximum_seed_size_mib': '1', 'target_path': 'None', 'warn_error_options': 'WarnErrorOptionsV2(error=[], warn=[], silence=[])', 'version_check': 'True', 'printer_width': '80', 'write_json': 'True', 'introspect': 'True', 'log_cache_events': 'False', 'empty': 'None', 'cache_selected_only': 'False', 'log_format': 'default', 'debug': 'False', 'fail_fast': 'False', 'profiles_dir': 'C:\\Users\\magic\\Projects\\PortVessel-lakehouse\\dbt', 'send_anonymous_usage_stats': 'True', 'quiet': 'False', 'warn_error': 'None', 'partial_parse': 'True', 'use_colors': 'True', 'hints_enabled': 'True', 'invocation_command': 'dbt test', 'use_experimental_parser': 'False', 'indirect_selection': 'eager', 'log_path': 'C:\\Users\\magic\\Projects\\PortVessel-lakehouse\\dbt\\logs'}
[0m04:55:26.255736 [debug] [MainThread]: Sending event: {'category': 'dbt', 'action': 'project_id', 'label': 'd4fce718-8e6d-41e9-9257-b98c461a84b4', 'context': [<snowplow_tracker.self_describing_json.SelfDescribingJson object at 0x000002A781148200>]}
[0m04:55:26.303413 [debug] [MainThread]: Sending event: {'category': 'dbt', 'action': 'adapter_info', 'label': 'd4fce718-8e6d-41e9-9257-b98c461a84b4', 'context': [<snowplow_tracker.self_describing_json.SelfDescribingJson object at 0x000002A7CBF1DBE0>]}
[0m04:55:26.304413 [info ] [MainThread]: Registered adapter: bigquery=1.12.0
[0m04:55:26.663493 [debug] [MainThread]: checksum: 5f143da5afd1a6b6298bff390d2cac426bc2fa3cddb0281a2f93c038cc305c8b, vars: {}, profile: portvessel, target: dev, version: 1.12.3
[0m04:55:26.786048 [debug] [MainThread]: Partial parsing enabled: 0 files deleted, 0 files added, 0 files changed.
[0m04:55:26.786048 [debug] [MainThread]: Nothing changed, skipping partial parsing.
[0m04:55:26.786048 [debug] [MainThread]: Partial parsing enabled, no changes found, skipping parsing
[0m04:55:26.793366 [debug] [MainThread]: Sending event: {'category': 'dbt', 'action': 'load_project', 'label': 'd4fce718-8e6d-41e9-9257-b98c461a84b4', 'context': [<snowplow_tracker.self_describing_json.SelfDescribingJson object at 0x000002A7831DDB80>]}
[0m04:55:26.900296 [debug] [MainThread]: Wrote artifact WritableManifest to C:\Users\magic\Projects\PortVessel-lakehouse\dbt\target\manifest.json
[0m04:55:26.902293 [debug] [MainThread]: Wrote artifact SemanticManifest to C:\Users\magic\Projects\PortVessel-lakehouse\dbt\target\semantic_manifest.json
[0m04:55:26.921564 [debug] [MainThread]: Wrote artifact OsiDocument to C:\Users\magic\Projects\PortVessel-lakehouse\dbt\target\osi_document.json
[0m04:55:26.938564 [debug] [MainThread]: Sending event: {'category': 'dbt', 'action': 'resource_counts', 'label': 'd4fce718-8e6d-41e9-9257-b98c461a84b4', 'context': [<snowplow_tracker.self_describing_json.SelfDescribingJson object at 0x000002A7837ED310>]}
[0m04:55:26.938564 [info ] [MainThread]: Found 2 models, 14 data tests, 4 sources, 561 macros
[0m04:55:26.939565 [debug] [MainThread]: Sending event: {'category': 'dbt', 'action': 'runnable_timing', 'label': 'd4fce718-8e6d-41e9-9257-b98c461a84b4', 'context': [<snowplow_tracker.self_describing_json.SelfDescribingJson object at 0x000002A78319FFB0>]}
[0m04:55:26.941564 [info ] [MainThread]: 
[0m04:55:26.941564 [info ] [MainThread]: Concurrency: 4 threads (target='dev')
[0m04:55:26.941564 [info ] [MainThread]: 
[0m04:55:26.942564 [debug] [MainThread]: Acquiring new bigquery connection 'master'
[0m04:55:26.945851 [debug] [ThreadPool]: Acquiring new bigquery connection 'list_cloudprojects-506123_portvessel_dev_marts_portvessel_dev_marts'
[0m04:55:26.945851 [debug] [ThreadPool]: Opening a new connection, currently in state init
[0m04:55:28.620834 [debug] [MainThread]: Sending event: {'category': 'dbt', 'action': 'runnable_timing', 'label': 'd4fce718-8e6d-41e9-9257-b98c461a84b4', 'context': [<snowplow_tracker.self_describing_json.SelfDescribingJson object at 0x000002A781AFA510>]}
[0m04:55:28.620834 [debug] [MainThread]: Opening a new connection, currently in state init
[0m04:55:28.625573 [debug] [Thread-1 (]: Began running node test.portvessel.source_not_null_portvessel_gold_agg_port_congestion_daily_metric_date.48383edd63
[0m04:55:28.625573 [debug] [Thread-2 (]: Began running node test.portvessel.source_not_null_portvessel_gold_agg_port_congestion_daily_port_id.f09a7249f2
[0m04:55:28.626573 [debug] [Thread-3 (]: Began running node test.portvessel.source_not_null_portvessel_gold_fct_anchorage_dwell_anchorage_dwell_id.f53942bfac
[0m04:55:28.626573 [debug] [Thread-4 (]: Began running node test.portvessel.source_not_null_portvessel_gold_fct_anchorage_dwell_entry_observed_at_utc.246bf70a3b
[0m04:55:28.626573 [info ] [Thread-1 (]: 1 of 14 START test source_not_null_portvessel_gold_agg_port_congestion_daily_metric_date  [RUN]
[0m04:55:28.626573 [info ] [Thread-2 (]: 2 of 14 START test source_not_null_portvessel_gold_agg_port_congestion_daily_port_id  [RUN]
[0m04:55:28.628573 [debug] [Thread-1 (]: Acquiring new bigquery connection 'test.portvessel.source_not_null_portvessel_gold_agg_port_congestion_daily_metric_date.48383edd63'
[0m04:55:28.627573 [info ] [Thread-3 (]: 3 of 14 START test source_not_null_portvessel_gold_fct_anchorage_dwell_anchorage_dwell_id  [RUN]
[0m04:55:28.628573 [debug] [Thread-2 (]: Acquiring new bigquery connection 'test.portvessel.source_not_null_portvessel_gold_agg_port_congestion_daily_port_id.f09a7249f2'
[0m04:55:28.627573 [info ] [Thread-4 (]: 4 of 14 START test source_not_null_portvessel_gold_fct_anchorage_dwell_entry_observed_at_utc  [RUN]
[0m04:55:28.628573 [debug] [Thread-1 (]: Began compiling node test.portvessel.source_not_null_portvessel_gold_agg_port_congestion_daily_metric_date.48383edd63
[0m04:55:28.629573 [debug] [Thread-3 (]: Acquiring new bigquery connection 'test.portvessel.source_not_null_portvessel_gold_fct_anchorage_dwell_anchorage_dwell_id.f53942bfac'
[0m04:55:28.629573 [debug] [Thread-2 (]: Began compiling node test.portvessel.source_not_null_portvessel_gold_agg_port_congestion_daily_port_id.f09a7249f2
[0m04:55:28.629573 [debug] [Thread-4 (]: Acquiring new bigquery connection 'test.portvessel.source_not_null_portvessel_gold_fct_anchorage_dwell_entry_observed_at_utc.246bf70a3b'
[0m04:55:28.644572 [debug] [Thread-1 (]: Writing injected SQL for node "test.portvessel.source_not_null_portvessel_gold_agg_port_congestion_daily_metric_date.48383edd63"
[0m04:55:28.645574 [debug] [Thread-3 (]: Began compiling node test.portvessel.source_not_null_portvessel_gold_fct_anchorage_dwell_anchorage_dwell_id.f53942bfac
[0m04:55:28.649573 [debug] [Thread-2 (]: Writing injected SQL for node "test.portvessel.source_not_null_portvessel_gold_agg_port_congestion_daily_port_id.f09a7249f2"
[0m04:55:28.650574 [debug] [Thread-4 (]: Began compiling node test.portvessel.source_not_null_portvessel_gold_fct_anchorage_dwell_entry_observed_at_utc.246bf70a3b
[0m04:55:28.654843 [debug] [Thread-3 (]: Writing injected SQL for node "test.portvessel.source_not_null_portvessel_gold_fct_anchorage_dwell_anchorage_dwell_id.f53942bfac"
[0m04:55:28.659842 [debug] [Thread-4 (]: Writing injected SQL for node "test.portvessel.source_not_null_portvessel_gold_fct_anchorage_dwell_entry_observed_at_utc.246bf70a3b"
[0m04:55:28.661842 [debug] [Thread-1 (]: Began executing node test.portvessel.source_not_null_portvessel_gold_agg_port_congestion_daily_metric_date.48383edd63
[0m04:55:28.676227 [debug] [Thread-1 (]: Writing runtime sql for node "test.portvessel.source_not_null_portvessel_gold_agg_port_congestion_daily_metric_date.48383edd63"
[0m04:55:28.676227 [debug] [Thread-3 (]: Began executing node test.portvessel.source_not_null_portvessel_gold_fct_anchorage_dwell_anchorage_dwell_id.f53942bfac
[0m04:55:28.677228 [debug] [Thread-2 (]: Began executing node test.portvessel.source_not_null_portvessel_gold_agg_port_congestion_daily_port_id.f09a7249f2
[0m04:55:28.677228 [debug] [Thread-4 (]: Began executing node test.portvessel.source_not_null_portvessel_gold_fct_anchorage_dwell_entry_observed_at_utc.246bf70a3b
[0m04:55:28.678227 [debug] [Thread-3 (]: Writing runtime sql for node "test.portvessel.source_not_null_portvessel_gold_fct_anchorage_dwell_anchorage_dwell_id.f53942bfac"
[0m04:55:28.680227 [debug] [Thread-2 (]: Writing runtime sql for node "test.portvessel.source_not_null_portvessel_gold_agg_port_congestion_daily_port_id.f09a7249f2"
[0m04:55:28.681228 [debug] [Thread-4 (]: Writing runtime sql for node "test.portvessel.source_not_null_portvessel_gold_fct_anchorage_dwell_entry_observed_at_utc.246bf70a3b"
[0m04:55:28.682226 [debug] [Thread-1 (]: On test.portvessel.source_not_null_portvessel_gold_agg_port_congestion_daily_metric_date.48383edd63: /* {"app": "dbt", "dbt_version": "1.12.3", "profile_name": "portvessel", "target_name": "dev", "node_id": "test.portvessel.source_not_null_portvessel_gold_agg_port_congestion_daily_metric_date.48383edd63"} */

    
    select
      count(*) as failures,
      count(*) != 0 as should_warn,
      count(*) != 0 as should_error
    from (
      
    
  
    
    



select metric_date
from `cloudprojects-506123`.`portvessel_dev_gold`.`agg_port_congestion_daily`
where metric_date is null



  
  
      
    ) dbt_internal_test
[0m04:55:28.682226 [debug] [Thread-1 (]: Opening a new connection, currently in state init
[0m04:55:28.683228 [debug] [Thread-2 (]: On test.portvessel.source_not_null_portvessel_gold_agg_port_congestion_daily_port_id.f09a7249f2: /* {"app": "dbt", "dbt_version": "1.12.3", "profile_name": "portvessel", "target_name": "dev", "node_id": "test.portvessel.source_not_null_portvessel_gold_agg_port_congestion_daily_port_id.f09a7249f2"} */

    
    select
      count(*) as failures,
      count(*) != 0 as should_warn,
      count(*) != 0 as should_error
    from (
      
    
  
    
    



select port_id
from `cloudprojects-506123`.`portvessel_dev_gold`.`agg_port_congestion_daily`
where port_id is null



  
  
      
    ) dbt_internal_test
[0m04:55:28.683228 [debug] [Thread-3 (]: On test.portvessel.source_not_null_portvessel_gold_fct_anchorage_dwell_anchorage_dwell_id.f53942bfac: /* {"app": "dbt", "dbt_version": "1.12.3", "profile_name": "portvessel", "target_name": "dev", "node_id": "test.portvessel.source_not_null_portvessel_gold_fct_anchorage_dwell_anchorage_dwell_id.f53942bfac"} */

    
    select
      count(*) as failures,
      count(*) != 0 as should_warn,
      count(*) != 0 as should_error
    from (
      
    
  
    
    



select anchorage_dwell_id
from `cloudprojects-506123`.`portvessel_dev_gold`.`fct_anchorage_dwell`
where anchorage_dwell_id is null



  
  
      
    ) dbt_internal_test
[0m04:55:28.684465 [debug] [Thread-4 (]: On test.portvessel.source_not_null_portvessel_gold_fct_anchorage_dwell_entry_observed_at_utc.246bf70a3b: /* {"app": "dbt", "dbt_version": "1.12.3", "profile_name": "portvessel", "target_name": "dev", "node_id": "test.portvessel.source_not_null_portvessel_gold_fct_anchorage_dwell_entry_observed_at_utc.246bf70a3b"} */

    
    select
      count(*) as failures,
      count(*) != 0 as should_warn,
      count(*) != 0 as should_error
    from (
      
    
  
    
    



select entry_observed_at_utc
from `cloudprojects-506123`.`portvessel_dev_gold`.`fct_anchorage_dwell`
where entry_observed_at_utc is null



  
  
      
    ) dbt_internal_test
[0m04:55:28.684465 [debug] [Thread-2 (]: Opening a new connection, currently in state init
[0m04:55:28.684465 [debug] [Thread-3 (]: Opening a new connection, currently in state init
[0m04:55:28.685470 [debug] [Thread-4 (]: Opening a new connection, currently in state init
[0m04:55:29.372341 [debug] [Thread-4 (]: BigQuery adapter: https://console.cloud.google.com/bigquery?project=cloudprojects-506123&j=bq:europe-west3:b829e98f-fb1d-47b1-a3d3-1268d1616a9d&page=queryresults
[0m04:55:29.396488 [debug] [Thread-3 (]: BigQuery adapter: https://console.cloud.google.com/bigquery?project=cloudprojects-506123&j=bq:europe-west3:84728c41-96a4-4fc2-9f82-aae325f0158d&page=queryresults
[0m04:55:29.400999 [debug] [Thread-1 (]: BigQuery adapter: https://console.cloud.google.com/bigquery?project=cloudprojects-506123&j=bq:europe-west3:9332d4dc-b8f4-4e5c-8fc0-3636df5a875b&page=queryresults
[0m04:55:29.446200 [debug] [Thread-2 (]: BigQuery adapter: https://console.cloud.google.com/bigquery?project=cloudprojects-506123&j=bq:europe-west3:c6d7fb1e-91c5-4380-a6f9-427874fe9c6c&page=queryresults
[0m04:55:29.531648 [debug] [Thread-3 (]: SQL status: OK in 0.134 seconds
[0m04:55:29.549647 [debug] [Thread-4 (]: SQL status: OK in 0.177 seconds
[0m04:55:29.565840 [debug] [Thread-1 (]: SQL status: OK in 0.164 seconds
[0m04:55:29.600021 [debug] [Thread-2 (]: SQL status: OK in 0.154 seconds
[0m04:55:29.869698 [info ] [Thread-2 (]: 2 of 14 PASS source_not_null_portvessel_gold_agg_port_congestion_daily_port_id . [[32mPASS[0m in 1.24s]
[0m04:55:29.870697 [debug] [Thread-2 (]: Finished running node test.portvessel.source_not_null_portvessel_gold_agg_port_congestion_daily_port_id.f09a7249f2
[0m04:55:29.870697 [debug] [Thread-2 (]: Began running node test.portvessel.source_not_null_portvessel_gold_fct_anchorage_dwell_exit_observed_at_utc.4ce86b2423
[0m04:55:29.870697 [info ] [Thread-2 (]: 5 of 14 START test source_not_null_portvessel_gold_fct_anchorage_dwell_exit_observed_at_utc  [RUN]
[0m04:55:29.871698 [debug] [Thread-2 (]: Re-using an available connection from the pool (formerly test.portvessel.source_not_null_portvessel_gold_agg_port_congestion_daily_port_id.f09a7249f2, now test.portvessel.source_not_null_portvessel_gold_fct_anchorage_dwell_exit_observed_at_utc.4ce86b2423)
[0m04:55:29.871698 [debug] [Thread-2 (]: Began compiling node test.portvessel.source_not_null_portvessel_gold_fct_anchorage_dwell_exit_observed_at_utc.4ce86b2423
[0m04:55:29.876697 [debug] [Thread-2 (]: Writing injected SQL for node "test.portvessel.source_not_null_portvessel_gold_fct_anchorage_dwell_exit_observed_at_utc.4ce86b2423"
[0m04:55:29.877697 [debug] [Thread-2 (]: Began executing node test.portvessel.source_not_null_portvessel_gold_fct_anchorage_dwell_exit_observed_at_utc.4ce86b2423
[0m04:55:29.878698 [debug] [Thread-2 (]: Writing runtime sql for node "test.portvessel.source_not_null_portvessel_gold_fct_anchorage_dwell_exit_observed_at_utc.4ce86b2423"
[0m04:55:29.879697 [debug] [Thread-2 (]: On test.portvessel.source_not_null_portvessel_gold_fct_anchorage_dwell_exit_observed_at_utc.4ce86b2423: /* {"app": "dbt", "dbt_version": "1.12.3", "profile_name": "portvessel", "target_name": "dev", "node_id": "test.portvessel.source_not_null_portvessel_gold_fct_anchorage_dwell_exit_observed_at_utc.4ce86b2423"} */

    
    select
      count(*) as failures,
      count(*) != 0 as should_warn,
      count(*) != 0 as should_error
    from (
      
    
  
    
    



select exit_observed_at_utc
from `cloudprojects-506123`.`portvessel_dev_gold`.`fct_anchorage_dwell`
where exit_observed_at_utc is null



  
  
      
    ) dbt_internal_test
[0m04:55:29.879697 [debug] [Thread-2 (]: Opening a new connection, currently in state closed
[0m04:55:29.897884 [info ] [Thread-1 (]: 1 of 14 PASS source_not_null_portvessel_gold_agg_port_congestion_daily_metric_date  [[32mPASS[0m in 1.27s]
[0m04:55:29.898885 [debug] [Thread-1 (]: Finished running node test.portvessel.source_not_null_portvessel_gold_agg_port_congestion_daily_metric_date.48383edd63
[0m04:55:29.898885 [debug] [Thread-1 (]: Began running node test.portvessel.source_not_null_portvessel_gold_fct_anchorage_dwell_mmsi.22b13e5ded
[0m04:55:29.899884 [info ] [Thread-1 (]: 6 of 14 START test source_not_null_portvessel_gold_fct_anchorage_dwell_mmsi .... [RUN]
[0m04:55:29.899884 [debug] [Thread-1 (]: Re-using an available connection from the pool (formerly test.portvessel.source_not_null_portvessel_gold_agg_port_congestion_daily_metric_date.48383edd63, now test.portvessel.source_not_null_portvessel_gold_fct_anchorage_dwell_mmsi.22b13e5ded)
[0m04:55:29.899884 [debug] [Thread-1 (]: Began compiling node test.portvessel.source_not_null_portvessel_gold_fct_anchorage_dwell_mmsi.22b13e5ded
[0m04:55:29.904941 [debug] [Thread-1 (]: Writing injected SQL for node "test.portvessel.source_not_null_portvessel_gold_fct_anchorage_dwell_mmsi.22b13e5ded"
[0m04:55:29.905940 [debug] [Thread-1 (]: Began executing node test.portvessel.source_not_null_portvessel_gold_fct_anchorage_dwell_mmsi.22b13e5ded
[0m04:55:29.907941 [debug] [Thread-1 (]: Writing runtime sql for node "test.portvessel.source_not_null_portvessel_gold_fct_anchorage_dwell_mmsi.22b13e5ded"
[0m04:55:29.907941 [debug] [Thread-1 (]: On test.portvessel.source_not_null_portvessel_gold_fct_anchorage_dwell_mmsi.22b13e5ded: /* {"app": "dbt", "dbt_version": "1.12.3", "profile_name": "portvessel", "target_name": "dev", "node_id": "test.portvessel.source_not_null_portvessel_gold_fct_anchorage_dwell_mmsi.22b13e5ded"} */

    
    select
      count(*) as failures,
      count(*) != 0 as should_warn,
      count(*) != 0 as should_error
    from (
      
    
  
    
    



select mmsi
from `cloudprojects-506123`.`portvessel_dev_gold`.`fct_anchorage_dwell`
where mmsi is null



  
  
      
    ) dbt_internal_test
[0m04:55:29.908941 [debug] [Thread-1 (]: Opening a new connection, currently in state closed
[0m04:55:29.917029 [info ] [Thread-4 (]: 4 of 14 PASS source_not_null_portvessel_gold_fct_anchorage_dwell_entry_observed_at_utc  [[32mPASS[0m in 1.29s]
[0m04:55:29.917029 [debug] [Thread-4 (]: Finished running node test.portvessel.source_not_null_portvessel_gold_fct_anchorage_dwell_entry_observed_at_utc.246bf70a3b
[0m04:55:29.917029 [debug] [Thread-4 (]: Began running node test.portvessel.source_not_null_portvessel_gold_fct_port_call_arrival_observed_at_utc.912518b878
[0m04:55:29.918498 [info ] [Thread-4 (]: 7 of 14 START test source_not_null_portvessel_gold_fct_port_call_arrival_observed_at_utc  [RUN]
[0m04:55:29.919023 [debug] [Thread-4 (]: Re-using an available connection from the pool (formerly test.portvessel.source_not_null_portvessel_gold_fct_anchorage_dwell_entry_observed_at_utc.246bf70a3b, now test.portvessel.source_not_null_portvessel_gold_fct_port_call_arrival_observed_at_utc.912518b878)
[0m04:55:29.919324 [debug] [Thread-4 (]: Began compiling node test.portvessel.source_not_null_portvessel_gold_fct_port_call_arrival_observed_at_utc.912518b878
[0m04:55:29.923780 [debug] [Thread-4 (]: Writing injected SQL for node "test.portvessel.source_not_null_portvessel_gold_fct_port_call_arrival_observed_at_utc.912518b878"
[0m04:55:29.926025 [debug] [Thread-4 (]: Began executing node test.portvessel.source_not_null_portvessel_gold_fct_port_call_arrival_observed_at_utc.912518b878
[0m04:55:29.928162 [debug] [Thread-4 (]: Writing runtime sql for node "test.portvessel.source_not_null_portvessel_gold_fct_port_call_arrival_observed_at_utc.912518b878"
[0m04:55:29.928162 [debug] [Thread-4 (]: On test.portvessel.source_not_null_portvessel_gold_fct_port_call_arrival_observed_at_utc.912518b878: /* {"app": "dbt", "dbt_version": "1.12.3", "profile_name": "portvessel", "target_name": "dev", "node_id": "test.portvessel.source_not_null_portvessel_gold_fct_port_call_arrival_observed_at_utc.912518b878"} */

    
    select
      count(*) as failures,
      count(*) != 0 as should_warn,
      count(*) != 0 as should_error
    from (
      
    
  
    
    



select arrival_observed_at_utc
from `cloudprojects-506123`.`portvessel_dev_gold`.`fct_port_call`
where arrival_observed_at_utc is null



  
  
      
    ) dbt_internal_test
[0m04:55:29.929162 [debug] [Thread-4 (]: Opening a new connection, currently in state closed
[0m04:55:29.982216 [info ] [Thread-3 (]: 3 of 14 PASS source_not_null_portvessel_gold_fct_anchorage_dwell_anchorage_dwell_id  [[32mPASS[0m in 1.35s]
[0m04:55:29.982216 [debug] [Thread-3 (]: Finished running node test.portvessel.source_not_null_portvessel_gold_fct_anchorage_dwell_anchorage_dwell_id.f53942bfac
[0m04:55:29.983216 [debug] [Thread-3 (]: Began running node test.portvessel.source_not_null_portvessel_gold_fct_port_call_mmsi.a3782606f6
[0m04:55:29.983216 [info ] [Thread-3 (]: 8 of 14 START test source_not_null_portvessel_gold_fct_port_call_mmsi .......... [RUN]
[0m04:55:29.984215 [debug] [Thread-3 (]: Re-using an available connection from the pool (formerly test.portvessel.source_not_null_portvessel_gold_fct_anchorage_dwell_anchorage_dwell_id.f53942bfac, now test.portvessel.source_not_null_portvessel_gold_fct_port_call_mmsi.a3782606f6)
[0m04:55:29.984215 [debug] [Thread-3 (]: Began compiling node test.portvessel.source_not_null_portvessel_gold_fct_port_call_mmsi.a3782606f6
[0m04:55:29.989218 [debug] [Thread-3 (]: Writing injected SQL for node "test.portvessel.source_not_null_portvessel_gold_fct_port_call_mmsi.a3782606f6"
[0m04:55:29.990218 [debug] [Thread-3 (]: Began executing node test.portvessel.source_not_null_portvessel_gold_fct_port_call_mmsi.a3782606f6
[0m04:55:29.991219 [debug] [Thread-3 (]: Writing runtime sql for node "test.portvessel.source_not_null_portvessel_gold_fct_port_call_mmsi.a3782606f6"
[0m04:55:29.992218 [debug] [Thread-3 (]: On test.portvessel.source_not_null_portvessel_gold_fct_port_call_mmsi.a3782606f6: /* {"app": "dbt", "dbt_version": "1.12.3", "profile_name": "portvessel", "target_name": "dev", "node_id": "test.portvessel.source_not_null_portvessel_gold_fct_port_call_mmsi.a3782606f6"} */

    
    select
      count(*) as failures,
      count(*) != 0 as should_warn,
      count(*) != 0 as should_error
    from (
      
    
  
    
    



select mmsi
from `cloudprojects-506123`.`portvessel_dev_gold`.`fct_port_call`
where mmsi is null



  
  
      
    ) dbt_internal_test
[0m04:55:29.993222 [debug] [Thread-3 (]: Opening a new connection, currently in state closed
[0m04:55:30.558333 [debug] [Thread-1 (]: BigQuery adapter: https://console.cloud.google.com/bigquery?project=cloudprojects-506123&j=bq:europe-west3:3081543a-03c1-45cf-af8b-c0c113ee57a7&page=queryresults
[0m04:55:30.589497 [debug] [Thread-4 (]: BigQuery adapter: https://console.cloud.google.com/bigquery?project=cloudprojects-506123&j=bq:europe-west3:e5191ae4-656a-44ed-8cbd-49dc127e99b9&page=queryresults
[0m04:55:30.602004 [debug] [Thread-3 (]: BigQuery adapter: https://console.cloud.google.com/bigquery?project=cloudprojects-506123&j=bq:europe-west3:f63e61c4-2e53-498b-ba80-771f0b58732e&page=queryresults
[0m04:55:30.636073 [debug] [Thread-2 (]: BigQuery adapter: https://console.cloud.google.com/bigquery?project=cloudprojects-506123&j=bq:europe-west3:af7443d5-7bd4-4b78-af2a-05161a560057&page=queryresults
[0m04:55:30.652073 [debug] [Thread-1 (]: SQL status: OK in 0.093 seconds
[0m04:55:30.683630 [debug] [Thread-4 (]: SQL status: OK in 0.094 seconds
[0m04:55:30.735444 [debug] [Thread-3 (]: SQL status: OK in 0.133 seconds
[0m04:55:30.742441 [debug] [Thread-2 (]: SQL status: OK in 0.106 seconds
[0m04:55:30.888507 [info ] [Thread-1 (]: 6 of 14 PASS source_not_null_portvessel_gold_fct_anchorage_dwell_mmsi .......... [[32mPASS[0m in 0.99s]
[0m04:55:30.889507 [debug] [Thread-1 (]: Finished running node test.portvessel.source_not_null_portvessel_gold_fct_anchorage_dwell_mmsi.22b13e5ded
[0m04:55:30.889507 [debug] [Thread-1 (]: Began running node test.portvessel.source_not_null_portvessel_gold_fct_port_call_port_call_id.7a5ddefa85
[0m04:55:30.890507 [info ] [Thread-1 (]: 9 of 14 START test source_not_null_portvessel_gold_fct_port_call_port_call_id .. [RUN]
[0m04:55:30.890507 [debug] [Thread-1 (]: Re-using an available connection from the pool (formerly test.portvessel.source_not_null_portvessel_gold_fct_anchorage_dwell_mmsi.22b13e5ded, now test.portvessel.source_not_null_portvessel_gold_fct_port_call_port_call_id.7a5ddefa85)
[0m04:55:30.890507 [debug] [Thread-1 (]: Began compiling node test.portvessel.source_not_null_portvessel_gold_fct_port_call_port_call_id.7a5ddefa85
[0m04:55:30.895506 [debug] [Thread-1 (]: Writing injected SQL for node "test.portvessel.source_not_null_portvessel_gold_fct_port_call_port_call_id.7a5ddefa85"
[0m04:55:30.896507 [debug] [Thread-1 (]: Began executing node test.portvessel.source_not_null_portvessel_gold_fct_port_call_port_call_id.7a5ddefa85
[0m04:55:30.897507 [debug] [Thread-1 (]: Writing runtime sql for node "test.portvessel.source_not_null_portvessel_gold_fct_port_call_port_call_id.7a5ddefa85"
[0m04:55:30.898507 [debug] [Thread-1 (]: On test.portvessel.source_not_null_portvessel_gold_fct_port_call_port_call_id.7a5ddefa85: /* {"app": "dbt", "dbt_version": "1.12.3", "profile_name": "portvessel", "target_name": "dev", "node_id": "test.portvessel.source_not_null_portvessel_gold_fct_port_call_port_call_id.7a5ddefa85"} */

    
    select
      count(*) as failures,
      count(*) != 0 as should_warn,
      count(*) != 0 as should_error
    from (
      
    
  
    
    



select port_call_id
from `cloudprojects-506123`.`portvessel_dev_gold`.`fct_port_call`
where port_call_id is null



  
  
      
    ) dbt_internal_test
[0m04:55:30.898507 [debug] [Thread-1 (]: Opening a new connection, currently in state closed
[0m04:55:30.956245 [info ] [Thread-3 (]: 8 of 14 PASS source_not_null_portvessel_gold_fct_port_call_mmsi ................ [[32mPASS[0m in 0.97s]
[0m04:55:30.957246 [debug] [Thread-3 (]: Finished running node test.portvessel.source_not_null_portvessel_gold_fct_port_call_mmsi.a3782606f6
[0m04:55:30.957246 [debug] [Thread-3 (]: Began running node test.portvessel.source_not_null_portvessel_gold_vessel_operational_risk_flags_mmsi.5de8d6a52f
[0m04:55:30.958244 [info ] [Thread-3 (]: 10 of 14 START test source_not_null_portvessel_gold_vessel_operational_risk_flags_mmsi  [RUN]
[0m04:55:30.960245 [debug] [Thread-3 (]: Re-using an available connection from the pool (formerly test.portvessel.source_not_null_portvessel_gold_fct_port_call_mmsi.a3782606f6, now test.portvessel.source_not_null_portvessel_gold_vessel_operational_risk_flags_mmsi.5de8d6a52f)
[0m04:55:30.959244 [info ] [Thread-4 (]: 7 of 14 PASS source_not_null_portvessel_gold_fct_port_call_arrival_observed_at_utc  [[32mPASS[0m in 1.04s]
[0m04:55:30.960245 [debug] [Thread-3 (]: Began compiling node test.portvessel.source_not_null_portvessel_gold_vessel_operational_risk_flags_mmsi.5de8d6a52f
[0m04:55:30.961245 [debug] [Thread-4 (]: Finished running node test.portvessel.source_not_null_portvessel_gold_fct_port_call_arrival_observed_at_utc.912518b878
[0m04:55:30.966444 [debug] [Thread-3 (]: Writing injected SQL for node "test.portvessel.source_not_null_portvessel_gold_vessel_operational_risk_flags_mmsi.5de8d6a52f"
[0m04:55:30.966444 [debug] [Thread-4 (]: Began running node test.portvessel.source_not_null_portvessel_gold_vessel_operational_risk_flags_operational_flag.0da4b168a1
[0m04:55:30.967444 [info ] [Thread-4 (]: 11 of 14 START test source_not_null_portvessel_gold_vessel_operational_risk_flags_operational_flag  [RUN]
[0m04:55:30.967444 [debug] [Thread-4 (]: Re-using an available connection from the pool (formerly test.portvessel.source_not_null_portvessel_gold_fct_port_call_arrival_observed_at_utc.912518b878, now test.portvessel.source_not_null_portvessel_gold_vessel_operational_risk_flags_operational_flag.0da4b168a1)
[0m04:55:30.968443 [debug] [Thread-4 (]: Began compiling node test.portvessel.source_not_null_portvessel_gold_vessel_operational_risk_flags_operational_flag.0da4b168a1
[0m04:55:30.972443 [debug] [Thread-4 (]: Writing injected SQL for node "test.portvessel.source_not_null_portvessel_gold_vessel_operational_risk_flags_operational_flag.0da4b168a1"
[0m04:55:30.972443 [debug] [Thread-3 (]: Began executing node test.portvessel.source_not_null_portvessel_gold_vessel_operational_risk_flags_mmsi.5de8d6a52f
[0m04:55:30.974444 [debug] [Thread-3 (]: Writing runtime sql for node "test.portvessel.source_not_null_portvessel_gold_vessel_operational_risk_flags_mmsi.5de8d6a52f"
[0m04:55:30.975444 [debug] [Thread-4 (]: Began executing node test.portvessel.source_not_null_portvessel_gold_vessel_operational_risk_flags_operational_flag.0da4b168a1
[0m04:55:30.976443 [debug] [Thread-4 (]: Writing runtime sql for node "test.portvessel.source_not_null_portvessel_gold_vessel_operational_risk_flags_operational_flag.0da4b168a1"
[0m04:55:30.977444 [debug] [Thread-3 (]: On test.portvessel.source_not_null_portvessel_gold_vessel_operational_risk_flags_mmsi.5de8d6a52f: /* {"app": "dbt", "dbt_version": "1.12.3", "profile_name": "portvessel", "target_name": "dev", "node_id": "test.portvessel.source_not_null_portvessel_gold_vessel_operational_risk_flags_mmsi.5de8d6a52f"} */

    
    select
      count(*) as failures,
      count(*) != 0 as should_warn,
      count(*) != 0 as should_error
    from (
      
    
  
    
    



select mmsi
from `cloudprojects-506123`.`portvessel_dev_gold`.`vessel_operational_risk_flags`
where mmsi is null



  
  
      
    ) dbt_internal_test
[0m04:55:30.977444 [debug] [Thread-3 (]: Opening a new connection, currently in state closed
[0m04:55:30.978444 [debug] [Thread-4 (]: On test.portvessel.source_not_null_portvessel_gold_vessel_operational_risk_flags_operational_flag.0da4b168a1: /* {"app": "dbt", "dbt_version": "1.12.3", "profile_name": "portvessel", "target_name": "dev", "node_id": "test.portvessel.source_not_null_portvessel_gold_vessel_operational_risk_flags_operational_flag.0da4b168a1"} */

    
    select
      count(*) as failures,
      count(*) != 0 as should_warn,
      count(*) != 0 as should_error
    from (
      
    
  
    
    



select operational_flag
from `cloudprojects-506123`.`portvessel_dev_gold`.`vessel_operational_risk_flags`
where operational_flag is null



  
  
      
    ) dbt_internal_test
[0m04:55:30.979443 [debug] [Thread-4 (]: Opening a new connection, currently in state closed
[0m04:55:31.006384 [info ] [Thread-2 (]: 5 of 14 PASS source_not_null_portvessel_gold_fct_anchorage_dwell_exit_observed_at_utc  [[32mPASS[0m in 1.13s]
[0m04:55:31.007388 [debug] [Thread-2 (]: Finished running node test.portvessel.source_not_null_portvessel_gold_fct_anchorage_dwell_exit_observed_at_utc.4ce86b2423
[0m04:55:31.008388 [debug] [Thread-2 (]: Began running node test.portvessel.source_unique_portvessel_gold_fct_anchorage_dwell_anchorage_dwell_id.c6b3ee12e6
[0m04:55:31.008388 [info ] [Thread-2 (]: 12 of 14 START test source_unique_portvessel_gold_fct_anchorage_dwell_anchorage_dwell_id  [RUN]
[0m04:55:31.009388 [debug] [Thread-2 (]: Re-using an available connection from the pool (formerly test.portvessel.source_not_null_portvessel_gold_fct_anchorage_dwell_exit_observed_at_utc.4ce86b2423, now test.portvessel.source_unique_portvessel_gold_fct_anchorage_dwell_anchorage_dwell_id.c6b3ee12e6)
[0m04:55:31.009388 [debug] [Thread-2 (]: Began compiling node test.portvessel.source_unique_portvessel_gold_fct_anchorage_dwell_anchorage_dwell_id.c6b3ee12e6
[0m04:55:31.020387 [debug] [Thread-2 (]: Writing injected SQL for node "test.portvessel.source_unique_portvessel_gold_fct_anchorage_dwell_anchorage_dwell_id.c6b3ee12e6"
[0m04:55:31.021890 [debug] [Thread-2 (]: Began executing node test.portvessel.source_unique_portvessel_gold_fct_anchorage_dwell_anchorage_dwell_id.c6b3ee12e6
[0m04:55:31.024060 [debug] [Thread-2 (]: Writing runtime sql for node "test.portvessel.source_unique_portvessel_gold_fct_anchorage_dwell_anchorage_dwell_id.c6b3ee12e6"
[0m04:55:31.024060 [debug] [Thread-2 (]: On test.portvessel.source_unique_portvessel_gold_fct_anchorage_dwell_anchorage_dwell_id.c6b3ee12e6: /* {"app": "dbt", "dbt_version": "1.12.3", "profile_name": "portvessel", "target_name": "dev", "node_id": "test.portvessel.source_unique_portvessel_gold_fct_anchorage_dwell_anchorage_dwell_id.c6b3ee12e6"} */

    
    select
      count(*) as failures,
      count(*) != 0 as should_warn,
      count(*) != 0 as should_error
    from (
      
    
  
    
    

with dbt_test__target as (

  select anchorage_dwell_id as unique_field
  from `cloudprojects-506123`.`portvessel_dev_gold`.`fct_anchorage_dwell`
  where anchorage_dwell_id is not null

)

select
    unique_field,
    count(*) as n_records

from dbt_test__target
group by unique_field
having count(*) > 1



  
  
      
    ) dbt_internal_test
[0m04:55:31.025060 [debug] [Thread-2 (]: Opening a new connection, currently in state closed
[0m04:55:31.597889 [debug] [Thread-4 (]: BigQuery adapter: https://console.cloud.google.com/bigquery?project=cloudprojects-506123&j=bq:europe-west3:8678ce4a-fd49-468c-b5a0-67d16deceb29&page=queryresults
[0m04:55:31.599890 [debug] [Thread-3 (]: BigQuery adapter: https://console.cloud.google.com/bigquery?project=cloudprojects-506123&j=bq:europe-west3:5d49db1d-9c26-486b-86c9-63ddceac36dc&page=queryresults
[0m04:55:31.603928 [debug] [Thread-1 (]: BigQuery adapter: https://console.cloud.google.com/bigquery?project=cloudprojects-506123&j=bq:europe-west3:49333bfd-96c3-4b17-9d2d-98491ded12a4&page=queryresults
[0m04:55:31.664229 [debug] [Thread-2 (]: BigQuery adapter: https://console.cloud.google.com/bigquery?project=cloudprojects-506123&j=bq:europe-west3:4fa70eea-6e4e-4276-a7f0-c2410fbe4cad&page=queryresults
[0m04:55:31.729959 [debug] [Thread-1 (]: SQL status: OK in 0.126 seconds
[0m04:55:31.730959 [debug] [Thread-3 (]: SQL status: OK in 0.131 seconds
[0m04:55:31.760309 [debug] [Thread-2 (]: SQL status: OK in 0.096 seconds
[0m04:55:31.805781 [debug] [Thread-4 (]: SQL status: OK in 0.208 seconds
[0m04:55:31.927366 [info ] [Thread-1 (]: 9 of 14 PASS source_not_null_portvessel_gold_fct_port_call_port_call_id ........ [[32mPASS[0m in 1.04s]
[0m04:55:31.928367 [debug] [Thread-1 (]: Finished running node test.portvessel.source_not_null_portvessel_gold_fct_port_call_port_call_id.7a5ddefa85
[0m04:55:31.928367 [debug] [Thread-1 (]: Began running node test.portvessel.source_unique_portvessel_gold_fct_port_call_port_call_id.953d20cae7
[0m04:55:31.929366 [info ] [Thread-1 (]: 13 of 14 START test source_unique_portvessel_gold_fct_port_call_port_call_id ... [RUN]
[0m04:55:31.929366 [debug] [Thread-1 (]: Re-using an available connection from the pool (formerly test.portvessel.source_not_null_portvessel_gold_fct_port_call_port_call_id.7a5ddefa85, now test.portvessel.source_unique_portvessel_gold_fct_port_call_port_call_id.953d20cae7)
[0m04:55:31.929366 [debug] [Thread-1 (]: Began compiling node test.portvessel.source_unique_portvessel_gold_fct_port_call_port_call_id.953d20cae7
[0m04:55:31.934366 [debug] [Thread-1 (]: Writing injected SQL for node "test.portvessel.source_unique_portvessel_gold_fct_port_call_port_call_id.953d20cae7"
[0m04:55:31.941660 [info ] [Thread-3 (]: 10 of 14 PASS source_not_null_portvessel_gold_vessel_operational_risk_flags_mmsi  [[32mPASS[0m in 0.98s]
[0m04:55:31.941660 [debug] [Thread-3 (]: Finished running node test.portvessel.source_not_null_portvessel_gold_vessel_operational_risk_flags_mmsi.5de8d6a52f
[0m04:55:31.943173 [debug] [Thread-3 (]: Began running node test.portvessel.source_unique_portvessel_gold_vessel_operational_risk_flags_mmsi.2659b8de7c
[0m04:55:31.943173 [info ] [Thread-3 (]: 14 of 14 START test source_unique_portvessel_gold_vessel_operational_risk_flags_mmsi  [RUN]
[0m04:55:31.943173 [debug] [Thread-3 (]: Re-using an available connection from the pool (formerly test.portvessel.source_not_null_portvessel_gold_vessel_operational_risk_flags_mmsi.5de8d6a52f, now test.portvessel.source_unique_portvessel_gold_vessel_operational_risk_flags_mmsi.2659b8de7c)
[0m04:55:31.943173 [debug] [Thread-3 (]: Began compiling node test.portvessel.source_unique_portvessel_gold_vessel_operational_risk_flags_mmsi.2659b8de7c
[0m04:55:31.948696 [debug] [Thread-3 (]: Writing injected SQL for node "test.portvessel.source_unique_portvessel_gold_vessel_operational_risk_flags_mmsi.2659b8de7c"
[0m04:55:31.948696 [debug] [Thread-1 (]: Began executing node test.portvessel.source_unique_portvessel_gold_fct_port_call_port_call_id.953d20cae7
[0m04:55:31.950698 [debug] [Thread-1 (]: Writing runtime sql for node "test.portvessel.source_unique_portvessel_gold_fct_port_call_port_call_id.953d20cae7"
[0m04:55:31.950698 [debug] [Thread-3 (]: Began executing node test.portvessel.source_unique_portvessel_gold_vessel_operational_risk_flags_mmsi.2659b8de7c
[0m04:55:31.951698 [debug] [Thread-3 (]: Writing runtime sql for node "test.portvessel.source_unique_portvessel_gold_vessel_operational_risk_flags_mmsi.2659b8de7c"
[0m04:55:31.952697 [debug] [Thread-1 (]: On test.portvessel.source_unique_portvessel_gold_fct_port_call_port_call_id.953d20cae7: /* {"app": "dbt", "dbt_version": "1.12.3", "profile_name": "portvessel", "target_name": "dev", "node_id": "test.portvessel.source_unique_portvessel_gold_fct_port_call_port_call_id.953d20cae7"} */

    
    select
      count(*) as failures,
      count(*) != 0 as should_warn,
      count(*) != 0 as should_error
    from (
      
    
  
    
    

with dbt_test__target as (

  select port_call_id as unique_field
  from `cloudprojects-506123`.`portvessel_dev_gold`.`fct_port_call`
  where port_call_id is not null

)

select
    unique_field,
    count(*) as n_records

from dbt_test__target
group by unique_field
having count(*) > 1



  
  
      
    ) dbt_internal_test
[0m04:55:31.954990 [debug] [Thread-1 (]: Opening a new connection, currently in state closed
[0m04:55:31.954990 [info ] [Thread-4 (]: 11 of 14 PASS source_not_null_portvessel_gold_vessel_operational_risk_flags_operational_flag  [[32mPASS[0m in 0.99s]
[0m04:55:31.955990 [debug] [Thread-4 (]: Finished running node test.portvessel.source_not_null_portvessel_gold_vessel_operational_risk_flags_operational_flag.0da4b168a1
[0m04:55:31.955990 [debug] [Thread-3 (]: On test.portvessel.source_unique_portvessel_gold_vessel_operational_risk_flags_mmsi.2659b8de7c: /* {"app": "dbt", "dbt_version": "1.12.3", "profile_name": "portvessel", "target_name": "dev", "node_id": "test.portvessel.source_unique_portvessel_gold_vessel_operational_risk_flags_mmsi.2659b8de7c"} */

    
    select
      count(*) as failures,
      count(*) != 0 as should_warn,
      count(*) != 0 as should_error
    from (
      
    
  
    
    

with dbt_test__target as (

  select mmsi as unique_field
  from `cloudprojects-506123`.`portvessel_dev_gold`.`vessel_operational_risk_flags`
  where mmsi is not null

)

select
    unique_field,
    count(*) as n_records

from dbt_test__target
group by unique_field
having count(*) > 1



  
  
      
    ) dbt_internal_test
[0m04:55:31.956990 [debug] [Thread-3 (]: Opening a new connection, currently in state closed
[0m04:55:31.983615 [info ] [Thread-2 (]: 12 of 14 PASS source_unique_portvessel_gold_fct_anchorage_dwell_anchorage_dwell_id  [[32mPASS[0m in 0.98s]
[0m04:55:31.984616 [debug] [Thread-2 (]: Finished running node test.portvessel.source_unique_portvessel_gold_fct_anchorage_dwell_anchorage_dwell_id.c6b3ee12e6
[0m04:55:32.519311 [debug] [Thread-3 (]: BigQuery adapter: https://console.cloud.google.com/bigquery?project=cloudprojects-506123&j=bq:europe-west3:c4b874d3-3dbc-4cc2-9185-552860872fcc&page=queryresults
[0m04:55:32.589754 [debug] [Thread-1 (]: BigQuery adapter: https://console.cloud.google.com/bigquery?project=cloudprojects-506123&j=bq:europe-west3:bdf1fda9-558f-4eb0-8b04-aae2b430ee4d&page=queryresults
[0m04:55:32.607425 [debug] [Thread-3 (]: SQL status: OK in 0.087 seconds
[0m04:55:32.653979 [debug] [Thread-1 (]: SQL status: OK in 0.064 seconds
[0m04:55:32.791137 [info ] [Thread-1 (]: 13 of 14 PASS source_unique_portvessel_gold_fct_port_call_port_call_id ......... [[32mPASS[0m in 0.86s]
[0m04:55:32.792137 [debug] [Thread-1 (]: Finished running node test.portvessel.source_unique_portvessel_gold_fct_port_call_port_call_id.953d20cae7
[0m04:55:32.841342 [info ] [Thread-3 (]: 14 of 14 PASS source_unique_portvessel_gold_vessel_operational_risk_flags_mmsi . [[32mPASS[0m in 0.90s]
[0m04:55:32.842342 [debug] [Thread-3 (]: Finished running node test.portvessel.source_unique_portvessel_gold_vessel_operational_risk_flags_mmsi.2659b8de7c
[0m04:55:32.843346 [debug] [MainThread]: Opening a new connection, currently in state closed
[0m04:55:32.843346 [debug] [MainThread]: Connection 'master' was properly closed.
[0m04:55:32.843346 [debug] [MainThread]: Connection 'list_cloudprojects-506123_portvessel_dev_marts_portvessel_dev_marts' was properly closed.
[0m04:55:32.844347 [debug] [MainThread]: Connection 'test.portvessel.source_unique_portvessel_gold_fct_port_call_port_call_id.953d20cae7' was properly closed.
[0m04:55:32.844347 [debug] [MainThread]: Connection 'test.portvessel.source_unique_portvessel_gold_fct_anchorage_dwell_anchorage_dwell_id.c6b3ee12e6' was properly closed.
[0m04:55:32.844347 [debug] [MainThread]: Connection 'test.portvessel.source_unique_portvessel_gold_vessel_operational_risk_flags_mmsi.2659b8de7c' was properly closed.
[0m04:55:32.844347 [debug] [MainThread]: Connection 'test.portvessel.source_not_null_portvessel_gold_vessel_operational_risk_flags_operational_flag.0da4b168a1' was properly closed.
[0m04:55:32.845346 [info ] [MainThread]: 
[0m04:55:32.845346 [info ] [MainThread]: Finished running 14 data tests in 0 hours 0 minutes and 5.90 seconds (5.90s).
[0m04:55:32.847342 [debug] [MainThread]: Command end result
[0m04:55:32.876343 [debug] [MainThread]: Wrote artifact WritableManifest to C:\Users\magic\Projects\PortVessel-lakehouse\dbt\target\manifest.json
[0m04:55:32.878346 [debug] [MainThread]: Wrote artifact SemanticManifest to C:\Users\magic\Projects\PortVessel-lakehouse\dbt\target\semantic_manifest.json
[0m04:55:32.881346 [debug] [MainThread]: Wrote artifact OsiDocument to C:\Users\magic\Projects\PortVessel-lakehouse\dbt\target\osi_document.json
[0m04:55:32.887715 [debug] [MainThread]: Wrote artifact RunExecutionResult to C:\Users\magic\Projects\PortVessel-lakehouse\dbt\target\run_results.json
[0m04:55:32.887715 [info ] [MainThread]: 
[0m04:55:32.887715 [info ] [MainThread]: [32mCompleted successfully[0m
[0m04:55:32.888712 [info ] [MainThread]: 
[0m04:55:32.888712 [info ] [MainThread]: Done. PASS=14 WARN=0 ERROR=0 SKIP=0 NO-OP=0 REUSED=0 TOTAL=14
[0m04:55:32.889712 [debug] [MainThread]: Command `dbt test` succeeded at 04:55:32.889712 after 7.74 seconds
[0m04:55:32.889712 [debug] [MainThread]: Sending event: {'category': 'dbt', 'action': 'invocation', 'label': 'end', 'context': [<snowplow_tracker.self_describing_json.SelfDescribingJson object at 0x000002A7D06AE720>, <snowplow_tracker.self_describing_json.SelfDescribingJson object at 0x000002A7D06AFE60>, <snowplow_tracker.self_describing_json.SelfDescribingJson object at 0x000002A7D04E7710>]}
[0m04:55:32.889712 [debug] [MainThread]: Flushing usage events
[0m04:55:33.540382 [debug] [MainThread]: An error was encountered while trying to flush usage events
[0m04:55:42.036123 [debug] [MainThread]: Sending event: {'category': 'dbt', 'action': 'invocation', 'label': 'start', 'context': [<snowplow_tracker.self_describing_json.SelfDescribingJson object at 0x0000029FE16E7830>, <snowplow_tracker.self_describing_json.SelfDescribingJson object at 0x0000029FDEB0E7B0>, <snowplow_tracker.self_describing_json.SelfDescribingJson object at 0x0000029FE16E5FA0>]}


============================== 04:55:42.039635 | d1903a1c-06f3-475a-ace5-3ab9ce02eb2b ==============================
[0m04:55:42.039635 [info ] [MainThread]: Running with dbt=1.12.3
[0m04:55:42.039635 [debug] [MainThread]: running dbt with arguments {'maximum_seed_size_mib': '1', 'no_print': 'None', 'version_check': 'True', 'warn_error_options': 'WarnErrorOptionsV2(error=[], warn=[], silence=[])', 'target_path': 'None', 'static_parser': 'True', 'printer_width': '80', 'write_json': 'True', 'introspect': 'True', 'log_cache_events': 'False', 'empty': 'False', 'cache_selected_only': 'False', 'fail_fast': 'False', 'debug': 'False', 'log_format': 'default', 'profiles_dir': 'C:\\Users\\magic\\Projects\\PortVessel-lakehouse\\dbt', 'send_anonymous_usage_stats': 'True', 'quiet': 'False', 'warn_error': 'None', 'partial_parse': 'True', 'use_colors': 'True', 'hints_enabled': 'True', 'indirect_selection': 'eager', 'use_experimental_parser': 'False', 'invocation_command': 'dbt run --select marts', 'log_path': 'C:\\Users\\magic\\Projects\\PortVessel-lakehouse\\dbt\\logs'}
[0m04:55:43.029234 [debug] [MainThread]: Sending event: {'category': 'dbt', 'action': 'project_id', 'label': 'd1903a1c-06f3-475a-ace5-3ab9ce02eb2b', 'context': [<snowplow_tracker.self_describing_json.SelfDescribingJson object at 0x0000029F95C7DC70>]}
[0m04:55:43.075482 [debug] [MainThread]: Sending event: {'category': 'dbt', 'action': 'adapter_info', 'label': 'd1903a1c-06f3-475a-ace5-3ab9ce02eb2b', 'context': [<snowplow_tracker.self_describing_json.SelfDescribingJson object at 0x0000029FDEE923C0>]}
[0m04:55:43.076481 [info ] [MainThread]: Registered adapter: bigquery=1.12.0
[0m04:55:43.425221 [debug] [MainThread]: checksum: 5f143da5afd1a6b6298bff390d2cac426bc2fa3cddb0281a2f93c038cc305c8b, vars: {}, profile: portvessel, target: dev, version: 1.12.3
[0m04:55:43.545786 [debug] [MainThread]: Partial parsing enabled: 0 files deleted, 0 files added, 0 files changed.
[0m04:55:43.545786 [debug] [MainThread]: Nothing changed, skipping partial parsing.
[0m04:55:43.545786 [debug] [MainThread]: Partial parsing enabled, no changes found, skipping parsing
[0m04:55:43.552786 [debug] [MainThread]: Sending event: {'category': 'dbt', 'action': 'load_project', 'label': 'd1903a1c-06f3-475a-ace5-3ab9ce02eb2b', 'context': [<snowplow_tracker.self_describing_json.SelfDescribingJson object at 0x0000029FDEDD7A40>]}
[0m04:55:43.658217 [debug] [MainThread]: Wrote artifact WritableManifest to C:\Users\magic\Projects\PortVessel-lakehouse\dbt\target\manifest.json
[0m04:55:43.660216 [debug] [MainThread]: Wrote artifact SemanticManifest to C:\Users\magic\Projects\PortVessel-lakehouse\dbt\target\semantic_manifest.json
[0m04:55:43.680215 [debug] [MainThread]: Wrote artifact OsiDocument to C:\Users\magic\Projects\PortVessel-lakehouse\dbt\target\osi_document.json
[0m04:55:43.689426 [debug] [MainThread]: Sending event: {'category': 'dbt', 'action': 'resource_counts', 'label': 'd1903a1c-06f3-475a-ace5-3ab9ce02eb2b', 'context': [<snowplow_tracker.self_describing_json.SelfDescribingJson object at 0x0000029F965F9850>]}
[0m04:55:43.689426 [info ] [MainThread]: Found 2 models, 14 data tests, 4 sources, 561 macros
[0m04:55:43.690427 [debug] [MainThread]: Sending event: {'category': 'dbt', 'action': 'runnable_timing', 'label': 'd1903a1c-06f3-475a-ace5-3ab9ce02eb2b', 'context': [<snowplow_tracker.self_describing_json.SelfDescribingJson object at 0x0000029F96004860>]}
[0m04:55:43.691427 [info ] [MainThread]: 
[0m04:55:43.691427 [info ] [MainThread]: Concurrency: 4 threads (target='dev')
[0m04:55:43.691427 [info ] [MainThread]: 
[0m04:55:43.692426 [debug] [MainThread]: Acquiring new bigquery connection 'master'
[0m04:55:43.695427 [debug] [ThreadPool]: Acquiring new bigquery connection 'list_cloudprojects-506123'
[0m04:55:43.695427 [debug] [ThreadPool]: Opening a new connection, currently in state init
[0m04:55:45.230354 [debug] [ThreadPool]: Re-using an available connection from the pool (formerly list_cloudprojects-506123, now create_cloudprojects-506123_portvessel_dev_marts_portvessel_dev_marts)
[0m04:55:45.230354 [debug] [ThreadPool]: Creating schema "database: "cloudprojects-506123"
schema: "portvessel_dev_marts_portvessel_dev_marts"
"
[0m04:55:45.239354 [debug] [ThreadPool]: On create_cloudprojects-506123_portvessel_dev_marts_portvessel_dev_marts: /* {"app": "dbt", "dbt_version": "1.12.3", "profile_name": "portvessel", "target_name": "dev", "connection_name": "create_cloudprojects-506123_portvessel_dev_marts_portvessel_dev_marts"} */
create schema if not exists `cloudprojects-506123`.`portvessel_dev_marts_portvessel_dev_marts`
  
[0m04:55:45.239354 [debug] [ThreadPool]: Opening a new connection, currently in state closed
[0m04:55:45.664306 [debug] [ThreadPool]: BigQuery adapter: https://console.cloud.google.com/bigquery?project=cloudprojects-506123&j=bq:europe-west3:a971e7c8-b43d-4a39-986d-f4d3f1c1706f&page=queryresults
[0m04:55:46.889289 [debug] [ThreadPool]: SQL status: OK in 1.224 seconds
[0m04:55:46.938192 [debug] [ThreadPool]: Acquiring new bigquery connection 'list_cloudprojects-506123_portvessel_dev_marts_portvessel_dev_marts'
[0m04:55:46.938192 [debug] [ThreadPool]: Opening a new connection, currently in state init
[0m04:55:47.473709 [debug] [MainThread]: Sending event: {'category': 'dbt', 'action': 'runnable_timing', 'label': 'd1903a1c-06f3-475a-ace5-3ab9ce02eb2b', 'context': [<snowplow_tracker.self_describing_json.SelfDescribingJson object at 0x0000029F95F77140>]}
[0m04:55:47.474710 [debug] [MainThread]: Opening a new connection, currently in state init
[0m04:55:47.477709 [debug] [Thread-1 (]: Began running node model.portvessel.mart_port_congestion
[0m04:55:47.477709 [debug] [Thread-2 (]: Began running node model.portvessel.mart_vessel_risk
[0m04:55:47.478710 [info ] [Thread-1 (]: 1 of 2 START sql table model portvessel_dev_marts_portvessel_dev_marts.mart_port_congestion  [RUN]
[0m04:55:47.479710 [debug] [Thread-1 (]: Acquiring new bigquery connection 'model.portvessel.mart_port_congestion'
[0m04:55:47.478710 [info ] [Thread-2 (]: 2 of 2 START sql table model portvessel_dev_marts_portvessel_dev_marts.mart_vessel_risk  [RUN]
[0m04:55:47.479710 [debug] [Thread-1 (]: Began compiling node model.portvessel.mart_port_congestion
[0m04:55:47.479710 [debug] [Thread-2 (]: Acquiring new bigquery connection 'model.portvessel.mart_vessel_risk'
[0m04:55:47.485710 [debug] [Thread-1 (]: Writing injected SQL for node "model.portvessel.mart_port_congestion"
[0m04:55:47.485710 [debug] [Thread-2 (]: Began compiling node model.portvessel.mart_vessel_risk
[0m04:55:47.487712 [debug] [Thread-2 (]: Writing injected SQL for node "model.portvessel.mart_vessel_risk"
[0m04:55:47.488709 [debug] [Thread-2 (]: Began executing node model.portvessel.mart_vessel_risk
[0m04:55:47.489710 [debug] [Thread-1 (]: Began executing node model.portvessel.mart_port_congestion
[0m04:55:47.514946 [debug] [Thread-2 (]: Writing runtime sql for node "model.portvessel.mart_vessel_risk"
[0m04:55:47.521457 [debug] [Thread-1 (]: Writing runtime sql for node "model.portvessel.mart_port_congestion"
[0m04:55:47.523457 [debug] [Thread-2 (]: On model.portvessel.mart_vessel_risk: /* {"app": "dbt", "dbt_version": "1.12.3", "profile_name": "portvessel", "target_name": "dev", "node_id": "model.portvessel.mart_vessel_risk"} */

  
    

    create or replace table `cloudprojects-506123`.`portvessel_dev_marts_portvessel_dev_marts`.`mart_vessel_risk`
      
    
    cluster by mmsi, operational_flag

    
    OPTIONS(
      description=""""""
    )
    as (
      

with risk_data as (
    select
        mmsi,
        port_call_count,
        port_calls_with_anchorage,
        partial_port_calls,
        persistent_anchorage_episode_count,
        max_port_duration_minutes,
        mean_port_duration_minutes,
        max_persistent_anchorage_dwell_minutes,
        mean_persistent_anchorage_dwell_minutes,
        max_observation_gap_minutes,
        operational_flag,
        source_object,
        source_sha256,
        loaded_at_utc,
        ingestion_run_id
    from `cloudprojects-506123`.`portvessel_dev_gold`.`vessel_operational_risk_flags`
),

final as (
    select
        mmsi,
        port_call_count,
        port_calls_with_anchorage,
        safe_divide(
            port_calls_with_anchorage,
            nullif(port_call_count, 0)
        ) as anchorage_call_rate,
        partial_port_calls,
        persistent_anchorage_episode_count,
        max_port_duration_minutes,
        mean_port_duration_minutes,
        max_persistent_anchorage_dwell_minutes,
        mean_persistent_anchorage_dwell_minutes,
        max_observation_gap_minutes,
        operational_flag,
        source_object,
        source_sha256,
        loaded_at_utc,
        ingestion_run_id
    from risk_data
)

select * from final
    );
  
[0m04:55:47.523457 [debug] [Thread-1 (]: On model.portvessel.mart_port_congestion: /* {"app": "dbt", "dbt_version": "1.12.3", "profile_name": "portvessel", "target_name": "dev", "node_id": "model.portvessel.mart_port_congestion"} */

  
    

    create or replace table `cloudprojects-506123`.`portvessel_dev_marts_portvessel_dev_marts`.`mart_port_congestion`
      
    partition by metric_date
    cluster by port_id

    
    OPTIONS(
      description=""""""
    )
    as (
      

with source_data as (
    select
        metric_date,
        port_id,
        port_name,
        observed_port_calls,
        observed_vessels,
        port_calls_with_anchorage,
        median_port_duration_minutes,
        p90_port_duration_minutes,
        mean_port_duration_minutes,
        observed_with_anchorage_calls,
        partial_calls,
        source_object,
        source_sha256,
        loaded_at_utc,
        ingestion_run_id
    from `cloudprojects-506123`.`portvessel_dev_gold`.`agg_port_congestion_daily`
),

final as (
    select
        metric_date,
        port_id,
        port_name,
        observed_port_calls,
        observed_vessels,
        port_calls_with_anchorage,
        safe_divide(port_calls_with_anchorage, nullif(observed_port_calls, 0))
            as anchorage_call_rate,
        median_port_duration_minutes,
        p90_port_duration_minutes,
        mean_port_duration_minutes,
        observed_with_anchorage_calls,
        partial_calls,
        source_object,
        source_sha256,
        loaded_at_utc,
        ingestion_run_id
    from source_data
)

select * from final
    );
  
[0m04:55:47.523457 [debug] [Thread-2 (]: Opening a new connection, currently in state init
[0m04:55:47.524749 [debug] [Thread-1 (]: Opening a new connection, currently in state init
[0m04:55:48.109218 [debug] [Thread-1 (]: BigQuery adapter: https://console.cloud.google.com/bigquery?project=cloudprojects-506123&j=bq:europe-west3:56859ace-5ddf-4ec8-8e6b-d1f152033ea1&page=queryresults
[0m04:55:48.226762 [debug] [Thread-2 (]: BigQuery adapter: https://console.cloud.google.com/bigquery?project=cloudprojects-506123&j=bq:europe-west3:7197da08-33d5-412e-844f-e85055806472&page=queryresults
[0m04:55:49.194315 [debug] [Thread-2 (]: SQL status: OK in 0.968 seconds
[0m04:55:49.203473 [debug] [Thread-1 (]: SQL status: OK in 1.093 seconds
[0m04:55:49.331132 [debug] [Thread-1 (]: Sending event: {'category': 'dbt', 'action': 'run_model', 'label': 'd1903a1c-06f3-475a-ace5-3ab9ce02eb2b', 'context': [<snowplow_tracker.self_describing_json.SelfDescribingJson object at 0x0000029FE1290A10>]}
[0m04:55:49.331132 [debug] [Thread-2 (]: Sending event: {'category': 'dbt', 'action': 'run_model', 'label': 'd1903a1c-06f3-475a-ace5-3ab9ce02eb2b', 'context': [<snowplow_tracker.self_describing_json.SelfDescribingJson object at 0x0000029F95DBDD30>]}
[0m04:55:49.332132 [info ] [Thread-1 (]: 1 of 2 OK created sql table model portvessel_dev_marts_portvessel_dev_marts.mart_port_congestion  [[32mCREATE TABLE (4.0 rows, 1.3 KiB processed)[0m in 1.85s]
[0m04:55:49.333132 [debug] [Thread-1 (]: Finished running node model.portvessel.mart_port_congestion
[0m04:55:49.332132 [info ] [Thread-2 (]: 2 of 2 OK created sql table model portvessel_dev_marts_portvessel_dev_marts.mart_vessel_risk  [[32mCREATE TABLE (428.0 rows, 117.3 KiB processed)[0m in 1.85s]
[0m04:55:49.333132 [debug] [Thread-2 (]: Finished running node model.portvessel.mart_vessel_risk
[0m04:55:49.334133 [debug] [MainThread]: Opening a new connection, currently in state closed
[0m04:55:49.335133 [debug] [MainThread]: Connection 'master' was properly closed.
[0m04:55:49.335133 [debug] [MainThread]: Connection 'create_cloudprojects-506123_portvessel_dev_marts_portvessel_dev_marts' was properly closed.
[0m04:55:49.335133 [debug] [MainThread]: Connection 'list_cloudprojects-506123_portvessel_dev_marts_portvessel_dev_marts' was properly closed.
[0m04:55:49.336132 [debug] [MainThread]: Connection 'model.portvessel.mart_port_congestion' was properly closed.
[0m04:55:49.336132 [debug] [MainThread]: Connection 'model.portvessel.mart_vessel_risk' was properly closed.
[0m04:55:49.336132 [info ] [MainThread]: 
[0m04:55:49.336132 [info ] [MainThread]: Finished running 2 table models in 0 hours 0 minutes and 5.64 seconds (5.64s).
[0m04:55:49.337132 [debug] [MainThread]: Command end result
[0m04:55:49.365132 [debug] [MainThread]: Wrote artifact WritableManifest to C:\Users\magic\Projects\PortVessel-lakehouse\dbt\target\manifest.json
[0m04:55:49.368132 [debug] [MainThread]: Wrote artifact SemanticManifest to C:\Users\magic\Projects\PortVessel-lakehouse\dbt\target\semantic_manifest.json
[0m04:55:49.370132 [debug] [MainThread]: Wrote artifact OsiDocument to C:\Users\magic\Projects\PortVessel-lakehouse\dbt\target\osi_document.json
[0m04:55:49.375640 [debug] [MainThread]: Wrote artifact RunExecutionResult to C:\Users\magic\Projects\PortVessel-lakehouse\dbt\target\run_results.json
[0m04:55:49.375640 [info ] [MainThread]: 
[0m04:55:49.375640 [info ] [MainThread]: [32mCompleted successfully[0m
[0m04:55:49.375640 [info ] [MainThread]: 
[0m04:55:49.377161 [info ] [MainThread]: Done. PASS=2 WARN=0 ERROR=0 SKIP=0 NO-OP=0 REUSED=0 TOTAL=2
[0m04:55:49.377161 [debug] [MainThread]: Command `dbt run` succeeded at 04:55:49.377161 after 7.45 seconds
[0m04:55:49.377161 [debug] [MainThread]: Sending event: {'category': 'dbt', 'action': 'invocation', 'label': 'end', 'context': [<snowplow_tracker.self_describing_json.SelfDescribingJson object at 0x0000029FE0C5F740>, <snowplow_tracker.self_describing_json.SelfDescribingJson object at 0x0000029FE133FFE0>, <snowplow_tracker.self_describing_json.SelfDescribingJson object at 0x0000029FE133D700>]}
[0m04:55:49.378687 [debug] [MainThread]: Flushing usage events
[0m04:55:50.068768 [debug] [MainThread]: An error was encountered while trying to flush usage events
[0m04:58:44.429571 [debug] [MainThread]: Sending event: {'category': 'dbt', 'action': 'invocation', 'label': 'start', 'context': [<snowplow_tracker.self_describing_json.SelfDescribingJson object at 0x00000280753DE0C0>, <snowplow_tracker.self_describing_json.SelfDescribingJson object at 0x0000028079AD22D0>, <snowplow_tracker.self_describing_json.SelfDescribingJson object at 0x00000280756EE9C0>]}


============================== 04:58:44.432572 | 6c261dbd-483d-4f90-b309-410b21c94c87 ==============================
[0m04:58:44.432572 [info ] [MainThread]: Running with dbt=1.12.3
[0m04:58:44.433854 [debug] [MainThread]: running dbt with arguments {'static_parser': 'True', 'no_print': 'None', 'version_check': 'True', 'target_path': 'None', 'maximum_seed_size_mib': '1', 'warn_error_options': 'WarnErrorOptionsV2(error=[], warn=[], silence=[])', 'printer_width': '80', 'write_json': 'True', 'empty': 'None', 'log_cache_events': 'False', 'introspect': 'True', 'cache_selected_only': 'False', 'log_format': 'default', 'debug': 'False', 'fail_fast': 'False', 'profiles_dir': 'C:\\Users\\magic\\Projects\\PortVessel-lakehouse\\dbt', 'send_anonymous_usage_stats': 'True', 'quiet': 'False', 'warn_error': 'None', 'partial_parse': 'True', 'use_colors': 'True', 'hints_enabled': 'True', 'indirect_selection': 'eager', 'use_experimental_parser': 'False', 'invocation_command': 'dbt source freshness', 'log_path': 'C:\\Users\\magic\\Projects\\PortVessel-lakehouse\\dbt\\logs'}
[0m04:58:45.440638 [debug] [MainThread]: Sending event: {'category': 'dbt', 'action': 'project_id', 'label': '6c261dbd-483d-4f90-b309-410b21c94c87', 'context': [<snowplow_tracker.self_describing_json.SelfDescribingJson object at 0x000002802A684EC0>]}
[0m04:58:45.488636 [debug] [MainThread]: Sending event: {'category': 'dbt', 'action': 'adapter_info', 'label': '6c261dbd-483d-4f90-b309-410b21c94c87', 'context': [<snowplow_tracker.self_describing_json.SelfDescribingJson object at 0x00000280754D3560>]}
[0m04:58:45.488636 [info ] [MainThread]: Registered adapter: bigquery=1.12.0
[0m04:58:45.831030 [debug] [MainThread]: checksum: 5f143da5afd1a6b6298bff390d2cac426bc2fa3cddb0281a2f93c038cc305c8b, vars: {}, profile: portvessel, target: dev, version: 1.12.3
[0m04:58:45.917150 [warn ] [MainThread]: [[33mWARNING[0m][PropertyMovedToConfigDeprecation]: Deprecated functionality
Found `freshness` as a top-level property of `sources[0].tables[0]` in file
`models\sources.yml`. The `freshness` top-level property should be moved into
the `config` of `sources[0].tables[0]`.
[0m04:58:45.917150 [debug] [MainThread]: Sending event: {'category': 'dbt', 'action': 'deprecation', 'label': '6c261dbd-483d-4f90-b309-410b21c94c87', 'property_': 'warn', 'context': [<snowplow_tracker.self_describing_json.SelfDescribingJson object at 0x000002802CB608F0>]}
[0m04:58:45.956156 [debug] [MainThread]: Partial parsing enabled: 0 files deleted, 0 files added, 1 files changed.
[0m04:58:45.957156 [debug] [MainThread]: Partial parsing: updated file: portvessel://models\sources.yml
[0m04:58:46.361738 [debug] [MainThread]: Sending event: {'category': 'dbt', 'action': 'load_project', 'label': '6c261dbd-483d-4f90-b309-410b21c94c87', 'context': [<snowplow_tracker.self_describing_json.SelfDescribingJson object at 0x000002802D02CE30>]}
[0m04:58:46.442119 [debug] [MainThread]: Wrote artifact WritableManifest to C:\Users\magic\Projects\PortVessel-lakehouse\dbt\target\manifest.json
[0m04:58:46.444786 [debug] [MainThread]: Wrote artifact SemanticManifest to C:\Users\magic\Projects\PortVessel-lakehouse\dbt\target\semantic_manifest.json
[0m04:58:46.464899 [debug] [MainThread]: Wrote artifact OsiDocument to C:\Users\magic\Projects\PortVessel-lakehouse\dbt\target\osi_document.json
[0m04:58:46.475112 [debug] [MainThread]: Sending event: {'category': 'dbt', 'action': 'resource_counts', 'label': '6c261dbd-483d-4f90-b309-410b21c94c87', 'context': [<snowplow_tracker.self_describing_json.SelfDescribingJson object at 0x000002802D0B4770>]}
[0m04:58:46.475112 [info ] [MainThread]: Found 2 models, 14 data tests, 4 sources, 561 macros
[0m04:58:46.476109 [debug] [MainThread]: Sending event: {'category': 'dbt', 'action': 'runnable_timing', 'label': '6c261dbd-483d-4f90-b309-410b21c94c87', 'context': [<snowplow_tracker.self_describing_json.SelfDescribingJson object at 0x000002802CDDE8D0>]}
[0m04:58:46.477109 [info ] [MainThread]: 
[0m04:58:46.478108 [info ] [MainThread]: Concurrency: 4 threads (target='dev')
[0m04:58:46.478108 [info ] [MainThread]: 
[0m04:58:46.479107 [debug] [MainThread]: Acquiring new bigquery connection 'master'
[0m04:58:46.482107 [debug] [ThreadPool]: Acquiring new bigquery connection 'list_cloudprojects-506123_portvessel_dev_marts_portvessel_dev_marts'
[0m04:58:46.482107 [debug] [ThreadPool]: Opening a new connection, currently in state init
[0m04:58:48.004817 [debug] [MainThread]: Sending event: {'category': 'dbt', 'action': 'runnable_timing', 'label': '6c261dbd-483d-4f90-b309-410b21c94c87', 'context': [<snowplow_tracker.self_describing_json.SelfDescribingJson object at 0x000002802D0B5040>]}
[0m04:58:48.004817 [debug] [MainThread]: Opening a new connection, currently in state init
[0m04:58:48.005816 [info ] [MainThread]: Pulling freshness from warehouse metadata tables for 0 sources
[0m04:58:48.005816 [warn ] [MainThread]: [[33mWARNING[0m]: Use information schema TABLE_STORAGE table to calculate source freshness in batch.
You may opt into the new behavior sooner by setting `flags.bigquery_use_batch_source_freshness` to `True` in `dbt_project.yml`.
Visit https://docs.getdbt.com/reference/global-configs/behavior-changes for more information.
[0m04:58:48.005816 [debug] [MainThread]: Sending event: {'category': 'dbt', 'action': 'BehaviorChangeEvent', 'label': '6c261dbd-483d-4f90-b309-410b21c94c87', 'context': [<snowplow_tracker.self_describing_json.SelfDescribingJson object at 0x000002802D11DFA0>]}
[0m04:58:48.009815 [debug] [Thread-1 (]: Began running node source.portvessel.portvessel_gold.agg_port_congestion_daily
[0m04:58:48.009815 [debug] [Thread-2 (]: Began running node source.portvessel.portvessel_gold.fct_anchorage_dwell
[0m04:58:48.009815 [info ] [Thread-1 (]: 1 of 2 START freshness of portvessel_gold.agg_port_congestion_daily ............ [RUN]
[0m04:58:48.010816 [debug] [Thread-1 (]: Acquiring new bigquery connection 'source.portvessel.portvessel_gold.agg_port_congestion_daily'
[0m04:58:48.009815 [info ] [Thread-2 (]: 2 of 2 START freshness of portvessel_gold.fct_anchorage_dwell .................. [RUN]
[0m04:58:48.010816 [debug] [Thread-1 (]: Began compiling node source.portvessel.portvessel_gold.agg_port_congestion_daily
[0m04:58:48.011815 [debug] [Thread-2 (]: Acquiring new bigquery connection 'source.portvessel.portvessel_gold.fct_anchorage_dwell'
[0m04:58:48.011815 [debug] [Thread-1 (]: Began executing node source.portvessel.portvessel_gold.agg_port_congestion_daily
[0m04:58:48.011815 [debug] [Thread-2 (]: Began compiling node source.portvessel.portvessel_gold.fct_anchorage_dwell
[0m04:58:48.023816 [debug] [Thread-1 (]: On source.portvessel.portvessel_gold.agg_port_congestion_daily: /* {"app": "dbt", "dbt_version": "1.12.3", "profile_name": "portvessel", "target_name": "dev", "node_id": "source.portvessel.portvessel_gold.agg_port_congestion_daily"} */
select
      max(loaded_at_utc) as max_loaded_at,
      current_timestamp() as snapshotted_at
    from `cloudprojects-506123`.`portvessel_dev_gold`.`agg_port_congestion_daily`
    
  
[0m04:58:48.023816 [debug] [Thread-2 (]: Began executing node source.portvessel.portvessel_gold.fct_anchorage_dwell
[0m04:58:48.023816 [debug] [Thread-1 (]: Opening a new connection, currently in state init
[0m04:58:48.025817 [debug] [Thread-2 (]: On source.portvessel.portvessel_gold.fct_anchorage_dwell: /* {"app": "dbt", "dbt_version": "1.12.3", "profile_name": "portvessel", "target_name": "dev", "node_id": "source.portvessel.portvessel_gold.fct_anchorage_dwell"} */
select
      max(loaded_at_utc) as max_loaded_at,
      current_timestamp() as snapshotted_at
    from `cloudprojects-506123`.`portvessel_dev_gold`.`fct_anchorage_dwell`
    
  
[0m04:58:48.026816 [debug] [Thread-2 (]: Opening a new connection, currently in state init
[0m04:58:48.647603 [debug] [Thread-2 (]: BigQuery adapter: https://console.cloud.google.com/bigquery?project=cloudprojects-506123&j=bq:europe-west3:787336c1-8f68-4648-b1b8-54304ab76a9b&page=queryresults
[0m04:58:48.735614 [debug] [Thread-1 (]: BigQuery adapter: https://console.cloud.google.com/bigquery?project=cloudprojects-506123&j=bq:europe-west3:f7d5b67e-b21a-4aec-9f94-2dbf2616869c&page=queryresults
[0m04:58:48.771263 [debug] [Thread-2 (]: SQL status: OK in 0.123 seconds
[0m04:58:48.842587 [debug] [Thread-1 (]: SQL status: OK in 0.106 seconds
[0m04:58:49.046816 [info ] [Thread-2 (]: 2 of 2 PASS freshness of portvessel_gold.fct_anchorage_dwell ................... [[32mPASS[0m in 1.04s]
[0m04:58:49.047816 [debug] [Thread-2 (]: Finished running node source.portvessel.portvessel_gold.fct_anchorage_dwell
[0m04:58:49.095680 [info ] [Thread-1 (]: 1 of 2 PASS freshness of portvessel_gold.agg_port_congestion_daily ............. [[32mPASS[0m in 1.08s]
[0m04:58:49.096679 [debug] [Thread-1 (]: Finished running node source.portvessel.portvessel_gold.agg_port_congestion_daily
[0m04:58:49.097679 [debug] [MainThread]: Opening a new connection, currently in state closed
[0m04:58:49.097679 [debug] [MainThread]: Connection 'master' was properly closed.
[0m04:58:49.098678 [debug] [MainThread]: Connection 'list_cloudprojects-506123_portvessel_dev_marts_portvessel_dev_marts' was properly closed.
[0m04:58:49.098678 [debug] [MainThread]: Connection 'source.portvessel.portvessel_gold.agg_port_congestion_daily' was properly closed.
[0m04:58:49.098678 [debug] [MainThread]: Connection 'source.portvessel.portvessel_gold.fct_anchorage_dwell' was properly closed.
[0m04:58:49.098678 [info ] [MainThread]: 
[0m04:58:49.098678 [info ] [MainThread]: Finished running 2 sources in 0 hours 0 minutes and 2.62 seconds (2.62s).
[0m04:58:49.127782 [debug] [MainThread]: Wrote artifact WritableManifest to C:\Users\magic\Projects\PortVessel-lakehouse\dbt\target\manifest.json
[0m04:58:49.130783 [debug] [MainThread]: Wrote artifact SemanticManifest to C:\Users\magic\Projects\PortVessel-lakehouse\dbt\target\semantic_manifest.json
[0m04:58:49.133783 [debug] [MainThread]: Wrote artifact OsiDocument to C:\Users\magic\Projects\PortVessel-lakehouse\dbt\target\osi_document.json
[0m04:58:49.136784 [debug] [MainThread]: Wrote artifact FreshnessResult to C:\Users\magic\Projects\PortVessel-lakehouse\dbt\target\sources.json
[0m04:58:49.137783 [info ] [MainThread]: Done.
[0m04:58:49.137783 [warn ] [MainThread]: [[33mWARNING[0m][DeprecationsSummary]: Deprecated functionality
Summary of encountered deprecations:
- PropertyMovedToConfigDeprecation: 5 occurrences
To see all deprecation instances instead of just the first occurrence of each,
run command again with the `--show-all-deprecations` flag. You may also need to
run with `--no-partial-parse` as some deprecations are only encountered during
parsing.
[0m04:58:49.138785 [debug] [MainThread]: Command `dbt source freshness` succeeded at 04:58:49.138785 after 4.82 seconds
[0m04:58:49.138785 [debug] [MainThread]: Sending event: {'category': 'dbt', 'action': 'invocation', 'label': 'end', 'context': [<snowplow_tracker.self_describing_json.SelfDescribingJson object at 0x00000280779C2D80>, <snowplow_tracker.self_describing_json.SelfDescribingJson object at 0x0000028076D8CAA0>, <snowplow_tracker.self_describing_json.SelfDescribingJson object at 0x0000028078136480>]}
[0m04:58:49.138785 [debug] [MainThread]: Flushing usage events
[0m04:58:49.823991 [debug] [MainThread]: An error was encountered while trying to flush usage events
[0m05:00:58.725512 [debug] [MainThread]: Sending event: {'category': 'dbt', 'action': 'invocation', 'label': 'start', 'context': [<snowplow_tracker.self_describing_json.SelfDescribingJson object at 0x0000016CFE1EAB40>, <snowplow_tracker.self_describing_json.SelfDescribingJson object at 0x0000016CFDB82810>, <snowplow_tracker.self_describing_json.SelfDescribingJson object at 0x0000016CFCC87470>]}


============================== 05:00:58.728511 | 9f908613-b48f-417f-b712-b895276fb3db ==============================
[0m05:00:58.728511 [info ] [MainThread]: Running with dbt=1.12.3
[0m05:00:58.729512 [debug] [MainThread]: running dbt with arguments {'static_parser': 'True', 'no_print': 'None', 'version_check': 'True', 'target_path': 'None', 'warn_error_options': 'WarnErrorOptionsV2(error=[], warn=[], silence=[])', 'maximum_seed_size_mib': '1', 'printer_width': '80', 'write_json': 'True', 'empty': 'None', 'log_cache_events': 'False', 'introspect': 'True', 'cache_selected_only': 'False', 'fail_fast': 'False', 'debug': 'False', 'log_format': 'default', 'profiles_dir': 'C:\\Users\\magic\\Projects\\PortVessel-lakehouse\\dbt', 'send_anonymous_usage_stats': 'True', 'quiet': 'False', 'warn_error': 'None', 'partial_parse': 'True', 'indirect_selection': 'eager', 'hints_enabled': 'True', 'use_colors': 'True', 'use_experimental_parser': 'False', 'invocation_command': 'dbt clean', 'log_path': 'C:\\Users\\magic\\Projects\\PortVessel-lakehouse\\dbt\\logs'}
[0m05:00:58.842042 [debug] [MainThread]: Sending event: {'category': 'dbt', 'action': 'project_id', 'label': '9f908613-b48f-417f-b712-b895276fb3db', 'context': [<snowplow_tracker.self_describing_json.SelfDescribingJson object at 0x0000016CFFD55A00>]}
[0m05:00:58.868560 [debug] [MainThread]: Command `dbt clean` succeeded at 05:00:58.868560 after 0.26 seconds
[0m05:00:58.868560 [debug] [MainThread]: Sending event: {'category': 'dbt', 'action': 'invocation', 'label': 'end', 'context': [<snowplow_tracker.self_describing_json.SelfDescribingJson object at 0x0000016CFE17AC30>, <snowplow_tracker.self_describing_json.SelfDescribingJson object at 0x0000016CFE030E60>, <snowplow_tracker.self_describing_json.SelfDescribingJson object at 0x0000016CFB4F3E90>]}
[0m05:00:58.868560 [debug] [MainThread]: Flushing usage events
[0m05:00:59.564374 [debug] [MainThread]: An error was encountered while trying to flush usage events
[0m05:01:07.881077 [debug] [MainThread]: Sending event: {'category': 'dbt', 'action': 'invocation', 'label': 'start', 'context': [<snowplow_tracker.self_describing_json.SelfDescribingJson object at 0x0000016403D38680>, <snowplow_tracker.self_describing_json.SelfDescribingJson object at 0x0000016404543E60>, <snowplow_tracker.self_describing_json.SelfDescribingJson object at 0x0000016406ACF290>]}


============================== 05:01:07.884076 | c6bb0c39-daa9-4167-9253-4c07e01f3ed9 ==============================
[0m05:01:07.884076 [info ] [MainThread]: Running with dbt=1.12.3
[0m05:01:07.885075 [debug] [MainThread]: running dbt with arguments {'maximum_seed_size_mib': '1', 'no_print': 'None', 'static_parser': 'True', 'warn_error_options': 'WarnErrorOptionsV2(error=[], warn=[], silence=[])', 'target_path': 'None', 'version_check': 'True', 'printer_width': '80', 'write_json': 'True', 'empty': 'None', 'log_cache_events': 'False', 'introspect': 'True', 'cache_selected_only': 'False', 'log_format': 'default', 'debug': 'False', 'fail_fast': 'False', 'partial_parse': 'True', 'send_anonymous_usage_stats': 'True', 'quiet': 'False', 'warn_error': 'None', 'profiles_dir': 'C:\\Users\\magic\\Projects\\PortVessel-lakehouse\\dbt', 'use_colors': 'True', 'hints_enabled': 'True', 'invocation_command': 'dbt parse', 'use_experimental_parser': 'False', 'indirect_selection': 'eager', 'log_path': 'C:\\Users\\magic\\Projects\\PortVessel-lakehouse\\dbt\\logs'}
[0m05:01:08.887960 [debug] [MainThread]: Sending event: {'category': 'dbt', 'action': 'project_id', 'label': 'c6bb0c39-daa9-4167-9253-4c07e01f3ed9', 'context': [<snowplow_tracker.self_describing_json.SelfDescribingJson object at 0x0000016403E25A90>]}
[0m05:01:08.934647 [debug] [MainThread]: Sending event: {'category': 'dbt', 'action': 'adapter_info', 'label': 'c6bb0c39-daa9-4167-9253-4c07e01f3ed9', 'context': [<snowplow_tracker.self_describing_json.SelfDescribingJson object at 0x0000016439668590>]}
[0m05:01:08.934647 [info ] [MainThread]: Registered adapter: bigquery=1.12.0
[0m05:01:09.270555 [debug] [MainThread]: checksum: 5f143da5afd1a6b6298bff390d2cac426bc2fa3cddb0281a2f93c038cc305c8b, vars: {}, profile: portvessel, target: dev, version: 1.12.3
[0m05:01:09.271557 [info ] [MainThread]: Unable to do partial parsing because saved manifest not found. Starting full parse.
[0m05:01:09.272556 [debug] [MainThread]: Sending event: {'category': 'dbt', 'action': 'partial_parser', 'label': 'c6bb0c39-daa9-4167-9253-4c07e01f3ed9', 'context': [<snowplow_tracker.self_describing_json.SelfDescribingJson object at 0x0000016408555EB0>]}
[0m05:01:09.277764 [warn ] [MainThread]: [[33mWARNING[0m][PropertyMovedToConfigDeprecation]: Deprecated functionality
Found `freshness` as a top-level property of `sources[0].tables[0]` in file
`models\sources.yml`. The `freshness` top-level property should be moved into
the `config` of `sources[0].tables[0]`.
[0m05:01:09.277764 [debug] [MainThread]: Sending event: {'category': 'dbt', 'action': 'deprecation', 'label': 'c6bb0c39-daa9-4167-9253-4c07e01f3ed9', 'property_': 'warn', 'context': [<snowplow_tracker.self_describing_json.SelfDescribingJson object at 0x000001643B134DD0>]}
[0m05:01:10.300702 [debug] [MainThread]: Sending event: {'category': 'dbt', 'action': 'load_project', 'label': 'c6bb0c39-daa9-4167-9253-4c07e01f3ed9', 'context': [<snowplow_tracker.self_describing_json.SelfDescribingJson object at 0x000001643B91D1F0>]}
[0m05:01:10.303705 [info ] [MainThread]: Performance info: C:\Users\magic\Projects\PortVessel-lakehouse\dbt\target\perf_info.json
[0m05:01:10.384875 [debug] [MainThread]: Wrote artifact WritableManifest to C:\Users\magic\Projects\PortVessel-lakehouse\dbt\target\manifest.json
[0m05:01:10.386875 [debug] [MainThread]: Wrote artifact SemanticManifest to C:\Users\magic\Projects\PortVessel-lakehouse\dbt\target\semantic_manifest.json
[0m05:01:10.407875 [debug] [MainThread]: Wrote artifact OsiDocument to C:\Users\magic\Projects\PortVessel-lakehouse\dbt\target\osi_document.json
[0m05:01:10.407875 [warn ] [MainThread]: [[33mWARNING[0m][DeprecationsSummary]: Deprecated functionality
Summary of encountered deprecations:
- PropertyMovedToConfigDeprecation: 5 occurrences
To see all deprecation instances instead of just the first occurrence of each,
run command again with the `--show-all-deprecations` flag. You may also need to
run with `--no-partial-parse` as some deprecations are only encountered during
parsing.
[0m05:01:10.408875 [debug] [MainThread]: Command `dbt parse` succeeded at 05:01:10.408875 after 2.63 seconds
[0m05:01:10.408875 [debug] [MainThread]: Sending event: {'category': 'dbt', 'action': 'invocation', 'label': 'end', 'context': [<snowplow_tracker.self_describing_json.SelfDescribingJson object at 0x00000164063BB200>, <snowplow_tracker.self_describing_json.SelfDescribingJson object at 0x00000164068FE780>, <snowplow_tracker.self_describing_json.SelfDescribingJson object at 0x00000164068FE930>]}
[0m05:01:10.409874 [debug] [MainThread]: Flushing usage events
[0m05:01:11.060248 [debug] [MainThread]: An error was encountered while trying to flush usage events
[0m05:01:16.496281 [debug] [MainThread]: Sending event: {'category': 'dbt', 'action': 'invocation', 'label': 'start', 'context': [<snowplow_tracker.self_describing_json.SelfDescribingJson object at 0x000001D78557E840>, <snowplow_tracker.self_describing_json.SelfDescribingJson object at 0x000001D788386990>, <snowplow_tracker.self_describing_json.SelfDescribingJson object at 0x000001D7883868A0>]}


============================== 05:01:16.499282 | 1c86cd6f-3407-403d-8f54-a30a022ec073 ==============================
[0m05:01:16.499282 [info ] [MainThread]: Running with dbt=1.12.3
[0m05:01:16.499282 [debug] [MainThread]: running dbt with arguments {'maximum_seed_size_mib': '1', 'no_print': 'None', 'static_parser': 'True', 'target_path': 'None', 'warn_error_options': 'WarnErrorOptionsV2(error=[], warn=[], silence=[])', 'version_check': 'True', 'printer_width': '80', 'write_json': 'True', 'introspect': 'True', 'log_cache_events': 'False', 'empty': 'None', 'cache_selected_only': 'False', 'log_format': 'default', 'debug': 'False', 'fail_fast': 'False', 'partial_parse': 'True', 'send_anonymous_usage_stats': 'True', 'quiet': 'False', 'warn_error': 'None', 'profiles_dir': 'C:\\Users\\magic\\Projects\\PortVessel-lakehouse\\dbt', 'indirect_selection': 'eager', 'hints_enabled': 'True', 'use_colors': 'True', 'use_experimental_parser': 'False', 'invocation_command': 'dbt test', 'log_path': 'C:\\Users\\magic\\Projects\\PortVessel-lakehouse\\dbt\\logs'}
[0m05:01:17.496927 [debug] [MainThread]: Sending event: {'category': 'dbt', 'action': 'project_id', 'label': '1c86cd6f-3407-403d-8f54-a30a022ec073', 'context': [<snowplow_tracker.self_describing_json.SelfDescribingJson object at 0x000001D789EA2600>]}
[0m05:01:17.543192 [debug] [MainThread]: Sending event: {'category': 'dbt', 'action': 'adapter_info', 'label': '1c86cd6f-3407-403d-8f54-a30a022ec073', 'context': [<snowplow_tracker.self_describing_json.SelfDescribingJson object at 0x000001D787C7C8F0>]}
[0m05:01:17.544191 [info ] [MainThread]: Registered adapter: bigquery=1.12.0
[0m05:01:17.886402 [debug] [MainThread]: checksum: 5f143da5afd1a6b6298bff390d2cac426bc2fa3cddb0281a2f93c038cc305c8b, vars: {}, profile: portvessel, target: dev, version: 1.12.3
[0m05:01:18.010759 [debug] [MainThread]: Partial parsing enabled: 0 files deleted, 0 files added, 0 files changed.
[0m05:01:18.011758 [debug] [MainThread]: Nothing changed, skipping partial parsing.
[0m05:01:18.011758 [debug] [MainThread]: Partial parsing enabled, no changes found, skipping parsing
[0m05:01:18.017756 [debug] [MainThread]: Sending event: {'category': 'dbt', 'action': 'load_project', 'label': '1c86cd6f-3407-403d-8f54-a30a022ec073', 'context': [<snowplow_tracker.self_describing_json.SelfDescribingJson object at 0x000001D7BCA37620>]}
[0m05:01:18.123350 [debug] [MainThread]: Wrote artifact WritableManifest to C:\Users\magic\Projects\PortVessel-lakehouse\dbt\target\manifest.json
[0m05:01:18.126347 [debug] [MainThread]: Wrote artifact SemanticManifest to C:\Users\magic\Projects\PortVessel-lakehouse\dbt\target\semantic_manifest.json
[0m05:01:18.145938 [debug] [MainThread]: Wrote artifact OsiDocument to C:\Users\magic\Projects\PortVessel-lakehouse\dbt\target\osi_document.json
[0m05:01:18.162402 [debug] [MainThread]: Sending event: {'category': 'dbt', 'action': 'resource_counts', 'label': '1c86cd6f-3407-403d-8f54-a30a022ec073', 'context': [<snowplow_tracker.self_describing_json.SelfDescribingJson object at 0x000001D7BD022C00>]}
[0m05:01:18.162402 [info ] [MainThread]: Found 2 models, 14 data tests, 4 sources, 561 macros
[0m05:01:18.163406 [debug] [MainThread]: Sending event: {'category': 'dbt', 'action': 'runnable_timing', 'label': '1c86cd6f-3407-403d-8f54-a30a022ec073', 'context': [<snowplow_tracker.self_describing_json.SelfDescribingJson object at 0x000001D7BCA37FB0>]}
[0m05:01:18.165402 [info ] [MainThread]: 
[0m05:01:18.165402 [info ] [MainThread]: Concurrency: 4 threads (target='dev')
[0m05:01:18.166403 [info ] [MainThread]: 
[0m05:01:18.166403 [debug] [MainThread]: Acquiring new bigquery connection 'master'
[0m05:01:18.169402 [debug] [ThreadPool]: Acquiring new bigquery connection 'list_cloudprojects-506123_portvessel_dev_portvessel_dev_marts'
[0m05:01:18.170405 [debug] [ThreadPool]: Opening a new connection, currently in state init
[0m05:01:19.822544 [debug] [MainThread]: Sending event: {'category': 'dbt', 'action': 'runnable_timing', 'label': '1c86cd6f-3407-403d-8f54-a30a022ec073', 'context': [<snowplow_tracker.self_describing_json.SelfDescribingJson object at 0x000001D7BD023D40>]}
[0m05:01:19.823541 [debug] [MainThread]: Opening a new connection, currently in state init
[0m05:01:19.827542 [debug] [Thread-1 (]: Began running node test.portvessel.source_not_null_portvessel_gold_agg_port_congestion_daily_metric_date.48383edd63
[0m05:01:19.827542 [debug] [Thread-2 (]: Began running node test.portvessel.source_not_null_portvessel_gold_agg_port_congestion_daily_port_id.f09a7249f2
[0m05:01:19.828541 [debug] [Thread-3 (]: Began running node test.portvessel.source_not_null_portvessel_gold_fct_anchorage_dwell_anchorage_dwell_id.f53942bfac
[0m05:01:19.828541 [info ] [Thread-1 (]: 1 of 14 START test source_not_null_portvessel_gold_agg_port_congestion_daily_metric_date  [RUN]
[0m05:01:19.828541 [debug] [Thread-4 (]: Began running node test.portvessel.source_not_null_portvessel_gold_fct_anchorage_dwell_entry_observed_at_utc.246bf70a3b
[0m05:01:19.829541 [info ] [Thread-2 (]: 2 of 14 START test source_not_null_portvessel_gold_agg_port_congestion_daily_port_id  [RUN]
[0m05:01:19.829541 [debug] [Thread-1 (]: Acquiring new bigquery connection 'test.portvessel.source_not_null_portvessel_gold_agg_port_congestion_daily_metric_date.48383edd63'
[0m05:01:19.829541 [info ] [Thread-3 (]: 3 of 14 START test source_not_null_portvessel_gold_fct_anchorage_dwell_anchorage_dwell_id  [RUN]
[0m05:01:19.830542 [debug] [Thread-2 (]: Acquiring new bigquery connection 'test.portvessel.source_not_null_portvessel_gold_agg_port_congestion_daily_port_id.f09a7249f2'
[0m05:01:19.830542 [info ] [Thread-4 (]: 4 of 14 START test source_not_null_portvessel_gold_fct_anchorage_dwell_entry_observed_at_utc  [RUN]
[0m05:01:19.830542 [debug] [Thread-1 (]: Began compiling node test.portvessel.source_not_null_portvessel_gold_agg_port_congestion_daily_metric_date.48383edd63
[0m05:01:19.831541 [debug] [Thread-3 (]: Acquiring new bigquery connection 'test.portvessel.source_not_null_portvessel_gold_fct_anchorage_dwell_anchorage_dwell_id.f53942bfac'
[0m05:01:19.831541 [debug] [Thread-2 (]: Began compiling node test.portvessel.source_not_null_portvessel_gold_agg_port_congestion_daily_port_id.f09a7249f2
[0m05:01:19.832542 [debug] [Thread-4 (]: Acquiring new bigquery connection 'test.portvessel.source_not_null_portvessel_gold_fct_anchorage_dwell_entry_observed_at_utc.246bf70a3b'
[0m05:01:19.846750 [debug] [Thread-1 (]: Writing injected SQL for node "test.portvessel.source_not_null_portvessel_gold_agg_port_congestion_daily_metric_date.48383edd63"
[0m05:01:19.846750 [debug] [Thread-3 (]: Began compiling node test.portvessel.source_not_null_portvessel_gold_fct_anchorage_dwell_anchorage_dwell_id.f53942bfac
[0m05:01:19.850750 [debug] [Thread-2 (]: Writing injected SQL for node "test.portvessel.source_not_null_portvessel_gold_agg_port_congestion_daily_port_id.f09a7249f2"
[0m05:01:19.851749 [debug] [Thread-4 (]: Began compiling node test.portvessel.source_not_null_portvessel_gold_fct_anchorage_dwell_entry_observed_at_utc.246bf70a3b
[0m05:01:19.855750 [debug] [Thread-3 (]: Writing injected SQL for node "test.portvessel.source_not_null_portvessel_gold_fct_anchorage_dwell_anchorage_dwell_id.f53942bfac"
[0m05:01:19.860754 [debug] [Thread-4 (]: Writing injected SQL for node "test.portvessel.source_not_null_portvessel_gold_fct_anchorage_dwell_entry_observed_at_utc.246bf70a3b"
[0m05:01:19.864753 [debug] [Thread-3 (]: Began executing node test.portvessel.source_not_null_portvessel_gold_fct_anchorage_dwell_anchorage_dwell_id.f53942bfac
[0m05:01:19.874264 [debug] [Thread-1 (]: Began executing node test.portvessel.source_not_null_portvessel_gold_agg_port_congestion_daily_metric_date.48383edd63
[0m05:01:19.874264 [debug] [Thread-2 (]: Began executing node test.portvessel.source_not_null_portvessel_gold_agg_port_congestion_daily_port_id.f09a7249f2
[0m05:01:19.881264 [debug] [Thread-3 (]: Writing runtime sql for node "test.portvessel.source_not_null_portvessel_gold_fct_anchorage_dwell_anchorage_dwell_id.f53942bfac"
[0m05:01:19.882263 [debug] [Thread-1 (]: Writing runtime sql for node "test.portvessel.source_not_null_portvessel_gold_agg_port_congestion_daily_metric_date.48383edd63"
[0m05:01:19.883263 [debug] [Thread-2 (]: Writing runtime sql for node "test.portvessel.source_not_null_portvessel_gold_agg_port_congestion_daily_port_id.f09a7249f2"
[0m05:01:19.883263 [debug] [Thread-4 (]: Began executing node test.portvessel.source_not_null_portvessel_gold_fct_anchorage_dwell_entry_observed_at_utc.246bf70a3b
[0m05:01:19.884262 [debug] [Thread-4 (]: Writing runtime sql for node "test.portvessel.source_not_null_portvessel_gold_fct_anchorage_dwell_entry_observed_at_utc.246bf70a3b"
[0m05:01:19.887263 [debug] [Thread-2 (]: On test.portvessel.source_not_null_portvessel_gold_agg_port_congestion_daily_port_id.f09a7249f2: /* {"app": "dbt", "dbt_version": "1.12.3", "profile_name": "portvessel", "target_name": "dev", "node_id": "test.portvessel.source_not_null_portvessel_gold_agg_port_congestion_daily_port_id.f09a7249f2"} */

    
    select
      count(*) as failures,
      count(*) != 0 as should_warn,
      count(*) != 0 as should_error
    from (
      
    
  
    
    



select port_id
from `cloudprojects-506123`.`portvessel_dev_gold`.`agg_port_congestion_daily`
where port_id is null



  
  
      
    ) dbt_internal_test
[0m05:01:19.888266 [debug] [Thread-2 (]: Opening a new connection, currently in state init
[0m05:01:19.888266 [debug] [Thread-4 (]: On test.portvessel.source_not_null_portvessel_gold_fct_anchorage_dwell_entry_observed_at_utc.246bf70a3b: /* {"app": "dbt", "dbt_version": "1.12.3", "profile_name": "portvessel", "target_name": "dev", "node_id": "test.portvessel.source_not_null_portvessel_gold_fct_anchorage_dwell_entry_observed_at_utc.246bf70a3b"} */

    
    select
      count(*) as failures,
      count(*) != 0 as should_warn,
      count(*) != 0 as should_error
    from (
      
    
  
    
    



select entry_observed_at_utc
from `cloudprojects-506123`.`portvessel_dev_gold`.`fct_anchorage_dwell`
where entry_observed_at_utc is null



  
  
      
    ) dbt_internal_test
[0m05:01:19.888266 [debug] [Thread-1 (]: On test.portvessel.source_not_null_portvessel_gold_agg_port_congestion_daily_metric_date.48383edd63: /* {"app": "dbt", "dbt_version": "1.12.3", "profile_name": "portvessel", "target_name": "dev", "node_id": "test.portvessel.source_not_null_portvessel_gold_agg_port_congestion_daily_metric_date.48383edd63"} */

    
    select
      count(*) as failures,
      count(*) != 0 as should_warn,
      count(*) != 0 as should_error
    from (
      
    
  
    
    



select metric_date
from `cloudprojects-506123`.`portvessel_dev_gold`.`agg_port_congestion_daily`
where metric_date is null



  
  
      
    ) dbt_internal_test
[0m05:01:19.889263 [debug] [Thread-4 (]: Opening a new connection, currently in state init
[0m05:01:19.889263 [debug] [Thread-3 (]: On test.portvessel.source_not_null_portvessel_gold_fct_anchorage_dwell_anchorage_dwell_id.f53942bfac: /* {"app": "dbt", "dbt_version": "1.12.3", "profile_name": "portvessel", "target_name": "dev", "node_id": "test.portvessel.source_not_null_portvessel_gold_fct_anchorage_dwell_anchorage_dwell_id.f53942bfac"} */

    
    select
      count(*) as failures,
      count(*) != 0 as should_warn,
      count(*) != 0 as should_error
    from (
      
    
  
    
    



select anchorage_dwell_id
from `cloudprojects-506123`.`portvessel_dev_gold`.`fct_anchorage_dwell`
where anchorage_dwell_id is null



  
  
      
    ) dbt_internal_test
[0m05:01:19.890266 [debug] [Thread-1 (]: Opening a new connection, currently in state init
[0m05:01:19.891263 [debug] [Thread-3 (]: Opening a new connection, currently in state init
[0m05:01:20.578759 [debug] [Thread-3 (]: BigQuery adapter: https://console.cloud.google.com/bigquery?project=cloudprojects-506123&j=bq:europe-west3:334cf9ed-de70-4c6a-906c-8022d9c04252&page=queryresults
[0m05:01:20.607971 [debug] [Thread-4 (]: BigQuery adapter: https://console.cloud.google.com/bigquery?project=cloudprojects-506123&j=bq:europe-west3:6549080e-664f-4c87-8f99-ba76b0bd6098&page=queryresults
[0m05:01:20.627904 [debug] [Thread-2 (]: BigQuery adapter: https://console.cloud.google.com/bigquery?project=cloudprojects-506123&j=bq:europe-west3:259ba5a2-9f5f-46b9-86ce-8daaeceafd31&page=queryresults
[0m05:01:20.640903 [debug] [Thread-1 (]: BigQuery adapter: https://console.cloud.google.com/bigquery?project=cloudprojects-506123&j=bq:europe-west3:7e342d2d-c0c2-43e3-9104-6bd90e1ad8fc&page=queryresults
[0m05:01:20.745424 [debug] [Thread-2 (]: SQL status: OK in 0.117 seconds
[0m05:01:20.750011 [debug] [Thread-1 (]: SQL status: OK in 0.109 seconds
[0m05:01:20.751012 [debug] [Thread-3 (]: SQL status: OK in 0.171 seconds
[0m05:01:20.752012 [debug] [Thread-4 (]: SQL status: OK in 0.143 seconds
[0m05:01:21.041002 [info ] [Thread-4 (]: 4 of 14 PASS source_not_null_portvessel_gold_fct_anchorage_dwell_entry_observed_at_utc  [[32mPASS[0m in 1.21s]
[0m05:01:21.042002 [debug] [Thread-4 (]: Finished running node test.portvessel.source_not_null_portvessel_gold_fct_anchorage_dwell_entry_observed_at_utc.246bf70a3b
[0m05:01:21.042002 [debug] [Thread-4 (]: Began running node test.portvessel.source_not_null_portvessel_gold_fct_anchorage_dwell_exit_observed_at_utc.4ce86b2423
[0m05:01:21.042002 [info ] [Thread-4 (]: 5 of 14 START test source_not_null_portvessel_gold_fct_anchorage_dwell_exit_observed_at_utc  [RUN]
[0m05:01:21.043004 [debug] [Thread-4 (]: Re-using an available connection from the pool (formerly test.portvessel.source_not_null_portvessel_gold_fct_anchorage_dwell_entry_observed_at_utc.246bf70a3b, now test.portvessel.source_not_null_portvessel_gold_fct_anchorage_dwell_exit_observed_at_utc.4ce86b2423)
[0m05:01:21.043004 [debug] [Thread-4 (]: Began compiling node test.portvessel.source_not_null_portvessel_gold_fct_anchorage_dwell_exit_observed_at_utc.4ce86b2423
[0m05:01:21.048002 [debug] [Thread-4 (]: Writing injected SQL for node "test.portvessel.source_not_null_portvessel_gold_fct_anchorage_dwell_exit_observed_at_utc.4ce86b2423"
[0m05:01:21.051002 [info ] [Thread-2 (]: 2 of 14 PASS source_not_null_portvessel_gold_agg_port_congestion_daily_port_id . [[32mPASS[0m in 1.22s]
[0m05:01:21.052002 [debug] [Thread-2 (]: Finished running node test.portvessel.source_not_null_portvessel_gold_agg_port_congestion_daily_port_id.f09a7249f2
[0m05:01:21.052002 [info ] [Thread-3 (]: 3 of 14 PASS source_not_null_portvessel_gold_fct_anchorage_dwell_anchorage_dwell_id  [[32mPASS[0m in 1.22s]
[0m05:01:21.053002 [debug] [Thread-2 (]: Began running node test.portvessel.source_not_null_portvessel_gold_fct_anchorage_dwell_mmsi.22b13e5ded
[0m05:01:21.053496 [debug] [Thread-3 (]: Finished running node test.portvessel.source_not_null_portvessel_gold_fct_anchorage_dwell_anchorage_dwell_id.f53942bfac
[0m05:01:21.053496 [debug] [Thread-4 (]: Began executing node test.portvessel.source_not_null_portvessel_gold_fct_anchorage_dwell_exit_observed_at_utc.4ce86b2423
[0m05:01:21.054496 [debug] [Thread-3 (]: Began running node test.portvessel.source_not_null_portvessel_gold_fct_port_call_arrival_observed_at_utc.912518b878
[0m05:01:21.053496 [info ] [Thread-2 (]: 6 of 14 START test source_not_null_portvessel_gold_fct_anchorage_dwell_mmsi .... [RUN]
[0m05:01:21.055497 [debug] [Thread-4 (]: Writing runtime sql for node "test.portvessel.source_not_null_portvessel_gold_fct_anchorage_dwell_exit_observed_at_utc.4ce86b2423"
[0m05:01:21.056497 [debug] [Thread-2 (]: Re-using an available connection from the pool (formerly test.portvessel.source_not_null_portvessel_gold_agg_port_congestion_daily_port_id.f09a7249f2, now test.portvessel.source_not_null_portvessel_gold_fct_anchorage_dwell_mmsi.22b13e5ded)
[0m05:01:21.056497 [info ] [Thread-3 (]: 7 of 14 START test source_not_null_portvessel_gold_fct_port_call_arrival_observed_at_utc  [RUN]
[0m05:01:21.056497 [debug] [Thread-2 (]: Began compiling node test.portvessel.source_not_null_portvessel_gold_fct_anchorage_dwell_mmsi.22b13e5ded
[0m05:01:21.057495 [debug] [Thread-3 (]: Re-using an available connection from the pool (formerly test.portvessel.source_not_null_portvessel_gold_fct_anchorage_dwell_anchorage_dwell_id.f53942bfac, now test.portvessel.source_not_null_portvessel_gold_fct_port_call_arrival_observed_at_utc.912518b878)
[0m05:01:21.062498 [debug] [Thread-2 (]: Writing injected SQL for node "test.portvessel.source_not_null_portvessel_gold_fct_anchorage_dwell_mmsi.22b13e5ded"
[0m05:01:21.063498 [debug] [Thread-3 (]: Began compiling node test.portvessel.source_not_null_portvessel_gold_fct_port_call_arrival_observed_at_utc.912518b878
[0m05:01:21.063498 [debug] [Thread-4 (]: On test.portvessel.source_not_null_portvessel_gold_fct_anchorage_dwell_exit_observed_at_utc.4ce86b2423: /* {"app": "dbt", "dbt_version": "1.12.3", "profile_name": "portvessel", "target_name": "dev", "node_id": "test.portvessel.source_not_null_portvessel_gold_fct_anchorage_dwell_exit_observed_at_utc.4ce86b2423"} */

    
    select
      count(*) as failures,
      count(*) != 0 as should_warn,
      count(*) != 0 as should_error
    from (
      
    
  
    
    



select exit_observed_at_utc
from `cloudprojects-506123`.`portvessel_dev_gold`.`fct_anchorage_dwell`
where exit_observed_at_utc is null



  
  
      
    ) dbt_internal_test
[0m05:01:21.068745 [debug] [Thread-3 (]: Writing injected SQL for node "test.portvessel.source_not_null_portvessel_gold_fct_port_call_arrival_observed_at_utc.912518b878"
[0m05:01:21.068745 [debug] [Thread-4 (]: Opening a new connection, currently in state closed
[0m05:01:21.069745 [debug] [Thread-2 (]: Began executing node test.portvessel.source_not_null_portvessel_gold_fct_anchorage_dwell_mmsi.22b13e5ded
[0m05:01:21.070745 [debug] [Thread-2 (]: Writing runtime sql for node "test.portvessel.source_not_null_portvessel_gold_fct_anchorage_dwell_mmsi.22b13e5ded"
[0m05:01:21.071745 [debug] [Thread-3 (]: Began executing node test.portvessel.source_not_null_portvessel_gold_fct_port_call_arrival_observed_at_utc.912518b878
[0m05:01:21.073939 [debug] [Thread-3 (]: Writing runtime sql for node "test.portvessel.source_not_null_portvessel_gold_fct_port_call_arrival_observed_at_utc.912518b878"
[0m05:01:21.073939 [debug] [Thread-2 (]: On test.portvessel.source_not_null_portvessel_gold_fct_anchorage_dwell_mmsi.22b13e5ded: /* {"app": "dbt", "dbt_version": "1.12.3", "profile_name": "portvessel", "target_name": "dev", "node_id": "test.portvessel.source_not_null_portvessel_gold_fct_anchorage_dwell_mmsi.22b13e5ded"} */

    
    select
      count(*) as failures,
      count(*) != 0 as should_warn,
      count(*) != 0 as should_error
    from (
      
    
  
    
    



select mmsi
from `cloudprojects-506123`.`portvessel_dev_gold`.`fct_anchorage_dwell`
where mmsi is null



  
  
      
    ) dbt_internal_test
[0m05:01:21.074938 [debug] [Thread-2 (]: Opening a new connection, currently in state closed
[0m05:01:21.076938 [info ] [Thread-1 (]: 1 of 14 PASS source_not_null_portvessel_gold_agg_port_congestion_daily_metric_date  [[32mPASS[0m in 1.25s]
[0m05:01:21.076938 [debug] [Thread-3 (]: On test.portvessel.source_not_null_portvessel_gold_fct_port_call_arrival_observed_at_utc.912518b878: /* {"app": "dbt", "dbt_version": "1.12.3", "profile_name": "portvessel", "target_name": "dev", "node_id": "test.portvessel.source_not_null_portvessel_gold_fct_port_call_arrival_observed_at_utc.912518b878"} */

    
    select
      count(*) as failures,
      count(*) != 0 as should_warn,
      count(*) != 0 as should_error
    from (
      
    
  
    
    



select arrival_observed_at_utc
from `cloudprojects-506123`.`portvessel_dev_gold`.`fct_port_call`
where arrival_observed_at_utc is null



  
  
      
    ) dbt_internal_test
[0m05:01:21.077938 [debug] [Thread-1 (]: Finished running node test.portvessel.source_not_null_portvessel_gold_agg_port_congestion_daily_metric_date.48383edd63
[0m05:01:21.077938 [debug] [Thread-3 (]: Opening a new connection, currently in state closed
[0m05:01:21.078938 [debug] [Thread-1 (]: Began running node test.portvessel.source_not_null_portvessel_gold_fct_port_call_mmsi.a3782606f6
[0m05:01:21.079937 [info ] [Thread-1 (]: 8 of 14 START test source_not_null_portvessel_gold_fct_port_call_mmsi .......... [RUN]
[0m05:01:21.079937 [debug] [Thread-1 (]: Re-using an available connection from the pool (formerly test.portvessel.source_not_null_portvessel_gold_agg_port_congestion_daily_metric_date.48383edd63, now test.portvessel.source_not_null_portvessel_gold_fct_port_call_mmsi.a3782606f6)
[0m05:01:21.080938 [debug] [Thread-1 (]: Began compiling node test.portvessel.source_not_null_portvessel_gold_fct_port_call_mmsi.a3782606f6
[0m05:01:21.084938 [debug] [Thread-1 (]: Writing injected SQL for node "test.portvessel.source_not_null_portvessel_gold_fct_port_call_mmsi.a3782606f6"
[0m05:01:21.085938 [debug] [Thread-1 (]: Began executing node test.portvessel.source_not_null_portvessel_gold_fct_port_call_mmsi.a3782606f6
[0m05:01:21.086940 [debug] [Thread-1 (]: Writing runtime sql for node "test.portvessel.source_not_null_portvessel_gold_fct_port_call_mmsi.a3782606f6"
[0m05:01:21.087940 [debug] [Thread-1 (]: On test.portvessel.source_not_null_portvessel_gold_fct_port_call_mmsi.a3782606f6: /* {"app": "dbt", "dbt_version": "1.12.3", "profile_name": "portvessel", "target_name": "dev", "node_id": "test.portvessel.source_not_null_portvessel_gold_fct_port_call_mmsi.a3782606f6"} */

    
    select
      count(*) as failures,
      count(*) != 0 as should_warn,
      count(*) != 0 as should_error
    from (
      
    
  
    
    



select mmsi
from `cloudprojects-506123`.`portvessel_dev_gold`.`fct_port_call`
where mmsi is null



  
  
      
    ) dbt_internal_test
[0m05:01:21.088940 [debug] [Thread-1 (]: Opening a new connection, currently in state closed
[0m05:01:21.632857 [debug] [Thread-2 (]: BigQuery adapter: https://console.cloud.google.com/bigquery?project=cloudprojects-506123&j=bq:europe-west3:5b602c72-8791-4a02-9c0d-0479b59ff747&page=queryresults
[0m05:01:21.698882 [debug] [Thread-1 (]: BigQuery adapter: https://console.cloud.google.com/bigquery?project=cloudprojects-506123&j=bq:europe-west3:15e4f1e7-5518-41dd-bf5b-30f947d614fa&page=queryresults
[0m05:01:21.734545 [debug] [Thread-3 (]: BigQuery adapter: https://console.cloud.google.com/bigquery?project=cloudprojects-506123&j=bq:europe-west3:e028294a-b553-44aa-bc68-dc55ab5d810f&page=queryresults
[0m05:01:21.749145 [debug] [Thread-4 (]: BigQuery adapter: https://console.cloud.google.com/bigquery?project=cloudprojects-506123&j=bq:europe-west3:eb29c2f2-fe02-4c79-8ebe-948209d0db05&page=queryresults
[0m05:01:21.769318 [debug] [Thread-2 (]: SQL status: OK in 0.136 seconds
[0m05:01:21.834279 [debug] [Thread-1 (]: SQL status: OK in 0.135 seconds
[0m05:01:21.840279 [debug] [Thread-3 (]: SQL status: OK in 0.106 seconds
[0m05:01:21.916110 [debug] [Thread-4 (]: SQL status: OK in 0.167 seconds
[0m05:01:22.030343 [info ] [Thread-1 (]: 8 of 14 PASS source_not_null_portvessel_gold_fct_port_call_mmsi ................ [[32mPASS[0m in 0.95s]
[0m05:01:22.030343 [debug] [Thread-1 (]: Finished running node test.portvessel.source_not_null_portvessel_gold_fct_port_call_mmsi.a3782606f6
[0m05:01:22.031344 [debug] [Thread-1 (]: Began running node test.portvessel.source_not_null_portvessel_gold_fct_port_call_port_call_id.7a5ddefa85
[0m05:01:22.031344 [info ] [Thread-1 (]: 9 of 14 START test source_not_null_portvessel_gold_fct_port_call_port_call_id .. [RUN]
[0m05:01:22.032345 [debug] [Thread-1 (]: Re-using an available connection from the pool (formerly test.portvessel.source_not_null_portvessel_gold_fct_port_call_mmsi.a3782606f6, now test.portvessel.source_not_null_portvessel_gold_fct_port_call_port_call_id.7a5ddefa85)
[0m05:01:22.032345 [debug] [Thread-1 (]: Began compiling node test.portvessel.source_not_null_portvessel_gold_fct_port_call_port_call_id.7a5ddefa85
[0m05:01:22.037344 [debug] [Thread-1 (]: Writing injected SQL for node "test.portvessel.source_not_null_portvessel_gold_fct_port_call_port_call_id.7a5ddefa85"
[0m05:01:22.038060 [debug] [Thread-1 (]: Began executing node test.portvessel.source_not_null_portvessel_gold_fct_port_call_port_call_id.7a5ddefa85
[0m05:01:22.039065 [debug] [Thread-1 (]: Writing runtime sql for node "test.portvessel.source_not_null_portvessel_gold_fct_port_call_port_call_id.7a5ddefa85"
[0m05:01:22.040585 [debug] [Thread-1 (]: On test.portvessel.source_not_null_portvessel_gold_fct_port_call_port_call_id.7a5ddefa85: /* {"app": "dbt", "dbt_version": "1.12.3", "profile_name": "portvessel", "target_name": "dev", "node_id": "test.portvessel.source_not_null_portvessel_gold_fct_port_call_port_call_id.7a5ddefa85"} */

    
    select
      count(*) as failures,
      count(*) != 0 as should_warn,
      count(*) != 0 as should_error
    from (
      
    
  
    
    



select port_call_id
from `cloudprojects-506123`.`portvessel_dev_gold`.`fct_port_call`
where port_call_id is null



  
  
      
    ) dbt_internal_test
[0m05:01:22.040585 [debug] [Thread-1 (]: Opening a new connection, currently in state closed
[0m05:01:22.063675 [info ] [Thread-3 (]: 7 of 14 PASS source_not_null_portvessel_gold_fct_port_call_arrival_observed_at_utc  [[32mPASS[0m in 1.01s]
[0m05:01:22.064676 [debug] [Thread-3 (]: Finished running node test.portvessel.source_not_null_portvessel_gold_fct_port_call_arrival_observed_at_utc.912518b878
[0m05:01:22.064676 [debug] [Thread-3 (]: Began running node test.portvessel.source_not_null_portvessel_gold_vessel_operational_risk_flags_mmsi.5de8d6a52f
[0m05:01:22.064676 [info ] [Thread-3 (]: 10 of 14 START test source_not_null_portvessel_gold_vessel_operational_risk_flags_mmsi  [RUN]
[0m05:01:22.065675 [debug] [Thread-3 (]: Re-using an available connection from the pool (formerly test.portvessel.source_not_null_portvessel_gold_fct_port_call_arrival_observed_at_utc.912518b878, now test.portvessel.source_not_null_portvessel_gold_vessel_operational_risk_flags_mmsi.5de8d6a52f)
[0m05:01:22.065675 [debug] [Thread-3 (]: Began compiling node test.portvessel.source_not_null_portvessel_gold_vessel_operational_risk_flags_mmsi.5de8d6a52f
[0m05:01:22.070674 [debug] [Thread-3 (]: Writing injected SQL for node "test.portvessel.source_not_null_portvessel_gold_vessel_operational_risk_flags_mmsi.5de8d6a52f"
[0m05:01:22.072673 [info ] [Thread-2 (]: 6 of 14 PASS source_not_null_portvessel_gold_fct_anchorage_dwell_mmsi .......... [[32mPASS[0m in 1.02s]
[0m05:01:22.072673 [debug] [Thread-3 (]: Began executing node test.portvessel.source_not_null_portvessel_gold_vessel_operational_risk_flags_mmsi.5de8d6a52f
[0m05:01:22.074177 [debug] [Thread-2 (]: Finished running node test.portvessel.source_not_null_portvessel_gold_fct_anchorage_dwell_mmsi.22b13e5ded
[0m05:01:22.075181 [debug] [Thread-3 (]: Writing runtime sql for node "test.portvessel.source_not_null_portvessel_gold_vessel_operational_risk_flags_mmsi.5de8d6a52f"
[0m05:01:22.075181 [debug] [Thread-2 (]: Began running node test.portvessel.source_not_null_portvessel_gold_vessel_operational_risk_flags_operational_flag.0da4b168a1
[0m05:01:22.076181 [info ] [Thread-2 (]: 11 of 14 START test source_not_null_portvessel_gold_vessel_operational_risk_flags_operational_flag  [RUN]
[0m05:01:22.077180 [debug] [Thread-2 (]: Re-using an available connection from the pool (formerly test.portvessel.source_not_null_portvessel_gold_fct_anchorage_dwell_mmsi.22b13e5ded, now test.portvessel.source_not_null_portvessel_gold_vessel_operational_risk_flags_operational_flag.0da4b168a1)
[0m05:01:22.077180 [debug] [Thread-2 (]: Began compiling node test.portvessel.source_not_null_portvessel_gold_vessel_operational_risk_flags_operational_flag.0da4b168a1
[0m05:01:22.082181 [debug] [Thread-2 (]: Writing injected SQL for node "test.portvessel.source_not_null_portvessel_gold_vessel_operational_risk_flags_operational_flag.0da4b168a1"
[0m05:01:22.083180 [debug] [Thread-3 (]: On test.portvessel.source_not_null_portvessel_gold_vessel_operational_risk_flags_mmsi.5de8d6a52f: /* {"app": "dbt", "dbt_version": "1.12.3", "profile_name": "portvessel", "target_name": "dev", "node_id": "test.portvessel.source_not_null_portvessel_gold_vessel_operational_risk_flags_mmsi.5de8d6a52f"} */

    
    select
      count(*) as failures,
      count(*) != 0 as should_warn,
      count(*) != 0 as should_error
    from (
      
    
  
    
    



select mmsi
from `cloudprojects-506123`.`portvessel_dev_gold`.`vessel_operational_risk_flags`
where mmsi is null



  
  
      
    ) dbt_internal_test
[0m05:01:22.083180 [debug] [Thread-3 (]: Opening a new connection, currently in state closed
[0m05:01:22.084182 [debug] [Thread-2 (]: Began executing node test.portvessel.source_not_null_portvessel_gold_vessel_operational_risk_flags_operational_flag.0da4b168a1
[0m05:01:22.085181 [debug] [Thread-2 (]: Writing runtime sql for node "test.portvessel.source_not_null_portvessel_gold_vessel_operational_risk_flags_operational_flag.0da4b168a1"
[0m05:01:22.086181 [debug] [Thread-2 (]: On test.portvessel.source_not_null_portvessel_gold_vessel_operational_risk_flags_operational_flag.0da4b168a1: /* {"app": "dbt", "dbt_version": "1.12.3", "profile_name": "portvessel", "target_name": "dev", "node_id": "test.portvessel.source_not_null_portvessel_gold_vessel_operational_risk_flags_operational_flag.0da4b168a1"} */

    
    select
      count(*) as failures,
      count(*) != 0 as should_warn,
      count(*) != 0 as should_error
    from (
      
    
  
    
    



select operational_flag
from `cloudprojects-506123`.`portvessel_dev_gold`.`vessel_operational_risk_flags`
where operational_flag is null



  
  
      
    ) dbt_internal_test
[0m05:01:22.087181 [debug] [Thread-2 (]: Opening a new connection, currently in state closed
[0m05:01:22.144137 [info ] [Thread-4 (]: 5 of 14 PASS source_not_null_portvessel_gold_fct_anchorage_dwell_exit_observed_at_utc  [[32mPASS[0m in 1.10s]
[0m05:01:22.145136 [debug] [Thread-4 (]: Finished running node test.portvessel.source_not_null_portvessel_gold_fct_anchorage_dwell_exit_observed_at_utc.4ce86b2423
[0m05:01:22.145136 [debug] [Thread-4 (]: Began running node test.portvessel.source_unique_portvessel_gold_fct_anchorage_dwell_anchorage_dwell_id.c6b3ee12e6
[0m05:01:22.145136 [info ] [Thread-4 (]: 12 of 14 START test source_unique_portvessel_gold_fct_anchorage_dwell_anchorage_dwell_id  [RUN]
[0m05:01:22.146137 [debug] [Thread-4 (]: Re-using an available connection from the pool (formerly test.portvessel.source_not_null_portvessel_gold_fct_anchorage_dwell_exit_observed_at_utc.4ce86b2423, now test.portvessel.source_unique_portvessel_gold_fct_anchorage_dwell_anchorage_dwell_id.c6b3ee12e6)
[0m05:01:22.146716 [debug] [Thread-4 (]: Began compiling node test.portvessel.source_unique_portvessel_gold_fct_anchorage_dwell_anchorage_dwell_id.c6b3ee12e6
[0m05:01:22.152721 [debug] [Thread-4 (]: Writing injected SQL for node "test.portvessel.source_unique_portvessel_gold_fct_anchorage_dwell_anchorage_dwell_id.c6b3ee12e6"
[0m05:01:22.153720 [debug] [Thread-4 (]: Began executing node test.portvessel.source_unique_portvessel_gold_fct_anchorage_dwell_anchorage_dwell_id.c6b3ee12e6
[0m05:01:22.154721 [debug] [Thread-4 (]: Writing runtime sql for node "test.portvessel.source_unique_portvessel_gold_fct_anchorage_dwell_anchorage_dwell_id.c6b3ee12e6"
[0m05:01:22.155720 [debug] [Thread-4 (]: On test.portvessel.source_unique_portvessel_gold_fct_anchorage_dwell_anchorage_dwell_id.c6b3ee12e6: /* {"app": "dbt", "dbt_version": "1.12.3", "profile_name": "portvessel", "target_name": "dev", "node_id": "test.portvessel.source_unique_portvessel_gold_fct_anchorage_dwell_anchorage_dwell_id.c6b3ee12e6"} */

    
    select
      count(*) as failures,
      count(*) != 0 as should_warn,
      count(*) != 0 as should_error
    from (
      
    
  
    
    

with dbt_test__target as (

  select anchorage_dwell_id as unique_field
  from `cloudprojects-506123`.`portvessel_dev_gold`.`fct_anchorage_dwell`
  where anchorage_dwell_id is not null

)

select
    unique_field,
    count(*) as n_records

from dbt_test__target
group by unique_field
having count(*) > 1



  
  
      
    ) dbt_internal_test
[0m05:01:22.155720 [debug] [Thread-4 (]: Opening a new connection, currently in state closed
[0m05:01:22.605329 [debug] [Thread-3 (]: BigQuery adapter: https://console.cloud.google.com/bigquery?project=cloudprojects-506123&j=bq:europe-west3:4880d5dc-ce29-4ce4-bc6b-4af6e491bdbb&page=queryresults
[0m05:01:22.621193 [debug] [Thread-1 (]: BigQuery adapter: https://console.cloud.google.com/bigquery?project=cloudprojects-506123&j=bq:europe-west3:1657880d-4ca5-4061-8f5d-c6f30af9ccc7&page=queryresults
[0m05:01:22.694686 [debug] [Thread-4 (]: BigQuery adapter: https://console.cloud.google.com/bigquery?project=cloudprojects-506123&j=bq:europe-west3:0c29c977-df25-4be7-b23d-f619917289f1&page=queryresults
[0m05:01:22.713751 [debug] [Thread-2 (]: BigQuery adapter: https://console.cloud.google.com/bigquery?project=cloudprojects-506123&j=bq:europe-west3:a1a2a937-59a7-45d3-bd8c-bea5a0944743&page=queryresults
[0m05:01:22.714749 [debug] [Thread-3 (]: SQL status: OK in 0.109 seconds
[0m05:01:22.727752 [debug] [Thread-1 (]: SQL status: OK in 0.106 seconds
[0m05:01:22.791230 [debug] [Thread-4 (]: SQL status: OK in 0.096 seconds
[0m05:01:22.831547 [debug] [Thread-2 (]: SQL status: OK in 0.118 seconds
[0m05:01:22.854859 [info ] [Thread-1 (]: 9 of 14 PASS source_not_null_portvessel_gold_fct_port_call_port_call_id ........ [[32mPASS[0m in 0.82s]
[0m05:01:22.855859 [debug] [Thread-1 (]: Finished running node test.portvessel.source_not_null_portvessel_gold_fct_port_call_port_call_id.7a5ddefa85
[0m05:01:22.855859 [debug] [Thread-1 (]: Began running node test.portvessel.source_unique_portvessel_gold_fct_port_call_port_call_id.953d20cae7
[0m05:01:22.856858 [info ] [Thread-1 (]: 13 of 14 START test source_unique_portvessel_gold_fct_port_call_port_call_id ... [RUN]
[0m05:01:22.856858 [debug] [Thread-1 (]: Re-using an available connection from the pool (formerly test.portvessel.source_not_null_portvessel_gold_fct_port_call_port_call_id.7a5ddefa85, now test.portvessel.source_unique_portvessel_gold_fct_port_call_port_call_id.953d20cae7)
[0m05:01:22.856858 [debug] [Thread-1 (]: Began compiling node test.portvessel.source_unique_portvessel_gold_fct_port_call_port_call_id.953d20cae7
[0m05:01:22.861863 [debug] [Thread-1 (]: Writing injected SQL for node "test.portvessel.source_unique_portvessel_gold_fct_port_call_port_call_id.953d20cae7"
[0m05:01:22.871806 [debug] [Thread-1 (]: Began executing node test.portvessel.source_unique_portvessel_gold_fct_port_call_port_call_id.953d20cae7
[0m05:01:22.872813 [debug] [Thread-1 (]: Writing runtime sql for node "test.portvessel.source_unique_portvessel_gold_fct_port_call_port_call_id.953d20cae7"
[0m05:01:22.873812 [debug] [Thread-1 (]: On test.portvessel.source_unique_portvessel_gold_fct_port_call_port_call_id.953d20cae7: /* {"app": "dbt", "dbt_version": "1.12.3", "profile_name": "portvessel", "target_name": "dev", "node_id": "test.portvessel.source_unique_portvessel_gold_fct_port_call_port_call_id.953d20cae7"} */

    
    select
      count(*) as failures,
      count(*) != 0 as should_warn,
      count(*) != 0 as should_error
    from (
      
    
  
    
    

with dbt_test__target as (

  select port_call_id as unique_field
  from `cloudprojects-506123`.`portvessel_dev_gold`.`fct_port_call`
  where port_call_id is not null

)

select
    unique_field,
    count(*) as n_records

from dbt_test__target
group by unique_field
having count(*) > 1



  
  
      
    ) dbt_internal_test
[0m05:01:22.873812 [debug] [Thread-1 (]: Opening a new connection, currently in state closed
[0m05:01:22.963444 [info ] [Thread-3 (]: 10 of 14 PASS source_not_null_portvessel_gold_vessel_operational_risk_flags_mmsi  [[32mPASS[0m in 0.90s]
[0m05:01:22.964444 [debug] [Thread-3 (]: Finished running node test.portvessel.source_not_null_portvessel_gold_vessel_operational_risk_flags_mmsi.5de8d6a52f
[0m05:01:22.964444 [debug] [Thread-3 (]: Began running node test.portvessel.source_unique_portvessel_gold_vessel_operational_risk_flags_mmsi.2659b8de7c
[0m05:01:22.965443 [info ] [Thread-3 (]: 14 of 14 START test source_unique_portvessel_gold_vessel_operational_risk_flags_mmsi  [RUN]
[0m05:01:22.965443 [debug] [Thread-3 (]: Re-using an available connection from the pool (formerly test.portvessel.source_not_null_portvessel_gold_vessel_operational_risk_flags_mmsi.5de8d6a52f, now test.portvessel.source_unique_portvessel_gold_vessel_operational_risk_flags_mmsi.2659b8de7c)
[0m05:01:22.966443 [debug] [Thread-3 (]: Began compiling node test.portvessel.source_unique_portvessel_gold_vessel_operational_risk_flags_mmsi.2659b8de7c
[0m05:01:22.971443 [debug] [Thread-3 (]: Writing injected SQL for node "test.portvessel.source_unique_portvessel_gold_vessel_operational_risk_flags_mmsi.2659b8de7c"
[0m05:01:22.972443 [debug] [Thread-3 (]: Began executing node test.portvessel.source_unique_portvessel_gold_vessel_operational_risk_flags_mmsi.2659b8de7c
[0m05:01:22.973443 [debug] [Thread-3 (]: Writing runtime sql for node "test.portvessel.source_unique_portvessel_gold_vessel_operational_risk_flags_mmsi.2659b8de7c"
[0m05:01:22.974445 [debug] [Thread-3 (]: On test.portvessel.source_unique_portvessel_gold_vessel_operational_risk_flags_mmsi.2659b8de7c: /* {"app": "dbt", "dbt_version": "1.12.3", "profile_name": "portvessel", "target_name": "dev", "node_id": "test.portvessel.source_unique_portvessel_gold_vessel_operational_risk_flags_mmsi.2659b8de7c"} */

    
    select
      count(*) as failures,
      count(*) != 0 as should_warn,
      count(*) != 0 as should_error
    from (
      
    
  
    
    

with dbt_test__target as (

  select mmsi as unique_field
  from `cloudprojects-506123`.`portvessel_dev_gold`.`vessel_operational_risk_flags`
  where mmsi is not null

)

select
    unique_field,
    count(*) as n_records

from dbt_test__target
group by unique_field
having count(*) > 1



  
  
      
    ) dbt_internal_test
[0m05:01:22.974445 [debug] [Thread-3 (]: Opening a new connection, currently in state closed
[0m05:01:23.032181 [info ] [Thread-2 (]: 11 of 14 PASS source_not_null_portvessel_gold_vessel_operational_risk_flags_operational_flag  [[32mPASS[0m in 0.96s]
[0m05:01:23.033180 [debug] [Thread-2 (]: Finished running node test.portvessel.source_not_null_portvessel_gold_vessel_operational_risk_flags_operational_flag.0da4b168a1
[0m05:01:23.105241 [info ] [Thread-4 (]: 12 of 14 PASS source_unique_portvessel_gold_fct_anchorage_dwell_anchorage_dwell_id  [[32mPASS[0m in 0.96s]
[0m05:01:23.106239 [debug] [Thread-4 (]: Finished running node test.portvessel.source_unique_portvessel_gold_fct_anchorage_dwell_anchorage_dwell_id.c6b3ee12e6
[0m05:01:23.459430 [debug] [Thread-1 (]: BigQuery adapter: https://console.cloud.google.com/bigquery?project=cloudprojects-506123&j=bq:europe-west3:50bf9a16-fd12-40cc-b046-382bd8a1cb91&page=queryresults
[0m05:01:23.560002 [debug] [Thread-1 (]: SQL status: OK in 0.101 seconds
[0m05:01:23.564004 [debug] [Thread-3 (]: BigQuery adapter: https://console.cloud.google.com/bigquery?project=cloudprojects-506123&j=bq:europe-west3:c9c1b88f-6c67-47c0-b210-ce0de0f3880d&page=queryresults
[0m05:01:23.658088 [debug] [Thread-3 (]: SQL status: OK in 0.094 seconds
[0m05:01:23.792085 [info ] [Thread-1 (]: 13 of 14 PASS source_unique_portvessel_gold_fct_port_call_port_call_id ......... [[32mPASS[0m in 0.94s]
[0m05:01:23.793227 [debug] [Thread-1 (]: Finished running node test.portvessel.source_unique_portvessel_gold_fct_port_call_port_call_id.953d20cae7
[0m05:01:23.819976 [info ] [Thread-3 (]: 14 of 14 PASS source_unique_portvessel_gold_vessel_operational_risk_flags_mmsi . [[32mPASS[0m in 0.85s]
[0m05:01:23.820977 [debug] [Thread-3 (]: Finished running node test.portvessel.source_unique_portvessel_gold_vessel_operational_risk_flags_mmsi.2659b8de7c
[0m05:01:23.821977 [debug] [MainThread]: Opening a new connection, currently in state closed
[0m05:01:23.821977 [debug] [MainThread]: Connection 'master' was properly closed.
[0m05:01:23.821977 [debug] [MainThread]: Connection 'list_cloudprojects-506123_portvessel_dev_portvessel_dev_marts' was properly closed.
[0m05:01:23.822978 [debug] [MainThread]: Connection 'test.portvessel.source_unique_portvessel_gold_fct_port_call_port_call_id.953d20cae7' was properly closed.
[0m05:01:23.822978 [debug] [MainThread]: Connection 'test.portvessel.source_not_null_portvessel_gold_vessel_operational_risk_flags_operational_flag.0da4b168a1' was properly closed.
[0m05:01:23.822978 [debug] [MainThread]: Connection 'test.portvessel.source_unique_portvessel_gold_vessel_operational_risk_flags_mmsi.2659b8de7c' was properly closed.
[0m05:01:23.822978 [debug] [MainThread]: Connection 'test.portvessel.source_unique_portvessel_gold_fct_anchorage_dwell_anchorage_dwell_id.c6b3ee12e6' was properly closed.
[0m05:01:23.823978 [info ] [MainThread]: 
[0m05:01:23.823978 [info ] [MainThread]: Finished running 14 data tests in 0 hours 0 minutes and 5.66 seconds (5.66s).
[0m05:01:23.825977 [debug] [MainThread]: Command end result
[0m05:01:23.854978 [debug] [MainThread]: Wrote artifact WritableManifest to C:\Users\magic\Projects\PortVessel-lakehouse\dbt\target\manifest.json
[0m05:01:23.856978 [debug] [MainThread]: Wrote artifact SemanticManifest to C:\Users\magic\Projects\PortVessel-lakehouse\dbt\target\semantic_manifest.json
[0m05:01:23.859980 [debug] [MainThread]: Wrote artifact OsiDocument to C:\Users\magic\Projects\PortVessel-lakehouse\dbt\target\osi_document.json
[0m05:01:23.864983 [debug] [MainThread]: Wrote artifact RunExecutionResult to C:\Users\magic\Projects\PortVessel-lakehouse\dbt\target\run_results.json
[0m05:01:23.865982 [info ] [MainThread]: 
[0m05:01:23.865982 [info ] [MainThread]: [32mCompleted successfully[0m
[0m05:01:23.865982 [info ] [MainThread]: 
[0m05:01:23.866982 [info ] [MainThread]: Done. PASS=14 WARN=0 ERROR=0 SKIP=0 NO-OP=0 REUSED=0 TOTAL=14
[0m05:01:23.866982 [debug] [MainThread]: Command `dbt test` succeeded at 05:01:23.866982 after 7.48 seconds
[0m05:01:23.867982 [debug] [MainThread]: Sending event: {'category': 'dbt', 'action': 'invocation', 'label': 'end', 'context': [<snowplow_tracker.self_describing_json.SelfDescribingJson object at 0x000001D787C4A330>, <snowplow_tracker.self_describing_json.SelfDescribingJson object at 0x000001D789F0B110>, <snowplow_tracker.self_describing_json.SelfDescribingJson object at 0x000001D78549DD90>]}
[0m05:01:23.867982 [debug] [MainThread]: Flushing usage events
[0m05:01:24.557314 [debug] [MainThread]: An error was encountered while trying to flush usage events
[0m05:01:31.538858 [debug] [MainThread]: Sending event: {'category': 'dbt', 'action': 'invocation', 'label': 'start', 'context': [<snowplow_tracker.self_describing_json.SelfDescribingJson object at 0x00000118656E57F0>, <snowplow_tracker.self_describing_json.SelfDescribingJson object at 0x000001186A05C8F0>, <snowplow_tracker.self_describing_json.SelfDescribingJson object at 0x00000118660ABFE0>]}


============================== 05:01:31.542856 | 1e2f08ad-5d32-4ee4-8075-d9140719e352 ==============================
[0m05:01:31.542856 [info ] [MainThread]: Running with dbt=1.12.3
[0m05:01:31.542856 [debug] [MainThread]: running dbt with arguments {'maximum_seed_size_mib': '1', 'no_print': 'None', 'static_parser': 'True', 'warn_error_options': 'WarnErrorOptionsV2(error=[], warn=[], silence=[])', 'target_path': 'None', 'version_check': 'True', 'printer_width': '80', 'write_json': 'True', 'introspect': 'True', 'log_cache_events': 'False', 'empty': 'False', 'cache_selected_only': 'False', 'fail_fast': 'False', 'debug': 'False', 'log_format': 'default', 'profiles_dir': 'C:\\Users\\magic\\Projects\\PortVessel-lakehouse\\dbt', 'send_anonymous_usage_stats': 'True', 'quiet': 'False', 'warn_error': 'None', 'partial_parse': 'True', 'use_colors': 'True', 'hints_enabled': 'True', 'indirect_selection': 'eager', 'use_experimental_parser': 'False', 'invocation_command': 'dbt run --select marts', 'log_path': 'C:\\Users\\magic\\Projects\\PortVessel-lakehouse\\dbt\\logs'}
[0m05:01:32.693590 [debug] [MainThread]: Sending event: {'category': 'dbt', 'action': 'project_id', 'label': '1e2f08ad-5d32-4ee4-8075-d9140719e352', 'context': [<snowplow_tracker.self_describing_json.SelfDescribingJson object at 0x000001181CC089E0>]}
[0m05:01:32.753110 [debug] [MainThread]: Sending event: {'category': 'dbt', 'action': 'adapter_info', 'label': '1e2f08ad-5d32-4ee4-8075-d9140719e352', 'context': [<snowplow_tracker.self_describing_json.SelfDescribingJson object at 0x000001181C8BA1E0>]}
[0m05:01:32.754110 [info ] [MainThread]: Registered adapter: bigquery=1.12.0
[0m05:01:33.226228 [debug] [MainThread]: checksum: 5f143da5afd1a6b6298bff390d2cac426bc2fa3cddb0281a2f93c038cc305c8b, vars: {}, profile: portvessel, target: dev, version: 1.12.3
[0m05:01:33.385347 [debug] [MainThread]: Partial parsing enabled: 0 files deleted, 0 files added, 0 files changed.
[0m05:01:33.385347 [debug] [MainThread]: Nothing changed, skipping partial parsing.
[0m05:01:33.386348 [debug] [MainThread]: Partial parsing enabled, no changes found, skipping parsing
[0m05:01:33.396348 [debug] [MainThread]: Sending event: {'category': 'dbt', 'action': 'load_project', 'label': '1e2f08ad-5d32-4ee4-8075-d9140719e352', 'context': [<snowplow_tracker.self_describing_json.SelfDescribingJson object at 0x000001181CCEC5C0>]}
[0m05:01:33.538441 [debug] [MainThread]: Wrote artifact WritableManifest to C:\Users\magic\Projects\PortVessel-lakehouse\dbt\target\manifest.json
[0m05:01:33.542441 [debug] [MainThread]: Wrote artifact SemanticManifest to C:\Users\magic\Projects\PortVessel-lakehouse\dbt\target\semantic_manifest.json
[0m05:01:33.569248 [debug] [MainThread]: Wrote artifact OsiDocument to C:\Users\magic\Projects\PortVessel-lakehouse\dbt\target\osi_document.json
[0m05:01:33.582249 [debug] [MainThread]: Sending event: {'category': 'dbt', 'action': 'resource_counts', 'label': '1e2f08ad-5d32-4ee4-8075-d9140719e352', 'context': [<snowplow_tracker.self_describing_json.SelfDescribingJson object at 0x000001181D32D0D0>]}
[0m05:01:33.582249 [info ] [MainThread]: Found 2 models, 14 data tests, 4 sources, 561 macros
[0m05:01:33.583676 [debug] [MainThread]: Sending event: {'category': 'dbt', 'action': 'runnable_timing', 'label': '1e2f08ad-5d32-4ee4-8075-d9140719e352', 'context': [<snowplow_tracker.self_describing_json.SelfDescribingJson object at 0x000001181CFA8C20>]}
[0m05:01:33.585676 [info ] [MainThread]: 
[0m05:01:33.585676 [info ] [MainThread]: Concurrency: 4 threads (target='dev')
[0m05:01:33.586678 [info ] [MainThread]: 
[0m05:01:33.586678 [debug] [MainThread]: Acquiring new bigquery connection 'master'
[0m05:01:33.591676 [debug] [ThreadPool]: Acquiring new bigquery connection 'list_cloudprojects-506123'
[0m05:01:33.592677 [debug] [ThreadPool]: Opening a new connection, currently in state init
[0m05:01:35.331707 [debug] [ThreadPool]: Re-using an available connection from the pool (formerly list_cloudprojects-506123, now create_cloudprojects-506123_portvessel_dev_portvessel_dev_marts)
[0m05:01:35.332708 [debug] [ThreadPool]: Creating schema "database: "cloudprojects-506123"
schema: "portvessel_dev_portvessel_dev_marts"
"
[0m05:01:35.345221 [debug] [ThreadPool]: On create_cloudprojects-506123_portvessel_dev_portvessel_dev_marts: /* {"app": "dbt", "dbt_version": "1.12.3", "profile_name": "portvessel", "target_name": "dev", "connection_name": "create_cloudprojects-506123_portvessel_dev_portvessel_dev_marts"} */
create schema if not exists `cloudprojects-506123`.`portvessel_dev_portvessel_dev_marts`
  
[0m05:01:35.345221 [debug] [ThreadPool]: Opening a new connection, currently in state closed
[0m05:01:35.788009 [debug] [ThreadPool]: BigQuery adapter: https://console.cloud.google.com/bigquery?project=cloudprojects-506123&j=bq:europe-west3:10f9360c-c26b-4116-a3d5-c2094e6004c3&page=queryresults
[0m05:01:36.784173 [debug] [ThreadPool]: SQL status: OK in 0.996 seconds
[0m05:01:36.830842 [debug] [ThreadPool]: Acquiring new bigquery connection 'list_cloudprojects-506123_portvessel_dev_portvessel_dev_marts'
[0m05:01:36.831840 [debug] [ThreadPool]: Opening a new connection, currently in state init
[0m05:01:37.319034 [debug] [MainThread]: Sending event: {'category': 'dbt', 'action': 'runnable_timing', 'label': '1e2f08ad-5d32-4ee4-8075-d9140719e352', 'context': [<snowplow_tracker.self_describing_json.SelfDescribingJson object at 0x0000011865A4F890>]}
[0m05:01:37.319034 [debug] [MainThread]: Opening a new connection, currently in state init
[0m05:01:37.323167 [debug] [Thread-1 (]: Began running node model.portvessel.mart_port_congestion
[0m05:01:37.323167 [debug] [Thread-2 (]: Began running node model.portvessel.mart_vessel_risk
[0m05:01:37.324167 [info ] [Thread-1 (]: 1 of 2 START sql table model portvessel_dev_portvessel_dev_marts.mart_port_congestion  [RUN]
[0m05:01:37.324167 [debug] [Thread-1 (]: Acquiring new bigquery connection 'model.portvessel.mart_port_congestion'
[0m05:01:37.324167 [info ] [Thread-2 (]: 2 of 2 START sql table model portvessel_dev_portvessel_dev_marts.mart_vessel_risk  [RUN]
[0m05:01:37.325167 [debug] [Thread-1 (]: Began compiling node model.portvessel.mart_port_congestion
[0m05:01:37.325167 [debug] [Thread-2 (]: Acquiring new bigquery connection 'model.portvessel.mart_vessel_risk'
[0m05:01:37.330168 [debug] [Thread-1 (]: Writing injected SQL for node "model.portvessel.mart_port_congestion"
[0m05:01:37.331169 [debug] [Thread-2 (]: Began compiling node model.portvessel.mart_vessel_risk
[0m05:01:37.332168 [debug] [Thread-2 (]: Writing injected SQL for node "model.portvessel.mart_vessel_risk"
[0m05:01:37.334168 [debug] [Thread-2 (]: Began executing node model.portvessel.mart_vessel_risk
[0m05:01:37.334168 [debug] [Thread-1 (]: Began executing node model.portvessel.mart_port_congestion
[0m05:01:37.366683 [debug] [Thread-2 (]: Writing runtime sql for node "model.portvessel.mart_vessel_risk"
[0m05:01:37.375350 [debug] [Thread-1 (]: Writing runtime sql for node "model.portvessel.mart_port_congestion"
[0m05:01:37.376350 [debug] [Thread-2 (]: On model.portvessel.mart_vessel_risk: /* {"app": "dbt", "dbt_version": "1.12.3", "profile_name": "portvessel", "target_name": "dev", "node_id": "model.portvessel.mart_vessel_risk"} */

  
    

    create or replace table `cloudprojects-506123`.`portvessel_dev_portvessel_dev_marts`.`mart_vessel_risk`
      
    
    cluster by mmsi, operational_flag

    
    OPTIONS(
      description=""""""
    )
    as (
      

with risk_data as (
    select
        mmsi,
        port_call_count,
        port_calls_with_anchorage,
        partial_port_calls,
        persistent_anchorage_episode_count,
        max_port_duration_minutes,
        mean_port_duration_minutes,
        max_persistent_anchorage_dwell_minutes,
        mean_persistent_anchorage_dwell_minutes,
        max_observation_gap_minutes,
        operational_flag,
        source_object,
        source_sha256,
        loaded_at_utc,
        ingestion_run_id
    from `cloudprojects-506123`.`portvessel_dev_gold`.`vessel_operational_risk_flags`
),

final as (
    select
        mmsi,
        port_call_count,
        port_calls_with_anchorage,
        safe_divide(
            port_calls_with_anchorage,
            nullif(port_call_count, 0)
        ) as anchorage_call_rate,
        partial_port_calls,
        persistent_anchorage_episode_count,
        max_port_duration_minutes,
        mean_port_duration_minutes,
        max_persistent_anchorage_dwell_minutes,
        mean_persistent_anchorage_dwell_minutes,
        max_observation_gap_minutes,
        operational_flag,
        source_object,
        source_sha256,
        loaded_at_utc,
        ingestion_run_id
    from risk_data
)

select * from final
    );
  
[0m05:01:37.377351 [debug] [Thread-2 (]: Opening a new connection, currently in state init
[0m05:01:37.377351 [debug] [Thread-1 (]: On model.portvessel.mart_port_congestion: /* {"app": "dbt", "dbt_version": "1.12.3", "profile_name": "portvessel", "target_name": "dev", "node_id": "model.portvessel.mart_port_congestion"} */

  
    

    create or replace table `cloudprojects-506123`.`portvessel_dev_portvessel_dev_marts`.`mart_port_congestion`
      
    partition by metric_date
    cluster by port_id

    
    OPTIONS(
      description=""""""
    )
    as (
      

with source_data as (
    select
        metric_date,
        port_id,
        port_name,
        observed_port_calls,
        observed_vessels,
        port_calls_with_anchorage,
        median_port_duration_minutes,
        p90_port_duration_minutes,
        mean_port_duration_minutes,
        observed_with_anchorage_calls,
        partial_calls,
        source_object,
        source_sha256,
        loaded_at_utc,
        ingestion_run_id
    from `cloudprojects-506123`.`portvessel_dev_gold`.`agg_port_congestion_daily`
),

final as (
    select
        metric_date,
        port_id,
        port_name,
        observed_port_calls,
        observed_vessels,
        port_calls_with_anchorage,
        safe_divide(port_calls_with_anchorage, nullif(observed_port_calls, 0))
            as anchorage_call_rate,
        median_port_duration_minutes,
        p90_port_duration_minutes,
        mean_port_duration_minutes,
        observed_with_anchorage_calls,
        partial_calls,
        source_object,
        source_sha256,
        loaded_at_utc,
        ingestion_run_id
    from source_data
)

select * from final
    );
  
[0m05:01:37.378350 [debug] [Thread-1 (]: Opening a new connection, currently in state init
[0m05:01:37.957463 [debug] [Thread-2 (]: BigQuery adapter: https://console.cloud.google.com/bigquery?project=cloudprojects-506123&j=bq:europe-west3:5ffc6c4f-a4c0-445c-9713-03ae4de3b050&page=queryresults
[0m05:01:38.056518 [debug] [Thread-1 (]: BigQuery adapter: https://console.cloud.google.com/bigquery?project=cloudprojects-506123&j=bq:europe-west3:a93d08a8-602c-45d5-a50c-68950bfe8ac8&page=queryresults
[0m05:01:38.983626 [debug] [Thread-2 (]: SQL status: OK in 1.026 seconds
[0m05:01:39.121469 [debug] [Thread-2 (]: Sending event: {'category': 'dbt', 'action': 'run_model', 'label': '1e2f08ad-5d32-4ee4-8075-d9140719e352', 'context': [<snowplow_tracker.self_describing_json.SelfDescribingJson object at 0x000001181CAFD280>]}
[0m05:01:39.122469 [info ] [Thread-2 (]: 2 of 2 OK created sql table model portvessel_dev_portvessel_dev_marts.mart_vessel_risk  [[32mCREATE TABLE (428.0 rows, 117.3 KiB processed)[0m in 1.80s]
[0m05:01:39.122469 [debug] [Thread-2 (]: Finished running node model.portvessel.mart_vessel_risk
[0m05:01:39.452026 [debug] [Thread-1 (]: SQL status: OK in 1.395 seconds
[0m05:01:39.616764 [debug] [Thread-1 (]: Sending event: {'category': 'dbt', 'action': 'run_model', 'label': '1e2f08ad-5d32-4ee4-8075-d9140719e352', 'context': [<snowplow_tracker.self_describing_json.SelfDescribingJson object at 0x000001181CDA2030>]}
[0m05:01:39.616764 [info ] [Thread-1 (]: 1 of 2 OK created sql table model portvessel_dev_portvessel_dev_marts.mart_port_congestion  [[32mCREATE TABLE (4.0 rows, 1.3 KiB processed)[0m in 2.29s]
[0m05:01:39.617766 [debug] [Thread-1 (]: Finished running node model.portvessel.mart_port_congestion
[0m05:01:39.618765 [debug] [MainThread]: Opening a new connection, currently in state closed
[0m05:01:39.618765 [debug] [MainThread]: Connection 'master' was properly closed.
[0m05:01:39.619766 [debug] [MainThread]: Connection 'create_cloudprojects-506123_portvessel_dev_portvessel_dev_marts' was properly closed.
[0m05:01:39.619766 [debug] [MainThread]: Connection 'list_cloudprojects-506123_portvessel_dev_portvessel_dev_marts' was properly closed.
[0m05:01:39.619766 [debug] [MainThread]: Connection 'model.portvessel.mart_port_congestion' was properly closed.
[0m05:01:39.619766 [debug] [MainThread]: Connection 'model.portvessel.mart_vessel_risk' was properly closed.
[0m05:01:39.619766 [info ] [MainThread]: 
[0m05:01:39.620766 [info ] [MainThread]: Finished running 2 table models in 0 hours 0 minutes and 6.03 seconds (6.03s).
[0m05:01:39.620766 [debug] [MainThread]: Command end result
[0m05:01:39.650765 [debug] [MainThread]: Wrote artifact WritableManifest to C:\Users\magic\Projects\PortVessel-lakehouse\dbt\target\manifest.json
[0m05:01:39.652765 [debug] [MainThread]: Wrote artifact SemanticManifest to C:\Users\magic\Projects\PortVessel-lakehouse\dbt\target\semantic_manifest.json
[0m05:01:39.655765 [debug] [MainThread]: Wrote artifact OsiDocument to C:\Users\magic\Projects\PortVessel-lakehouse\dbt\target\osi_document.json
[0m05:01:39.660765 [debug] [MainThread]: Wrote artifact RunExecutionResult to C:\Users\magic\Projects\PortVessel-lakehouse\dbt\target\run_results.json
[0m05:01:39.660765 [info ] [MainThread]: 
[0m05:01:39.661765 [info ] [MainThread]: [32mCompleted successfully[0m
[0m05:01:39.661765 [info ] [MainThread]: 
[0m05:01:39.661765 [info ] [MainThread]: Done. PASS=2 WARN=0 ERROR=0 SKIP=0 NO-OP=0 REUSED=0 TOTAL=2
[0m05:01:39.662764 [debug] [MainThread]: Command `dbt run` succeeded at 05:01:39.662764 after 8.23 seconds
[0m05:01:39.662764 [debug] [MainThread]: Sending event: {'category': 'dbt', 'action': 'invocation', 'label': 'end', 'context': [<snowplow_tracker.self_describing_json.SelfDescribingJson object at 0x00000118656E57F0>, <snowplow_tracker.self_describing_json.SelfDescribingJson object at 0x000001181D004320>, <snowplow_tracker.self_describing_json.SelfDescribingJson object at 0x000001181CDA2180>]}
[0m05:01:39.662764 [debug] [MainThread]: Flushing usage events
[0m05:01:40.314391 [debug] [MainThread]: An error was encountered while trying to flush usage events
[0m05:06:16.148805 [debug] [MainThread]: Sending event: {'category': 'dbt', 'action': 'invocation', 'label': 'start', 'context': [<snowplow_tracker.self_describing_json.SelfDescribingJson object at 0x000001C6DCABF890>, <snowplow_tracker.self_describing_json.SelfDescribingJson object at 0x000001C6DCABF6E0>, <snowplow_tracker.self_describing_json.SelfDescribingJson object at 0x000001C6DCABDEE0>]}


============================== 05:06:16.151810 | 1c0f969a-dc7e-4cbe-b025-89725445ba2b ==============================
[0m05:06:16.151810 [info ] [MainThread]: Running with dbt=1.12.3
[0m05:06:16.152808 [debug] [MainThread]: running dbt with arguments {'version_check': 'True', 'no_print': 'None', 'static_parser': 'True', 'warn_error_options': 'WarnErrorOptionsV2(error=[], warn=[], silence=[])', 'maximum_seed_size_mib': '1', 'target_path': 'None', 'printer_width': '80', 'write_json': 'True', 'introspect': 'True', 'log_cache_events': 'False', 'empty': 'None', 'cache_selected_only': 'False', 'fail_fast': 'False', 'debug': 'False', 'log_format': 'default', 'partial_parse': 'True', 'send_anonymous_usage_stats': 'True', 'quiet': 'False', 'warn_error': 'None', 'profiles_dir': 'C:\\Users\\magic\\Projects\\PortVessel-lakehouse\\dbt', 'indirect_selection': 'eager', 'hints_enabled': 'True', 'invocation_command': 'dbt clean', 'use_experimental_parser': 'False', 'use_colors': 'True', 'log_path': 'C:\\Users\\magic\\Projects\\PortVessel-lakehouse\\dbt\\logs'}
[0m05:06:16.261692 [debug] [MainThread]: Sending event: {'category': 'dbt', 'action': 'project_id', 'label': '1c0f969a-dc7e-4cbe-b025-89725445ba2b', 'context': [<snowplow_tracker.self_describing_json.SelfDescribingJson object at 0x000001C6DA29F4A0>]}
[0m05:06:16.288030 [debug] [MainThread]: Command `dbt clean` succeeded at 05:06:16.287029 after 0.25 seconds
[0m05:06:16.288030 [debug] [MainThread]: Sending event: {'category': 'dbt', 'action': 'invocation', 'label': 'end', 'context': [<snowplow_tracker.self_describing_json.SelfDescribingJson object at 0x000001C6DC9A5FA0>, <snowplow_tracker.self_describing_json.SelfDescribingJson object at 0x000001C6DC9A5F70>, <snowplow_tracker.self_describing_json.SelfDescribingJson object at 0x000001C6DC9A5E80>]}
[0m05:06:16.288030 [debug] [MainThread]: Flushing usage events
[0m05:06:17.024817 [debug] [MainThread]: An error was encountered while trying to flush usage events
[0m05:06:25.818839 [debug] [MainThread]: Sending event: {'category': 'dbt', 'action': 'invocation', 'label': 'start', 'context': [<snowplow_tracker.self_describing_json.SelfDescribingJson object at 0x0000019E711C7470>, <snowplow_tracker.self_describing_json.SelfDescribingJson object at 0x0000019E75A0FB90>, <snowplow_tracker.self_describing_json.SelfDescribingJson object at 0x0000019E75A0EE40>]}


============================== 05:06:25.821842 | 5744187f-0db6-458c-94e7-cb96512066ba ==============================
[0m05:06:25.821842 [info ] [MainThread]: Running with dbt=1.12.3
[0m05:06:25.821842 [debug] [MainThread]: running dbt with arguments {'version_check': 'True', 'no_print': 'None', 'maximum_seed_size_mib': '1', 'warn_error_options': 'WarnErrorOptionsV2(error=[], warn=[], silence=[])', 'target_path': 'None', 'static_parser': 'True', 'printer_width': '80', 'write_json': 'True', 'introspect': 'True', 'log_cache_events': 'False', 'empty': 'None', 'cache_selected_only': 'False', 'log_format': 'default', 'debug': 'False', 'fail_fast': 'False', 'profiles_dir': 'C:\\Users\\magic\\Projects\\PortVessel-lakehouse\\dbt', 'send_anonymous_usage_stats': 'True', 'quiet': 'False', 'warn_error': 'None', 'partial_parse': 'True', 'indirect_selection': 'eager', 'hints_enabled': 'True', 'invocation_command': 'dbt parse', 'use_experimental_parser': 'False', 'use_colors': 'True', 'log_path': 'C:\\Users\\magic\\Projects\\PortVessel-lakehouse\\dbt\\logs'}
[0m05:06:26.976272 [debug] [MainThread]: Sending event: {'category': 'dbt', 'action': 'project_id', 'label': '5744187f-0db6-458c-94e7-cb96512066ba', 'context': [<snowplow_tracker.self_describing_json.SelfDescribingJson object at 0x0000019E73F78500>]}
[0m05:06:27.029963 [debug] [MainThread]: Sending event: {'category': 'dbt', 'action': 'adapter_info', 'label': '5744187f-0db6-458c-94e7-cb96512066ba', 'context': [<snowplow_tracker.self_describing_json.SelfDescribingJson object at 0x0000019E73A6A270>]}
[0m05:06:27.030963 [info ] [MainThread]: Registered adapter: bigquery=1.12.0
[0m05:06:27.520545 [debug] [MainThread]: checksum: 5f143da5afd1a6b6298bff390d2cac426bc2fa3cddb0281a2f93c038cc305c8b, vars: {}, profile: portvessel, target: dev, version: 1.12.3
[0m05:06:27.521550 [info ] [MainThread]: Unable to do partial parsing because saved manifest not found. Starting full parse.
[0m05:06:27.521550 [debug] [MainThread]: Sending event: {'category': 'dbt', 'action': 'partial_parser', 'label': '5744187f-0db6-458c-94e7-cb96512066ba', 'context': [<snowplow_tracker.self_describing_json.SelfDescribingJson object at 0x0000019E2845C470>]}
[0m05:06:27.528549 [warn ] [MainThread]: [[33mWARNING[0m][PropertyMovedToConfigDeprecation]: Deprecated functionality
Found `freshness` as a top-level property of `sources[0].tables[0]` in file
`models\sources.yml`. The `freshness` top-level property should be moved into
the `config` of `sources[0].tables[0]`.
[0m05:06:27.528549 [debug] [MainThread]: Sending event: {'category': 'dbt', 'action': 'deprecation', 'label': '5744187f-0db6-458c-94e7-cb96512066ba', 'property_': 'warn', 'context': [<snowplow_tracker.self_describing_json.SelfDescribingJson object at 0x0000019E28834DD0>]}
[0m05:06:28.827952 [debug] [MainThread]: Sending event: {'category': 'dbt', 'action': 'load_project', 'label': '5744187f-0db6-458c-94e7-cb96512066ba', 'context': [<snowplow_tracker.self_describing_json.SelfDescribingJson object at 0x0000019E28C1FB00>]}
[0m05:06:28.831951 [info ] [MainThread]: Performance info: C:\Users\magic\Projects\PortVessel-lakehouse\dbt\target\perf_info.json
[0m05:06:28.956251 [debug] [MainThread]: Wrote artifact WritableManifest to C:\Users\magic\Projects\PortVessel-lakehouse\dbt\target\manifest.json
[0m05:06:28.960251 [debug] [MainThread]: Wrote artifact SemanticManifest to C:\Users\magic\Projects\PortVessel-lakehouse\dbt\target\semantic_manifest.json
[0m05:06:28.986768 [debug] [MainThread]: Wrote artifact OsiDocument to C:\Users\magic\Projects\PortVessel-lakehouse\dbt\target\osi_document.json
[0m05:06:28.987769 [warn ] [MainThread]: [[33mWARNING[0m][DeprecationsSummary]: Deprecated functionality
Summary of encountered deprecations:
- PropertyMovedToConfigDeprecation: 5 occurrences
To see all deprecation instances instead of just the first occurrence of each,
run command again with the `--show-all-deprecations` flag. You may also need to
run with `--no-partial-parse` as some deprecations are only encountered during
parsing.
[0m05:06:28.987769 [debug] [MainThread]: Command `dbt parse` succeeded at 05:06:28.987769 after 3.28 seconds
[0m05:06:28.988768 [debug] [MainThread]: Sending event: {'category': 'dbt', 'action': 'invocation', 'label': 'end', 'context': [<snowplow_tracker.self_describing_json.SelfDescribingJson object at 0x0000019E28DB75C0>, <snowplow_tracker.self_describing_json.SelfDescribingJson object at 0x0000019E28DB6B70>, <snowplow_tracker.self_describing_json.SelfDescribingJson object at 0x0000019E28C4BF50>]}
[0m05:06:28.988768 [debug] [MainThread]: Flushing usage events
[0m05:06:29.704278 [debug] [MainThread]: An error was encountered while trying to flush usage events
[0m05:07:00.425426 [debug] [MainThread]: Sending event: {'category': 'dbt', 'action': 'invocation', 'label': 'start', 'context': [<snowplow_tracker.self_describing_json.SelfDescribingJson object at 0x000001E81E392030>, <snowplow_tracker.self_describing_json.SelfDescribingJson object at 0x000001E81B79C3E0>, <snowplow_tracker.self_describing_json.SelfDescribingJson object at 0x000001E81E393860>]}


============================== 05:07:00.428929 | ab4da131-b414-404b-89f6-dd999454c08c ==============================
[0m05:07:00.428929 [info ] [MainThread]: Running with dbt=1.12.3
[0m05:07:00.428929 [debug] [MainThread]: running dbt with arguments {'version_check': 'True', 'no_print': 'None', 'maximum_seed_size_mib': '1', 'warn_error_options': 'WarnErrorOptionsV2(error=[], warn=[], silence=[])', 'static_parser': 'True', 'target_path': 'None', 'printer_width': '80', 'write_json': 'True', 'empty': 'None', 'log_cache_events': 'False', 'introspect': 'True', 'cache_selected_only': 'False', 'fail_fast': 'False', 'debug': 'False', 'log_format': 'default', 'profiles_dir': 'C:\\Users\\magic\\Projects\\PortVessel-lakehouse\\dbt', 'send_anonymous_usage_stats': 'True', 'quiet': 'False', 'warn_error': 'None', 'partial_parse': 'True', 'invocation_command': 'dbt test', 'hints_enabled': 'True', 'indirect_selection': 'eager', 'use_experimental_parser': 'False', 'use_colors': 'True', 'log_path': 'C:\\Users\\magic\\Projects\\PortVessel-lakehouse\\dbt\\logs'}
[0m05:07:01.419023 [debug] [MainThread]: Sending event: {'category': 'dbt', 'action': 'project_id', 'label': 'ab4da131-b414-404b-89f6-dd999454c08c', 'context': [<snowplow_tracker.self_describing_json.SelfDescribingJson object at 0x000001E81E557E00>]}
[0m05:07:01.465368 [debug] [MainThread]: Sending event: {'category': 'dbt', 'action': 'adapter_info', 'label': 'ab4da131-b414-404b-89f6-dd999454c08c', 'context': [<snowplow_tracker.self_describing_json.SelfDescribingJson object at 0x000001E84E6FF230>]}
[0m05:07:01.466368 [info ] [MainThread]: Registered adapter: bigquery=1.12.0
[0m05:07:01.806842 [debug] [MainThread]: checksum: 5f143da5afd1a6b6298bff390d2cac426bc2fa3cddb0281a2f93c038cc305c8b, vars: {}, profile: portvessel, target: dev, version: 1.12.3
[0m05:07:01.927898 [debug] [MainThread]: Partial parsing enabled: 0 files deleted, 0 files added, 0 files changed.
[0m05:07:01.927898 [debug] [MainThread]: Nothing changed, skipping partial parsing.
[0m05:07:01.927898 [debug] [MainThread]: Partial parsing enabled, no changes found, skipping parsing
[0m05:07:01.934908 [debug] [MainThread]: Sending event: {'category': 'dbt', 'action': 'load_project', 'label': 'ab4da131-b414-404b-89f6-dd999454c08c', 'context': [<snowplow_tracker.self_describing_json.SelfDescribingJson object at 0x000001E819D56D50>]}
[0m05:07:02.039176 [debug] [MainThread]: Wrote artifact WritableManifest to C:\Users\magic\Projects\PortVessel-lakehouse\dbt\target\manifest.json
[0m05:07:02.042174 [debug] [MainThread]: Wrote artifact SemanticManifest to C:\Users\magic\Projects\PortVessel-lakehouse\dbt\target\semantic_manifest.json
[0m05:07:02.061441 [debug] [MainThread]: Wrote artifact OsiDocument to C:\Users\magic\Projects\PortVessel-lakehouse\dbt\target\osi_document.json
[0m05:07:02.078646 [debug] [MainThread]: Sending event: {'category': 'dbt', 'action': 'resource_counts', 'label': 'ab4da131-b414-404b-89f6-dd999454c08c', 'context': [<snowplow_tracker.self_describing_json.SelfDescribingJson object at 0x000001E851612A20>]}
[0m05:07:02.078646 [info ] [MainThread]: Found 2 models, 14 data tests, 4 sources, 562 macros
[0m05:07:02.079647 [debug] [MainThread]: Sending event: {'category': 'dbt', 'action': 'runnable_timing', 'label': 'ab4da131-b414-404b-89f6-dd999454c08c', 'context': [<snowplow_tracker.self_describing_json.SelfDescribingJson object at 0x000001E851331640>]}
[0m05:07:02.081647 [info ] [MainThread]: 
[0m05:07:02.081647 [info ] [MainThread]: Concurrency: 4 threads (target='dev')
[0m05:07:02.081647 [info ] [MainThread]: 
[0m05:07:02.082647 [debug] [MainThread]: Acquiring new bigquery connection 'master'
[0m05:07:02.085646 [debug] [ThreadPool]: Acquiring new bigquery connection 'list_cloudprojects-506123_portvessel_dev_marts'
[0m05:07:02.085646 [debug] [ThreadPool]: Opening a new connection, currently in state init
[0m05:07:03.799831 [debug] [MainThread]: Sending event: {'category': 'dbt', 'action': 'runnable_timing', 'label': 'ab4da131-b414-404b-89f6-dd999454c08c', 'context': [<snowplow_tracker.self_describing_json.SelfDescribingJson object at 0x000001E850F3F3B0>]}
[0m05:07:03.799831 [debug] [MainThread]: Opening a new connection, currently in state init
[0m05:07:03.804831 [debug] [Thread-1 (]: Began running node test.portvessel.source_not_null_portvessel_gold_agg_port_congestion_daily_metric_date.48383edd63
[0m05:07:03.804831 [debug] [Thread-2 (]: Began running node test.portvessel.source_not_null_portvessel_gold_agg_port_congestion_daily_port_id.f09a7249f2
[0m05:07:03.804831 [debug] [Thread-3 (]: Began running node test.portvessel.source_not_null_portvessel_gold_fct_anchorage_dwell_anchorage_dwell_id.f53942bfac
[0m05:07:03.805833 [debug] [Thread-4 (]: Began running node test.portvessel.source_not_null_portvessel_gold_fct_anchorage_dwell_entry_observed_at_utc.246bf70a3b
[0m05:07:03.805833 [info ] [Thread-1 (]: 1 of 14 START test source_not_null_portvessel_gold_agg_port_congestion_daily_metric_date  [RUN]
[0m05:07:03.805833 [info ] [Thread-2 (]: 2 of 14 START test source_not_null_portvessel_gold_agg_port_congestion_daily_port_id  [RUN]
[0m05:07:03.806832 [debug] [Thread-1 (]: Acquiring new bigquery connection 'test.portvessel.source_not_null_portvessel_gold_agg_port_congestion_daily_metric_date.48383edd63'
[0m05:07:03.806832 [info ] [Thread-3 (]: 3 of 14 START test source_not_null_portvessel_gold_fct_anchorage_dwell_anchorage_dwell_id  [RUN]
[0m05:07:03.807835 [debug] [Thread-2 (]: Acquiring new bigquery connection 'test.portvessel.source_not_null_portvessel_gold_agg_port_congestion_daily_port_id.f09a7249f2'
[0m05:07:03.806832 [info ] [Thread-4 (]: 4 of 14 START test source_not_null_portvessel_gold_fct_anchorage_dwell_entry_observed_at_utc  [RUN]
[0m05:07:03.807835 [debug] [Thread-1 (]: Began compiling node test.portvessel.source_not_null_portvessel_gold_agg_port_congestion_daily_metric_date.48383edd63
[0m05:07:03.808835 [debug] [Thread-3 (]: Acquiring new bigquery connection 'test.portvessel.source_not_null_portvessel_gold_fct_anchorage_dwell_anchorage_dwell_id.f53942bfac'
[0m05:07:03.808835 [debug] [Thread-2 (]: Began compiling node test.portvessel.source_not_null_portvessel_gold_agg_port_congestion_daily_port_id.f09a7249f2
[0m05:07:03.809832 [debug] [Thread-4 (]: Acquiring new bigquery connection 'test.portvessel.source_not_null_portvessel_gold_fct_anchorage_dwell_entry_observed_at_utc.246bf70a3b'
[0m05:07:03.824030 [debug] [Thread-1 (]: Writing injected SQL for node "test.portvessel.source_not_null_portvessel_gold_agg_port_congestion_daily_metric_date.48383edd63"
[0m05:07:03.824030 [debug] [Thread-3 (]: Began compiling node test.portvessel.source_not_null_portvessel_gold_fct_anchorage_dwell_anchorage_dwell_id.f53942bfac
[0m05:07:03.829032 [debug] [Thread-2 (]: Writing injected SQL for node "test.portvessel.source_not_null_portvessel_gold_agg_port_congestion_daily_port_id.f09a7249f2"
[0m05:07:03.829032 [debug] [Thread-4 (]: Began compiling node test.portvessel.source_not_null_portvessel_gold_fct_anchorage_dwell_entry_observed_at_utc.246bf70a3b
[0m05:07:03.833539 [debug] [Thread-3 (]: Writing injected SQL for node "test.portvessel.source_not_null_portvessel_gold_fct_anchorage_dwell_anchorage_dwell_id.f53942bfac"
[0m05:07:03.838128 [debug] [Thread-4 (]: Writing injected SQL for node "test.portvessel.source_not_null_portvessel_gold_fct_anchorage_dwell_entry_observed_at_utc.246bf70a3b"
[0m05:07:03.851020 [debug] [Thread-1 (]: Began executing node test.portvessel.source_not_null_portvessel_gold_agg_port_congestion_daily_metric_date.48383edd63
[0m05:07:03.865263 [debug] [Thread-4 (]: Began executing node test.portvessel.source_not_null_portvessel_gold_fct_anchorage_dwell_entry_observed_at_utc.246bf70a3b
[0m05:07:03.866262 [debug] [Thread-1 (]: Writing runtime sql for node "test.portvessel.source_not_null_portvessel_gold_agg_port_congestion_daily_metric_date.48383edd63"
[0m05:07:03.866262 [debug] [Thread-3 (]: Began executing node test.portvessel.source_not_null_portvessel_gold_fct_anchorage_dwell_anchorage_dwell_id.f53942bfac
[0m05:07:03.867262 [debug] [Thread-4 (]: Writing runtime sql for node "test.portvessel.source_not_null_portvessel_gold_fct_anchorage_dwell_entry_observed_at_utc.246bf70a3b"
[0m05:07:03.868264 [debug] [Thread-2 (]: Began executing node test.portvessel.source_not_null_portvessel_gold_agg_port_congestion_daily_port_id.f09a7249f2
[0m05:07:03.869263 [debug] [Thread-3 (]: Writing runtime sql for node "test.portvessel.source_not_null_portvessel_gold_fct_anchorage_dwell_anchorage_dwell_id.f53942bfac"
[0m05:07:03.870262 [debug] [Thread-2 (]: Writing runtime sql for node "test.portvessel.source_not_null_portvessel_gold_agg_port_congestion_daily_port_id.f09a7249f2"
[0m05:07:03.873261 [debug] [Thread-1 (]: On test.portvessel.source_not_null_portvessel_gold_agg_port_congestion_daily_metric_date.48383edd63: /* {"app": "dbt", "dbt_version": "1.12.3", "profile_name": "portvessel", "target_name": "dev", "node_id": "test.portvessel.source_not_null_portvessel_gold_agg_port_congestion_daily_metric_date.48383edd63"} */

    
    select
      count(*) as failures,
      count(*) != 0 as should_warn,
      count(*) != 0 as should_error
    from (
      
    
  
    
    



select metric_date
from `cloudprojects-506123`.`portvessel_dev_gold`.`agg_port_congestion_daily`
where metric_date is null



  
  
      
    ) dbt_internal_test
[0m05:07:03.874548 [debug] [Thread-3 (]: On test.portvessel.source_not_null_portvessel_gold_fct_anchorage_dwell_anchorage_dwell_id.f53942bfac: /* {"app": "dbt", "dbt_version": "1.12.3", "profile_name": "portvessel", "target_name": "dev", "node_id": "test.portvessel.source_not_null_portvessel_gold_fct_anchorage_dwell_anchorage_dwell_id.f53942bfac"} */

    
    select
      count(*) as failures,
      count(*) != 0 as should_warn,
      count(*) != 0 as should_error
    from (
      
    
  
    
    



select anchorage_dwell_id
from `cloudprojects-506123`.`portvessel_dev_gold`.`fct_anchorage_dwell`
where anchorage_dwell_id is null



  
  
      
    ) dbt_internal_test
[0m05:07:03.874548 [debug] [Thread-1 (]: Opening a new connection, currently in state init
[0m05:07:03.874548 [debug] [Thread-3 (]: Opening a new connection, currently in state init
[0m05:07:03.875552 [debug] [Thread-2 (]: On test.portvessel.source_not_null_portvessel_gold_agg_port_congestion_daily_port_id.f09a7249f2: /* {"app": "dbt", "dbt_version": "1.12.3", "profile_name": "portvessel", "target_name": "dev", "node_id": "test.portvessel.source_not_null_portvessel_gold_agg_port_congestion_daily_port_id.f09a7249f2"} */

    
    select
      count(*) as failures,
      count(*) != 0 as should_warn,
      count(*) != 0 as should_error
    from (
      
    
  
    
    



select port_id
from `cloudprojects-506123`.`portvessel_dev_gold`.`agg_port_congestion_daily`
where port_id is null



  
  
      
    ) dbt_internal_test
[0m05:07:03.875552 [debug] [Thread-4 (]: On test.portvessel.source_not_null_portvessel_gold_fct_anchorage_dwell_entry_observed_at_utc.246bf70a3b: /* {"app": "dbt", "dbt_version": "1.12.3", "profile_name": "portvessel", "target_name": "dev", "node_id": "test.portvessel.source_not_null_portvessel_gold_fct_anchorage_dwell_entry_observed_at_utc.246bf70a3b"} */

    
    select
      count(*) as failures,
      count(*) != 0 as should_warn,
      count(*) != 0 as should_error
    from (
      
    
  
    
    



select entry_observed_at_utc
from `cloudprojects-506123`.`portvessel_dev_gold`.`fct_anchorage_dwell`
where entry_observed_at_utc is null



  
  
      
    ) dbt_internal_test
[0m05:07:03.876548 [debug] [Thread-2 (]: Opening a new connection, currently in state init
[0m05:07:03.877548 [debug] [Thread-4 (]: Opening a new connection, currently in state init
[0m05:07:04.504904 [debug] [Thread-1 (]: BigQuery adapter: https://console.cloud.google.com/bigquery?project=cloudprojects-506123&j=bq:europe-west3:5f4a8231-3ced-4f74-b7e6-ed8722131711&page=queryresults
[0m05:07:04.511905 [debug] [Thread-4 (]: BigQuery adapter: https://console.cloud.google.com/bigquery?project=cloudprojects-506123&j=bq:europe-west3:5a01e7bf-2e34-4f31-8e56-945c2d1b7b71&page=queryresults
[0m05:07:04.526197 [debug] [Thread-3 (]: BigQuery adapter: https://console.cloud.google.com/bigquery?project=cloudprojects-506123&j=bq:europe-west3:af4ce926-1bbe-497f-b0b9-81b33adff66d&page=queryresults
[0m05:07:04.579563 [debug] [Thread-2 (]: BigQuery adapter: https://console.cloud.google.com/bigquery?project=cloudprojects-506123&j=bq:europe-west3:4a38abd1-8e57-4163-a43c-20c9b4d972bb&page=queryresults
[0m05:07:04.625262 [debug] [Thread-4 (]: SQL status: OK in 0.114 seconds
[0m05:07:04.644904 [debug] [Thread-1 (]: SQL status: OK in 0.140 seconds
[0m05:07:04.661665 [debug] [Thread-3 (]: SQL status: OK in 0.135 seconds
[0m05:07:04.713601 [debug] [Thread-2 (]: SQL status: OK in 0.134 seconds
[0m05:07:04.940792 [info ] [Thread-4 (]: 4 of 14 PASS source_not_null_portvessel_gold_fct_anchorage_dwell_entry_observed_at_utc  [[32mPASS[0m in 1.13s]
[0m05:07:04.940792 [debug] [Thread-4 (]: Finished running node test.portvessel.source_not_null_portvessel_gold_fct_anchorage_dwell_entry_observed_at_utc.246bf70a3b
[0m05:07:04.941794 [debug] [Thread-4 (]: Began running node test.portvessel.source_not_null_portvessel_gold_fct_anchorage_dwell_exit_observed_at_utc.4ce86b2423
[0m05:07:04.941794 [info ] [Thread-4 (]: 5 of 14 START test source_not_null_portvessel_gold_fct_anchorage_dwell_exit_observed_at_utc  [RUN]
[0m05:07:04.941794 [debug] [Thread-4 (]: Re-using an available connection from the pool (formerly test.portvessel.source_not_null_portvessel_gold_fct_anchorage_dwell_entry_observed_at_utc.246bf70a3b, now test.portvessel.source_not_null_portvessel_gold_fct_anchorage_dwell_exit_observed_at_utc.4ce86b2423)
[0m05:07:04.942792 [debug] [Thread-4 (]: Began compiling node test.portvessel.source_not_null_portvessel_gold_fct_anchorage_dwell_exit_observed_at_utc.4ce86b2423
[0m05:07:04.946794 [debug] [Thread-4 (]: Writing injected SQL for node "test.portvessel.source_not_null_portvessel_gold_fct_anchorage_dwell_exit_observed_at_utc.4ce86b2423"
[0m05:07:04.948795 [info ] [Thread-3 (]: 3 of 14 PASS source_not_null_portvessel_gold_fct_anchorage_dwell_anchorage_dwell_id  [[32mPASS[0m in 1.14s]
[0m05:07:04.948795 [debug] [Thread-4 (]: Began executing node test.portvessel.source_not_null_portvessel_gold_fct_anchorage_dwell_exit_observed_at_utc.4ce86b2423
[0m05:07:04.950301 [debug] [Thread-3 (]: Finished running node test.portvessel.source_not_null_portvessel_gold_fct_anchorage_dwell_anchorage_dwell_id.f53942bfac
[0m05:07:04.951311 [debug] [Thread-4 (]: Writing runtime sql for node "test.portvessel.source_not_null_portvessel_gold_fct_anchorage_dwell_exit_observed_at_utc.4ce86b2423"
[0m05:07:04.952309 [debug] [Thread-3 (]: Began running node test.portvessel.source_not_null_portvessel_gold_fct_anchorage_dwell_mmsi.22b13e5ded
[0m05:07:04.953308 [info ] [Thread-2 (]: 2 of 14 PASS source_not_null_portvessel_gold_agg_port_congestion_daily_port_id . [[32mPASS[0m in 1.15s]
[0m05:07:04.954309 [info ] [Thread-3 (]: 6 of 14 START test source_not_null_portvessel_gold_fct_anchorage_dwell_mmsi .... [RUN]
[0m05:07:04.954309 [debug] [Thread-2 (]: Finished running node test.portvessel.source_not_null_portvessel_gold_agg_port_congestion_daily_port_id.f09a7249f2
[0m05:07:04.955308 [debug] [Thread-3 (]: Re-using an available connection from the pool (formerly test.portvessel.source_not_null_portvessel_gold_fct_anchorage_dwell_anchorage_dwell_id.f53942bfac, now test.portvessel.source_not_null_portvessel_gold_fct_anchorage_dwell_mmsi.22b13e5ded)
[0m05:07:04.955308 [debug] [Thread-2 (]: Began running node test.portvessel.source_not_null_portvessel_gold_fct_port_call_arrival_observed_at_utc.912518b878
[0m05:07:04.955308 [debug] [Thread-3 (]: Began compiling node test.portvessel.source_not_null_portvessel_gold_fct_anchorage_dwell_mmsi.22b13e5ded
[0m05:07:04.956308 [debug] [Thread-4 (]: On test.portvessel.source_not_null_portvessel_gold_fct_anchorage_dwell_exit_observed_at_utc.4ce86b2423: /* {"app": "dbt", "dbt_version": "1.12.3", "profile_name": "portvessel", "target_name": "dev", "node_id": "test.portvessel.source_not_null_portvessel_gold_fct_anchorage_dwell_exit_observed_at_utc.4ce86b2423"} */

    
    select
      count(*) as failures,
      count(*) != 0 as should_warn,
      count(*) != 0 as should_error
    from (
      
    
  
    
    



select exit_observed_at_utc
from `cloudprojects-506123`.`portvessel_dev_gold`.`fct_anchorage_dwell`
where exit_observed_at_utc is null



  
  
      
    ) dbt_internal_test
[0m05:07:04.956308 [info ] [Thread-2 (]: 7 of 14 START test source_not_null_portvessel_gold_fct_port_call_arrival_observed_at_utc  [RUN]
[0m05:07:04.962308 [debug] [Thread-3 (]: Writing injected SQL for node "test.portvessel.source_not_null_portvessel_gold_fct_anchorage_dwell_mmsi.22b13e5ded"
[0m05:07:04.962308 [debug] [Thread-4 (]: Opening a new connection, currently in state closed
[0m05:07:04.963311 [debug] [Thread-2 (]: Re-using an available connection from the pool (formerly test.portvessel.source_not_null_portvessel_gold_agg_port_congestion_daily_port_id.f09a7249f2, now test.portvessel.source_not_null_portvessel_gold_fct_port_call_arrival_observed_at_utc.912518b878)
[0m05:07:04.964307 [info ] [Thread-1 (]: 1 of 14 PASS source_not_null_portvessel_gold_agg_port_congestion_daily_metric_date  [[32mPASS[0m in 1.16s]
[0m05:07:04.965310 [debug] [Thread-2 (]: Began compiling node test.portvessel.source_not_null_portvessel_gold_fct_port_call_arrival_observed_at_utc.912518b878
[0m05:07:04.966310 [debug] [Thread-1 (]: Finished running node test.portvessel.source_not_null_portvessel_gold_agg_port_congestion_daily_metric_date.48383edd63
[0m05:07:04.966310 [debug] [Thread-3 (]: Began executing node test.portvessel.source_not_null_portvessel_gold_fct_anchorage_dwell_mmsi.22b13e5ded
[0m05:07:04.971309 [debug] [Thread-2 (]: Writing injected SQL for node "test.portvessel.source_not_null_portvessel_gold_fct_port_call_arrival_observed_at_utc.912518b878"
[0m05:07:04.971309 [debug] [Thread-1 (]: Began running node test.portvessel.source_not_null_portvessel_gold_fct_port_call_mmsi.a3782606f6
[0m05:07:04.972306 [debug] [Thread-3 (]: Writing runtime sql for node "test.portvessel.source_not_null_portvessel_gold_fct_anchorage_dwell_mmsi.22b13e5ded"
[0m05:07:04.973308 [info ] [Thread-1 (]: 8 of 14 START test source_not_null_portvessel_gold_fct_port_call_mmsi .......... [RUN]
[0m05:07:04.973308 [debug] [Thread-1 (]: Re-using an available connection from the pool (formerly test.portvessel.source_not_null_portvessel_gold_agg_port_congestion_daily_metric_date.48383edd63, now test.portvessel.source_not_null_portvessel_gold_fct_port_call_mmsi.a3782606f6)
[0m05:07:04.974310 [debug] [Thread-2 (]: Began executing node test.portvessel.source_not_null_portvessel_gold_fct_port_call_arrival_observed_at_utc.912518b878
[0m05:07:04.974310 [debug] [Thread-1 (]: Began compiling node test.portvessel.source_not_null_portvessel_gold_fct_port_call_mmsi.a3782606f6
[0m05:07:04.975308 [debug] [Thread-2 (]: Writing runtime sql for node "test.portvessel.source_not_null_portvessel_gold_fct_port_call_arrival_observed_at_utc.912518b878"
[0m05:07:04.979307 [debug] [Thread-1 (]: Writing injected SQL for node "test.portvessel.source_not_null_portvessel_gold_fct_port_call_mmsi.a3782606f6"
[0m05:07:04.980310 [debug] [Thread-3 (]: On test.portvessel.source_not_null_portvessel_gold_fct_anchorage_dwell_mmsi.22b13e5ded: /* {"app": "dbt", "dbt_version": "1.12.3", "profile_name": "portvessel", "target_name": "dev", "node_id": "test.portvessel.source_not_null_portvessel_gold_fct_anchorage_dwell_mmsi.22b13e5ded"} */

    
    select
      count(*) as failures,
      count(*) != 0 as should_warn,
      count(*) != 0 as should_error
    from (
      
    
  
    
    



select mmsi
from `cloudprojects-506123`.`portvessel_dev_gold`.`fct_anchorage_dwell`
where mmsi is null



  
  
      
    ) dbt_internal_test
[0m05:07:04.980310 [debug] [Thread-3 (]: Opening a new connection, currently in state closed
[0m05:07:04.981307 [debug] [Thread-2 (]: On test.portvessel.source_not_null_portvessel_gold_fct_port_call_arrival_observed_at_utc.912518b878: /* {"app": "dbt", "dbt_version": "1.12.3", "profile_name": "portvessel", "target_name": "dev", "node_id": "test.portvessel.source_not_null_portvessel_gold_fct_port_call_arrival_observed_at_utc.912518b878"} */

    
    select
      count(*) as failures,
      count(*) != 0 as should_warn,
      count(*) != 0 as should_error
    from (
      
    
  
    
    



select arrival_observed_at_utc
from `cloudprojects-506123`.`portvessel_dev_gold`.`fct_port_call`
where arrival_observed_at_utc is null



  
  
      
    ) dbt_internal_test
[0m05:07:04.982310 [debug] [Thread-1 (]: Began executing node test.portvessel.source_not_null_portvessel_gold_fct_port_call_mmsi.a3782606f6
[0m05:07:04.982310 [debug] [Thread-2 (]: Opening a new connection, currently in state closed
[0m05:07:04.984307 [debug] [Thread-1 (]: Writing runtime sql for node "test.portvessel.source_not_null_portvessel_gold_fct_port_call_mmsi.a3782606f6"
[0m05:07:04.985307 [debug] [Thread-1 (]: On test.portvessel.source_not_null_portvessel_gold_fct_port_call_mmsi.a3782606f6: /* {"app": "dbt", "dbt_version": "1.12.3", "profile_name": "portvessel", "target_name": "dev", "node_id": "test.portvessel.source_not_null_portvessel_gold_fct_port_call_mmsi.a3782606f6"} */

    
    select
      count(*) as failures,
      count(*) != 0 as should_warn,
      count(*) != 0 as should_error
    from (
      
    
  
    
    



select mmsi
from `cloudprojects-506123`.`portvessel_dev_gold`.`fct_port_call`
where mmsi is null



  
  
      
    ) dbt_internal_test
[0m05:07:04.986310 [debug] [Thread-1 (]: Opening a new connection, currently in state closed
[0m05:07:05.557297 [debug] [Thread-2 (]: BigQuery adapter: https://console.cloud.google.com/bigquery?project=cloudprojects-506123&j=bq:europe-west3:4edf082c-4a56-4a38-8e83-2cec279e4e8e&page=queryresults
[0m05:07:05.581624 [debug] [Thread-1 (]: BigQuery adapter: https://console.cloud.google.com/bigquery?project=cloudprojects-506123&j=bq:europe-west3:f3b823e9-b5d3-4b63-85a3-f7573108c1e7&page=queryresults
[0m05:07:05.593554 [debug] [Thread-3 (]: BigQuery adapter: https://console.cloud.google.com/bigquery?project=cloudprojects-506123&j=bq:europe-west3:b4d07ac8-9ce0-4e70-b002-74de7486d893&page=queryresults
[0m05:07:05.624058 [debug] [Thread-4 (]: BigQuery adapter: https://console.cloud.google.com/bigquery?project=cloudprojects-506123&j=bq:europe-west3:a90b1764-66bd-4643-9f47-67618166cdd9&page=queryresults
[0m05:07:05.635058 [debug] [Thread-2 (]: SQL status: OK in 0.078 seconds
[0m05:07:05.671889 [debug] [Thread-1 (]: SQL status: OK in 0.090 seconds
[0m05:07:05.728864 [debug] [Thread-4 (]: SQL status: OK in 0.105 seconds
[0m05:07:05.737866 [debug] [Thread-3 (]: SQL status: OK in 0.144 seconds
[0m05:07:05.783707 [info ] [Thread-2 (]: 7 of 14 PASS source_not_null_portvessel_gold_fct_port_call_arrival_observed_at_utc  [[32mPASS[0m in 0.82s]
[0m05:07:05.784706 [debug] [Thread-2 (]: Finished running node test.portvessel.source_not_null_portvessel_gold_fct_port_call_arrival_observed_at_utc.912518b878
[0m05:07:05.784706 [debug] [Thread-2 (]: Began running node test.portvessel.source_not_null_portvessel_gold_fct_port_call_port_call_id.7a5ddefa85
[0m05:07:05.784706 [info ] [Thread-2 (]: 9 of 14 START test source_not_null_portvessel_gold_fct_port_call_port_call_id .. [RUN]
[0m05:07:05.785706 [debug] [Thread-2 (]: Re-using an available connection from the pool (formerly test.portvessel.source_not_null_portvessel_gold_fct_port_call_arrival_observed_at_utc.912518b878, now test.portvessel.source_not_null_portvessel_gold_fct_port_call_port_call_id.7a5ddefa85)
[0m05:07:05.785706 [debug] [Thread-2 (]: Began compiling node test.portvessel.source_not_null_portvessel_gold_fct_port_call_port_call_id.7a5ddefa85
[0m05:07:05.790709 [debug] [Thread-2 (]: Writing injected SQL for node "test.portvessel.source_not_null_portvessel_gold_fct_port_call_port_call_id.7a5ddefa85"
[0m05:07:05.791712 [debug] [Thread-2 (]: Began executing node test.portvessel.source_not_null_portvessel_gold_fct_port_call_port_call_id.7a5ddefa85
[0m05:07:05.793219 [debug] [Thread-2 (]: Writing runtime sql for node "test.portvessel.source_not_null_portvessel_gold_fct_port_call_port_call_id.7a5ddefa85"
[0m05:07:05.794088 [debug] [Thread-2 (]: On test.portvessel.source_not_null_portvessel_gold_fct_port_call_port_call_id.7a5ddefa85: /* {"app": "dbt", "dbt_version": "1.12.3", "profile_name": "portvessel", "target_name": "dev", "node_id": "test.portvessel.source_not_null_portvessel_gold_fct_port_call_port_call_id.7a5ddefa85"} */

    
    select
      count(*) as failures,
      count(*) != 0 as should_warn,
      count(*) != 0 as should_error
    from (
      
    
  
    
    



select port_call_id
from `cloudprojects-506123`.`portvessel_dev_gold`.`fct_port_call`
where port_call_id is null



  
  
      
    ) dbt_internal_test
[0m05:07:05.794088 [debug] [Thread-2 (]: Opening a new connection, currently in state closed
[0m05:07:05.940379 [info ] [Thread-3 (]: 6 of 14 PASS source_not_null_portvessel_gold_fct_anchorage_dwell_mmsi .......... [[32mPASS[0m in 0.99s]
[0m05:07:05.941381 [debug] [Thread-3 (]: Finished running node test.portvessel.source_not_null_portvessel_gold_fct_anchorage_dwell_mmsi.22b13e5ded
[0m05:07:05.942381 [debug] [Thread-3 (]: Began running node test.portvessel.source_not_null_portvessel_gold_vessel_operational_risk_flags_mmsi.5de8d6a52f
[0m05:07:05.942381 [info ] [Thread-3 (]: 10 of 14 START test source_not_null_portvessel_gold_vessel_operational_risk_flags_mmsi  [RUN]
[0m05:07:05.942381 [debug] [Thread-3 (]: Re-using an available connection from the pool (formerly test.portvessel.source_not_null_portvessel_gold_fct_anchorage_dwell_mmsi.22b13e5ded, now test.portvessel.source_not_null_portvessel_gold_vessel_operational_risk_flags_mmsi.5de8d6a52f)
[0m05:07:05.943579 [debug] [Thread-3 (]: Began compiling node test.portvessel.source_not_null_portvessel_gold_vessel_operational_risk_flags_mmsi.5de8d6a52f
[0m05:07:05.948579 [debug] [Thread-3 (]: Writing injected SQL for node "test.portvessel.source_not_null_portvessel_gold_vessel_operational_risk_flags_mmsi.5de8d6a52f"
[0m05:07:05.949580 [debug] [Thread-3 (]: Began executing node test.portvessel.source_not_null_portvessel_gold_vessel_operational_risk_flags_mmsi.5de8d6a52f
[0m05:07:05.951086 [debug] [Thread-3 (]: Writing runtime sql for node "test.portvessel.source_not_null_portvessel_gold_vessel_operational_risk_flags_mmsi.5de8d6a52f"
[0m05:07:05.952093 [debug] [Thread-3 (]: On test.portvessel.source_not_null_portvessel_gold_vessel_operational_risk_flags_mmsi.5de8d6a52f: /* {"app": "dbt", "dbt_version": "1.12.3", "profile_name": "portvessel", "target_name": "dev", "node_id": "test.portvessel.source_not_null_portvessel_gold_vessel_operational_risk_flags_mmsi.5de8d6a52f"} */

    
    select
      count(*) as failures,
      count(*) != 0 as should_warn,
      count(*) != 0 as should_error
    from (
      
    
  
    
    



select mmsi
from `cloudprojects-506123`.`portvessel_dev_gold`.`vessel_operational_risk_flags`
where mmsi is null



  
  
      
    ) dbt_internal_test
[0m05:07:05.952093 [debug] [Thread-3 (]: Opening a new connection, currently in state closed
[0m05:07:05.956092 [info ] [Thread-1 (]: 8 of 14 PASS source_not_null_portvessel_gold_fct_port_call_mmsi ................ [[32mPASS[0m in 0.98s]
[0m05:07:05.956092 [debug] [Thread-1 (]: Finished running node test.portvessel.source_not_null_portvessel_gold_fct_port_call_mmsi.a3782606f6
[0m05:07:05.957093 [debug] [Thread-1 (]: Began running node test.portvessel.source_not_null_portvessel_gold_vessel_operational_risk_flags_operational_flag.0da4b168a1
[0m05:07:05.957093 [info ] [Thread-1 (]: 11 of 14 START test source_not_null_portvessel_gold_vessel_operational_risk_flags_operational_flag  [RUN]
[0m05:07:05.958092 [debug] [Thread-1 (]: Re-using an available connection from the pool (formerly test.portvessel.source_not_null_portvessel_gold_fct_port_call_mmsi.a3782606f6, now test.portvessel.source_not_null_portvessel_gold_vessel_operational_risk_flags_operational_flag.0da4b168a1)
[0m05:07:05.958092 [debug] [Thread-1 (]: Began compiling node test.portvessel.source_not_null_portvessel_gold_vessel_operational_risk_flags_operational_flag.0da4b168a1
[0m05:07:05.963093 [debug] [Thread-1 (]: Writing injected SQL for node "test.portvessel.source_not_null_portvessel_gold_vessel_operational_risk_flags_operational_flag.0da4b168a1"
[0m05:07:05.965093 [info ] [Thread-4 (]: 5 of 14 PASS source_not_null_portvessel_gold_fct_anchorage_dwell_exit_observed_at_utc  [[32mPASS[0m in 1.02s]
[0m05:07:05.966093 [debug] [Thread-1 (]: Began executing node test.portvessel.source_not_null_portvessel_gold_vessel_operational_risk_flags_operational_flag.0da4b168a1
[0m05:07:05.966093 [debug] [Thread-4 (]: Finished running node test.portvessel.source_not_null_portvessel_gold_fct_anchorage_dwell_exit_observed_at_utc.4ce86b2423
[0m05:07:05.968093 [debug] [Thread-1 (]: Writing runtime sql for node "test.portvessel.source_not_null_portvessel_gold_vessel_operational_risk_flags_operational_flag.0da4b168a1"
[0m05:07:05.968093 [debug] [Thread-4 (]: Began running node test.portvessel.source_unique_portvessel_gold_fct_anchorage_dwell_anchorage_dwell_id.c6b3ee12e6
[0m05:07:05.968093 [info ] [Thread-4 (]: 12 of 14 START test source_unique_portvessel_gold_fct_anchorage_dwell_anchorage_dwell_id  [RUN]
[0m05:07:05.969092 [debug] [Thread-4 (]: Re-using an available connection from the pool (formerly test.portvessel.source_not_null_portvessel_gold_fct_anchorage_dwell_exit_observed_at_utc.4ce86b2423, now test.portvessel.source_unique_portvessel_gold_fct_anchorage_dwell_anchorage_dwell_id.c6b3ee12e6)
[0m05:07:05.969092 [debug] [Thread-4 (]: Began compiling node test.portvessel.source_unique_portvessel_gold_fct_anchorage_dwell_anchorage_dwell_id.c6b3ee12e6
[0m05:07:05.976450 [debug] [Thread-4 (]: Writing injected SQL for node "test.portvessel.source_unique_portvessel_gold_fct_anchorage_dwell_anchorage_dwell_id.c6b3ee12e6"
[0m05:07:05.976450 [debug] [Thread-1 (]: On test.portvessel.source_not_null_portvessel_gold_vessel_operational_risk_flags_operational_flag.0da4b168a1: /* {"app": "dbt", "dbt_version": "1.12.3", "profile_name": "portvessel", "target_name": "dev", "node_id": "test.portvessel.source_not_null_portvessel_gold_vessel_operational_risk_flags_operational_flag.0da4b168a1"} */

    
    select
      count(*) as failures,
      count(*) != 0 as should_warn,
      count(*) != 0 as should_error
    from (
      
    
  
    
    



select operational_flag
from `cloudprojects-506123`.`portvessel_dev_gold`.`vessel_operational_risk_flags`
where operational_flag is null



  
  
      
    ) dbt_internal_test
[0m05:07:05.977451 [debug] [Thread-1 (]: Opening a new connection, currently in state closed
[0m05:07:05.978451 [debug] [Thread-4 (]: Began executing node test.portvessel.source_unique_portvessel_gold_fct_anchorage_dwell_anchorage_dwell_id.c6b3ee12e6
[0m05:07:05.979449 [debug] [Thread-4 (]: Writing runtime sql for node "test.portvessel.source_unique_portvessel_gold_fct_anchorage_dwell_anchorage_dwell_id.c6b3ee12e6"
[0m05:07:05.980450 [debug] [Thread-4 (]: On test.portvessel.source_unique_portvessel_gold_fct_anchorage_dwell_anchorage_dwell_id.c6b3ee12e6: /* {"app": "dbt", "dbt_version": "1.12.3", "profile_name": "portvessel", "target_name": "dev", "node_id": "test.portvessel.source_unique_portvessel_gold_fct_anchorage_dwell_anchorage_dwell_id.c6b3ee12e6"} */

    
    select
      count(*) as failures,
      count(*) != 0 as should_warn,
      count(*) != 0 as should_error
    from (
      
    
  
    
    

with dbt_test__target as (

  select anchorage_dwell_id as unique_field
  from `cloudprojects-506123`.`portvessel_dev_gold`.`fct_anchorage_dwell`
  where anchorage_dwell_id is not null

)

select
    unique_field,
    count(*) as n_records

from dbt_test__target
group by unique_field
having count(*) > 1



  
  
      
    ) dbt_internal_test
[0m05:07:05.981449 [debug] [Thread-4 (]: Opening a new connection, currently in state closed
[0m05:07:06.366752 [debug] [Thread-2 (]: BigQuery adapter: https://console.cloud.google.com/bigquery?project=cloudprojects-506123&j=bq:europe-west3:c5bedc73-1225-4157-9a15-a1b67b4e0fd7&page=queryresults
[0m05:07:06.463662 [debug] [Thread-2 (]: SQL status: OK in 0.096 seconds
[0m05:07:06.558465 [debug] [Thread-4 (]: BigQuery adapter: https://console.cloud.google.com/bigquery?project=cloudprojects-506123&j=bq:europe-west3:09fc248c-b9cb-4760-a639-02513371a727&page=queryresults
[0m05:07:06.571465 [debug] [Thread-3 (]: BigQuery adapter: https://console.cloud.google.com/bigquery?project=cloudprojects-506123&j=bq:europe-west3:3e4b1184-09fb-475f-b464-377729c90b93&page=queryresults
[0m05:07:06.577637 [debug] [Thread-1 (]: BigQuery adapter: https://console.cloud.google.com/bigquery?project=cloudprojects-506123&j=bq:europe-west3:26bed55c-3c98-4c49-bb27-75b2aceb330b&page=queryresults
[0m05:07:06.660806 [debug] [Thread-1 (]: SQL status: OK in 0.083 seconds
[0m05:07:06.681897 [debug] [Thread-3 (]: SQL status: OK in 0.110 seconds
[0m05:07:06.693501 [debug] [Thread-4 (]: SQL status: OK in 0.134 seconds
[0m05:07:06.713682 [info ] [Thread-2 (]: 9 of 14 PASS source_not_null_portvessel_gold_fct_port_call_port_call_id ........ [[32mPASS[0m in 0.93s]
[0m05:07:06.714684 [debug] [Thread-2 (]: Finished running node test.portvessel.source_not_null_portvessel_gold_fct_port_call_port_call_id.7a5ddefa85
[0m05:07:06.714684 [debug] [Thread-2 (]: Began running node test.portvessel.source_unique_portvessel_gold_fct_port_call_port_call_id.953d20cae7
[0m05:07:06.715681 [info ] [Thread-2 (]: 13 of 14 START test source_unique_portvessel_gold_fct_port_call_port_call_id ... [RUN]
[0m05:07:06.715681 [debug] [Thread-2 (]: Re-using an available connection from the pool (formerly test.portvessel.source_not_null_portvessel_gold_fct_port_call_port_call_id.7a5ddefa85, now test.portvessel.source_unique_portvessel_gold_fct_port_call_port_call_id.953d20cae7)
[0m05:07:06.716683 [debug] [Thread-2 (]: Began compiling node test.portvessel.source_unique_portvessel_gold_fct_port_call_port_call_id.953d20cae7
[0m05:07:06.720681 [debug] [Thread-2 (]: Writing injected SQL for node "test.portvessel.source_unique_portvessel_gold_fct_port_call_port_call_id.953d20cae7"
[0m05:07:06.731561 [debug] [Thread-2 (]: Began executing node test.portvessel.source_unique_portvessel_gold_fct_port_call_port_call_id.953d20cae7
[0m05:07:06.732566 [debug] [Thread-2 (]: Writing runtime sql for node "test.portvessel.source_unique_portvessel_gold_fct_port_call_port_call_id.953d20cae7"
[0m05:07:06.733567 [debug] [Thread-2 (]: On test.portvessel.source_unique_portvessel_gold_fct_port_call_port_call_id.953d20cae7: /* {"app": "dbt", "dbt_version": "1.12.3", "profile_name": "portvessel", "target_name": "dev", "node_id": "test.portvessel.source_unique_portvessel_gold_fct_port_call_port_call_id.953d20cae7"} */

    
    select
      count(*) as failures,
      count(*) != 0 as should_warn,
      count(*) != 0 as should_error
    from (
      
    
  
    
    

with dbt_test__target as (

  select port_call_id as unique_field
  from `cloudprojects-506123`.`portvessel_dev_gold`.`fct_port_call`
  where port_call_id is not null

)

select
    unique_field,
    count(*) as n_records

from dbt_test__target
group by unique_field
having count(*) > 1



  
  
      
    ) dbt_internal_test
[0m05:07:06.733567 [debug] [Thread-2 (]: Opening a new connection, currently in state closed
[0m05:07:06.917749 [info ] [Thread-1 (]: 11 of 14 PASS source_not_null_portvessel_gold_vessel_operational_risk_flags_operational_flag  [[32mPASS[0m in 0.96s]
[0m05:07:06.917749 [debug] [Thread-1 (]: Finished running node test.portvessel.source_not_null_portvessel_gold_vessel_operational_risk_flags_operational_flag.0da4b168a1
[0m05:07:06.918747 [debug] [Thread-1 (]: Began running node test.portvessel.source_unique_portvessel_gold_vessel_operational_risk_flags_mmsi.2659b8de7c
[0m05:07:06.918747 [info ] [Thread-1 (]: 14 of 14 START test source_unique_portvessel_gold_vessel_operational_risk_flags_mmsi  [RUN]
[0m05:07:06.919747 [debug] [Thread-1 (]: Re-using an available connection from the pool (formerly test.portvessel.source_not_null_portvessel_gold_vessel_operational_risk_flags_operational_flag.0da4b168a1, now test.portvessel.source_unique_portvessel_gold_vessel_operational_risk_flags_mmsi.2659b8de7c)
[0m05:07:06.919747 [debug] [Thread-1 (]: Began compiling node test.portvessel.source_unique_portvessel_gold_vessel_operational_risk_flags_mmsi.2659b8de7c
[0m05:07:06.925751 [debug] [Thread-1 (]: Writing injected SQL for node "test.portvessel.source_unique_portvessel_gold_vessel_operational_risk_flags_mmsi.2659b8de7c"
[0m05:07:06.926749 [debug] [Thread-1 (]: Began executing node test.portvessel.source_unique_portvessel_gold_vessel_operational_risk_flags_mmsi.2659b8de7c
[0m05:07:06.927751 [debug] [Thread-1 (]: Writing runtime sql for node "test.portvessel.source_unique_portvessel_gold_vessel_operational_risk_flags_mmsi.2659b8de7c"
[0m05:07:06.928751 [debug] [Thread-1 (]: On test.portvessel.source_unique_portvessel_gold_vessel_operational_risk_flags_mmsi.2659b8de7c: /* {"app": "dbt", "dbt_version": "1.12.3", "profile_name": "portvessel", "target_name": "dev", "node_id": "test.portvessel.source_unique_portvessel_gold_vessel_operational_risk_flags_mmsi.2659b8de7c"} */

    
    select
      count(*) as failures,
      count(*) != 0 as should_warn,
      count(*) != 0 as should_error
    from (
      
    
  
    
    

with dbt_test__target as (

  select mmsi as unique_field
  from `cloudprojects-506123`.`portvessel_dev_gold`.`vessel_operational_risk_flags`
  where mmsi is not null

)

select
    unique_field,
    count(*) as n_records

from dbt_test__target
group by unique_field
having count(*) > 1



  
  
      
    ) dbt_internal_test
[0m05:07:06.928751 [debug] [Thread-1 (]: Opening a new connection, currently in state closed
[0m05:07:06.947750 [info ] [Thread-4 (]: 12 of 14 PASS source_unique_portvessel_gold_fct_anchorage_dwell_anchorage_dwell_id  [[32mPASS[0m in 0.98s]
[0m05:07:06.948751 [debug] [Thread-4 (]: Finished running node test.portvessel.source_unique_portvessel_gold_fct_anchorage_dwell_anchorage_dwell_id.c6b3ee12e6
[0m05:07:06.989262 [info ] [Thread-3 (]: 10 of 14 PASS source_not_null_portvessel_gold_vessel_operational_risk_flags_mmsi  [[32mPASS[0m in 1.05s]
[0m05:07:06.990263 [debug] [Thread-3 (]: Finished running node test.portvessel.source_not_null_portvessel_gold_vessel_operational_risk_flags_mmsi.5de8d6a52f
[0m05:07:07.286214 [debug] [Thread-2 (]: BigQuery adapter: https://console.cloud.google.com/bigquery?project=cloudprojects-506123&j=bq:europe-west3:7d57c998-81bc-4d11-b8ff-8764c29464e9&page=queryresults
[0m05:07:07.409442 [debug] [Thread-2 (]: SQL status: OK in 0.123 seconds
[0m05:07:07.474943 [debug] [Thread-1 (]: BigQuery adapter: https://console.cloud.google.com/bigquery?project=cloudprojects-506123&j=bq:europe-west3:291c8341-af29-4bed-a9e5-4d65af4872ed&page=queryresults
[0m05:07:07.559084 [debug] [Thread-1 (]: SQL status: OK in 0.083 seconds
[0m05:07:07.575435 [info ] [Thread-2 (]: 13 of 14 PASS source_unique_portvessel_gold_fct_port_call_port_call_id ......... [[32mPASS[0m in 0.86s]
[0m05:07:07.576436 [debug] [Thread-2 (]: Finished running node test.portvessel.source_unique_portvessel_gold_fct_port_call_port_call_id.953d20cae7
[0m05:07:07.708567 [info ] [Thread-1 (]: 14 of 14 PASS source_unique_portvessel_gold_vessel_operational_risk_flags_mmsi . [[32mPASS[0m in 0.79s]
[0m05:07:07.709566 [debug] [Thread-1 (]: Finished running node test.portvessel.source_unique_portvessel_gold_vessel_operational_risk_flags_mmsi.2659b8de7c
[0m05:07:07.710569 [debug] [MainThread]: Opening a new connection, currently in state closed
[0m05:07:07.711569 [debug] [MainThread]: Connection 'master' was properly closed.
[0m05:07:07.711569 [debug] [MainThread]: Connection 'list_cloudprojects-506123_portvessel_dev_marts' was properly closed.
[0m05:07:07.711569 [debug] [MainThread]: Connection 'test.portvessel.source_unique_portvessel_gold_vessel_operational_risk_flags_mmsi.2659b8de7c' was properly closed.
[0m05:07:07.711569 [debug] [MainThread]: Connection 'test.portvessel.source_unique_portvessel_gold_fct_port_call_port_call_id.953d20cae7' was properly closed.
[0m05:07:07.712571 [debug] [MainThread]: Connection 'test.portvessel.source_not_null_portvessel_gold_vessel_operational_risk_flags_mmsi.5de8d6a52f' was properly closed.
[0m05:07:07.712571 [debug] [MainThread]: Connection 'test.portvessel.source_unique_portvessel_gold_fct_anchorage_dwell_anchorage_dwell_id.c6b3ee12e6' was properly closed.
[0m05:07:07.712571 [info ] [MainThread]: 
[0m05:07:07.712571 [info ] [MainThread]: Finished running 14 data tests in 0 hours 0 minutes and 5.63 seconds (5.63s).
[0m05:07:07.714772 [debug] [MainThread]: Command end result
[0m05:07:07.745123 [debug] [MainThread]: Wrote artifact WritableManifest to C:\Users\magic\Projects\PortVessel-lakehouse\dbt\target\manifest.json
[0m05:07:07.748125 [debug] [MainThread]: Wrote artifact SemanticManifest to C:\Users\magic\Projects\PortVessel-lakehouse\dbt\target\semantic_manifest.json
[0m05:07:07.750126 [debug] [MainThread]: Wrote artifact OsiDocument to C:\Users\magic\Projects\PortVessel-lakehouse\dbt\target\osi_document.json
[0m05:07:07.756645 [debug] [MainThread]: Wrote artifact RunExecutionResult to C:\Users\magic\Projects\PortVessel-lakehouse\dbt\target\run_results.json
[0m05:07:07.756645 [info ] [MainThread]: 
[0m05:07:07.757645 [info ] [MainThread]: [32mCompleted successfully[0m
[0m05:07:07.757645 [info ] [MainThread]: 
[0m05:07:07.758641 [info ] [MainThread]: Done. PASS=14 WARN=0 ERROR=0 SKIP=0 NO-OP=0 REUSED=0 TOTAL=14
[0m05:07:07.758641 [debug] [MainThread]: Command `dbt test` succeeded at 05:07:07.758641 after 7.44 seconds
[0m05:07:07.759644 [debug] [MainThread]: Sending event: {'category': 'dbt', 'action': 'invocation', 'label': 'end', 'context': [<snowplow_tracker.self_describing_json.SelfDescribingJson object at 0x000001E81C3F5460>, <snowplow_tracker.self_describing_json.SelfDescribingJson object at 0x000001E81C22CDD0>, <snowplow_tracker.self_describing_json.SelfDescribingJson object at 0x000001E81C22F350>]}
[0m05:07:07.759644 [debug] [MainThread]: Flushing usage events
[0m05:07:08.400729 [debug] [MainThread]: An error was encountered while trying to flush usage events
[0m05:07:12.047800 [debug] [MainThread]: Sending event: {'category': 'dbt', 'action': 'invocation', 'label': 'start', 'context': [<snowplow_tracker.self_describing_json.SelfDescribingJson object at 0x00000228B3FAF410>, <snowplow_tracker.self_describing_json.SelfDescribingJson object at 0x00000228B41FA720>, <snowplow_tracker.self_describing_json.SelfDescribingJson object at 0x00000228B41F9DF0>]}


============================== 05:07:12.051805 | 01863fa4-65a5-4960-8741-e8afef0fb146 ==============================
[0m05:07:12.051805 [info ] [MainThread]: Running with dbt=1.12.3
[0m05:07:12.051805 [debug] [MainThread]: running dbt with arguments {'static_parser': 'True', 'no_print': 'None', 'version_check': 'True', 'warn_error_options': 'WarnErrorOptionsV2(error=[], warn=[], silence=[])', 'target_path': 'None', 'maximum_seed_size_mib': '1', 'printer_width': '80', 'write_json': 'True', 'introspect': 'True', 'log_cache_events': 'False', 'empty': 'False', 'cache_selected_only': 'False', 'log_format': 'default', 'debug': 'False', 'fail_fast': 'False', 'partial_parse': 'True', 'send_anonymous_usage_stats': 'True', 'quiet': 'False', 'warn_error': 'None', 'profiles_dir': 'C:\\Users\\magic\\Projects\\PortVessel-lakehouse\\dbt', 'use_colors': 'True', 'hints_enabled': 'True', 'indirect_selection': 'eager', 'use_experimental_parser': 'False', 'invocation_command': 'dbt run --select marts', 'log_path': 'C:\\Users\\magic\\Projects\\PortVessel-lakehouse\\dbt\\logs'}
[0m05:07:13.025576 [debug] [MainThread]: Sending event: {'category': 'dbt', 'action': 'project_id', 'label': '01863fa4-65a5-4960-8741-e8afef0fb146', 'context': [<snowplow_tracker.self_describing_json.SelfDescribingJson object at 0x00000228E8CDC170>]}
[0m05:07:13.072298 [debug] [MainThread]: Sending event: {'category': 'dbt', 'action': 'adapter_info', 'label': '01863fa4-65a5-4960-8741-e8afef0fb146', 'context': [<snowplow_tracker.self_describing_json.SelfDescribingJson object at 0x00000228E7299B20>]}
[0m05:07:13.072298 [info ] [MainThread]: Registered adapter: bigquery=1.12.0
[0m05:07:13.407888 [debug] [MainThread]: checksum: 5f143da5afd1a6b6298bff390d2cac426bc2fa3cddb0281a2f93c038cc305c8b, vars: {}, profile: portvessel, target: dev, version: 1.12.3
[0m05:07:13.528482 [debug] [MainThread]: Partial parsing enabled: 0 files deleted, 0 files added, 0 files changed.
[0m05:07:13.529482 [debug] [MainThread]: Nothing changed, skipping partial parsing.
[0m05:07:13.529482 [debug] [MainThread]: Partial parsing enabled, no changes found, skipping parsing
[0m05:07:13.535716 [debug] [MainThread]: Sending event: {'category': 'dbt', 'action': 'load_project', 'label': '01863fa4-65a5-4960-8741-e8afef0fb146', 'context': [<snowplow_tracker.self_describing_json.SelfDescribingJson object at 0x00000228B1B32DE0>]}
[0m05:07:13.640869 [debug] [MainThread]: Wrote artifact WritableManifest to C:\Users\magic\Projects\PortVessel-lakehouse\dbt\target\manifest.json
[0m05:07:13.642871 [debug] [MainThread]: Wrote artifact SemanticManifest to C:\Users\magic\Projects\PortVessel-lakehouse\dbt\target\semantic_manifest.json
[0m05:07:13.662410 [debug] [MainThread]: Wrote artifact OsiDocument to C:\Users\magic\Projects\PortVessel-lakehouse\dbt\target\osi_document.json
[0m05:07:13.671409 [debug] [MainThread]: Sending event: {'category': 'dbt', 'action': 'resource_counts', 'label': '01863fa4-65a5-4960-8741-e8afef0fb146', 'context': [<snowplow_tracker.self_describing_json.SelfDescribingJson object at 0x00000228E934D2E0>]}
[0m05:07:13.672410 [info ] [MainThread]: Found 2 models, 14 data tests, 4 sources, 562 macros
[0m05:07:13.672410 [debug] [MainThread]: Sending event: {'category': 'dbt', 'action': 'runnable_timing', 'label': '01863fa4-65a5-4960-8741-e8afef0fb146', 'context': [<snowplow_tracker.self_describing_json.SelfDescribingJson object at 0x00000228E92F2630>]}
[0m05:07:13.674409 [info ] [MainThread]: 
[0m05:07:13.674409 [info ] [MainThread]: Concurrency: 4 threads (target='dev')
[0m05:07:13.674409 [info ] [MainThread]: 
[0m05:07:13.675407 [debug] [MainThread]: Acquiring new bigquery connection 'master'
[0m05:07:13.678410 [debug] [ThreadPool]: Acquiring new bigquery connection 'list_cloudprojects-506123'
[0m05:07:13.678410 [debug] [ThreadPool]: Opening a new connection, currently in state init
[0m05:07:15.141507 [debug] [ThreadPool]: Re-using an available connection from the pool (formerly list_cloudprojects-506123, now create_cloudprojects-506123_portvessel_dev_marts)
[0m05:07:15.141507 [debug] [ThreadPool]: Creating schema "database: "cloudprojects-506123"
schema: "portvessel_dev_marts"
"
[0m05:07:15.149511 [debug] [ThreadPool]: On create_cloudprojects-506123_portvessel_dev_marts: /* {"app": "dbt", "dbt_version": "1.12.3", "profile_name": "portvessel", "target_name": "dev", "connection_name": "create_cloudprojects-506123_portvessel_dev_marts"} */
create schema if not exists `cloudprojects-506123`.`portvessel_dev_marts`
  
[0m05:07:15.149511 [debug] [ThreadPool]: Opening a new connection, currently in state closed
[0m05:07:15.567369 [debug] [ThreadPool]: BigQuery adapter: https://console.cloud.google.com/bigquery?project=cloudprojects-506123&j=bq:europe-west3:b94d874f-6639-4b88-bcaa-586df2c505a2&page=queryresults
[0m05:07:17.374525 [debug] [ThreadPool]: SQL status: OK in 1.806 seconds
[0m05:07:17.422832 [debug] [ThreadPool]: Acquiring new bigquery connection 'list_cloudprojects-506123_portvessel_dev_marts'
[0m05:07:17.422832 [debug] [ThreadPool]: Opening a new connection, currently in state init
[0m05:07:17.889464 [debug] [MainThread]: Sending event: {'category': 'dbt', 'action': 'runnable_timing', 'label': '01863fa4-65a5-4960-8741-e8afef0fb146', 'context': [<snowplow_tracker.self_describing_json.SelfDescribingJson object at 0x00000228E8D6C230>]}
[0m05:07:17.890464 [debug] [MainThread]: Opening a new connection, currently in state init
[0m05:07:17.893464 [debug] [Thread-1 (]: Began running node model.portvessel.mart_port_congestion
[0m05:07:17.894465 [debug] [Thread-2 (]: Began running node model.portvessel.mart_vessel_risk
[0m05:07:17.894465 [info ] [Thread-1 (]: 1 of 2 START sql table model portvessel_dev_marts.mart_port_congestion ......... [RUN]
[0m05:07:17.895463 [debug] [Thread-1 (]: Acquiring new bigquery connection 'model.portvessel.mart_port_congestion'
[0m05:07:17.895463 [debug] [Thread-1 (]: Began compiling node model.portvessel.mart_port_congestion
[0m05:07:17.894465 [info ] [Thread-2 (]: 2 of 2 START sql table model portvessel_dev_marts.mart_vessel_risk ............. [RUN]
[0m05:07:17.900464 [debug] [Thread-1 (]: Writing injected SQL for node "model.portvessel.mart_port_congestion"
[0m05:07:17.901466 [debug] [Thread-2 (]: Acquiring new bigquery connection 'model.portvessel.mart_vessel_risk'
[0m05:07:17.901466 [debug] [Thread-2 (]: Began compiling node model.portvessel.mart_vessel_risk
[0m05:07:17.903463 [debug] [Thread-2 (]: Writing injected SQL for node "model.portvessel.mart_vessel_risk"
[0m05:07:17.903463 [debug] [Thread-1 (]: Began executing node model.portvessel.mart_port_congestion
[0m05:07:17.913463 [debug] [Thread-2 (]: Began executing node model.portvessel.mart_vessel_risk
[0m05:07:17.942732 [debug] [Thread-2 (]: Writing runtime sql for node "model.portvessel.mart_vessel_risk"
[0m05:07:17.942732 [debug] [Thread-1 (]: Writing runtime sql for node "model.portvessel.mart_port_congestion"
[0m05:07:17.945022 [debug] [Thread-1 (]: On model.portvessel.mart_port_congestion: /* {"app": "dbt", "dbt_version": "1.12.3", "profile_name": "portvessel", "target_name": "dev", "node_id": "model.portvessel.mart_port_congestion"} */

  
    

    create or replace table `cloudprojects-506123`.`portvessel_dev_marts`.`mart_port_congestion`
      
    partition by metric_date
    cluster by port_id

    
    OPTIONS(
      description=""""""
    )
    as (
      

with source_data as (
    select
        metric_date,
        port_id,
        port_name,
        observed_port_calls,
        observed_vessels,
        port_calls_with_anchorage,
        median_port_duration_minutes,
        p90_port_duration_minutes,
        mean_port_duration_minutes,
        observed_with_anchorage_calls,
        partial_calls,
        source_object,
        source_sha256,
        loaded_at_utc,
        ingestion_run_id
    from `cloudprojects-506123`.`portvessel_dev_gold`.`agg_port_congestion_daily`
),

final as (
    select
        metric_date,
        port_id,
        port_name,
        observed_port_calls,
        observed_vessels,
        port_calls_with_anchorage,
        safe_divide(port_calls_with_anchorage, nullif(observed_port_calls, 0))
            as anchorage_call_rate,
        median_port_duration_minutes,
        p90_port_duration_minutes,
        mean_port_duration_minutes,
        observed_with_anchorage_calls,
        partial_calls,
        source_object,
        source_sha256,
        loaded_at_utc,
        ingestion_run_id
    from source_data
)

select * from final
    );
  
[0m05:07:17.945022 [debug] [Thread-2 (]: On model.portvessel.mart_vessel_risk: /* {"app": "dbt", "dbt_version": "1.12.3", "profile_name": "portvessel", "target_name": "dev", "node_id": "model.portvessel.mart_vessel_risk"} */

  
    

    create or replace table `cloudprojects-506123`.`portvessel_dev_marts`.`mart_vessel_risk`
      
    
    cluster by mmsi, operational_flag

    
    OPTIONS(
      description=""""""
    )
    as (
      

with risk_data as (
    select
        mmsi,
        port_call_count,
        port_calls_with_anchorage,
        partial_port_calls,
        persistent_anchorage_episode_count,
        max_port_duration_minutes,
        mean_port_duration_minutes,
        max_persistent_anchorage_dwell_minutes,
        mean_persistent_anchorage_dwell_minutes,
        max_observation_gap_minutes,
        operational_flag,
        source_object,
        source_sha256,
        loaded_at_utc,
        ingestion_run_id
    from `cloudprojects-506123`.`portvessel_dev_gold`.`vessel_operational_risk_flags`
),

final as (
    select
        mmsi,
        port_call_count,
        port_calls_with_anchorage,
        safe_divide(
            port_calls_with_anchorage,
            nullif(port_call_count, 0)
        ) as anchorage_call_rate,
        partial_port_calls,
        persistent_anchorage_episode_count,
        max_port_duration_minutes,
        mean_port_duration_minutes,
        max_persistent_anchorage_dwell_minutes,
        mean_persistent_anchorage_dwell_minutes,
        max_observation_gap_minutes,
        operational_flag,
        source_object,
        source_sha256,
        loaded_at_utc,
        ingestion_run_id
    from risk_data
)

select * from final
    );
  
[0m05:07:17.946022 [debug] [Thread-1 (]: Opening a new connection, currently in state init
[0m05:07:17.946022 [debug] [Thread-2 (]: Opening a new connection, currently in state init
[0m05:07:18.542599 [debug] [Thread-1 (]: BigQuery adapter: https://console.cloud.google.com/bigquery?project=cloudprojects-506123&j=bq:europe-west3:de741152-5ca8-489a-a4a8-984f2702b121&page=queryresults
[0m05:07:18.556807 [debug] [Thread-2 (]: BigQuery adapter: https://console.cloud.google.com/bigquery?project=cloudprojects-506123&j=bq:europe-west3:4905d827-7ae8-4cb4-8f7b-aebbf7521819&page=queryresults
[0m05:07:19.588330 [debug] [Thread-2 (]: SQL status: OK in 1.032 seconds
[0m05:07:19.731421 [debug] [Thread-2 (]: Sending event: {'category': 'dbt', 'action': 'run_model', 'label': '01863fa4-65a5-4960-8741-e8afef0fb146', 'context': [<snowplow_tracker.self_describing_json.SelfDescribingJson object at 0x00000228E8B19370>]}
[0m05:07:19.732421 [info ] [Thread-2 (]: 2 of 2 OK created sql table model portvessel_dev_marts.mart_vessel_risk ........ [[32mCREATE TABLE (428.0 rows, 117.3 KiB processed)[0m in 1.83s]
[0m05:07:19.733420 [debug] [Thread-2 (]: Finished running node model.portvessel.mart_vessel_risk
[0m05:07:19.897559 [debug] [Thread-1 (]: SQL status: OK in 1.354 seconds
[0m05:07:20.037652 [debug] [Thread-1 (]: Sending event: {'category': 'dbt', 'action': 'run_model', 'label': '01863fa4-65a5-4960-8741-e8afef0fb146', 'context': [<snowplow_tracker.self_describing_json.SelfDescribingJson object at 0x00000228E9631C70>]}
[0m05:07:20.038650 [info ] [Thread-1 (]: 1 of 2 OK created sql table model portvessel_dev_marts.mart_port_congestion .... [[32mCREATE TABLE (4.0 rows, 1.3 KiB processed)[0m in 2.14s]
[0m05:07:20.038650 [debug] [Thread-1 (]: Finished running node model.portvessel.mart_port_congestion
[0m05:07:20.040649 [debug] [MainThread]: Opening a new connection, currently in state closed
[0m05:07:20.040649 [debug] [MainThread]: Connection 'master' was properly closed.
[0m05:07:20.040649 [debug] [MainThread]: Connection 'create_cloudprojects-506123_portvessel_dev_marts' was properly closed.
[0m05:07:20.041649 [debug] [MainThread]: Connection 'list_cloudprojects-506123_portvessel_dev_marts' was properly closed.
[0m05:07:20.041649 [debug] [MainThread]: Connection 'model.portvessel.mart_port_congestion' was properly closed.
[0m05:07:20.041649 [debug] [MainThread]: Connection 'model.portvessel.mart_vessel_risk' was properly closed.
[0m05:07:20.041649 [info ] [MainThread]: 
[0m05:07:20.042650 [info ] [MainThread]: Finished running 2 table models in 0 hours 0 minutes and 6.37 seconds (6.37s).
[0m05:07:20.042650 [debug] [MainThread]: Command end result
[0m05:07:20.070881 [debug] [MainThread]: Wrote artifact WritableManifest to C:\Users\magic\Projects\PortVessel-lakehouse\dbt\target\manifest.json
[0m05:07:20.074164 [debug] [MainThread]: Wrote artifact SemanticManifest to C:\Users\magic\Projects\PortVessel-lakehouse\dbt\target\semantic_manifest.json
[0m05:07:20.076164 [debug] [MainThread]: Wrote artifact OsiDocument to C:\Users\magic\Projects\PortVessel-lakehouse\dbt\target\osi_document.json
[0m05:07:20.081165 [debug] [MainThread]: Wrote artifact RunExecutionResult to C:\Users\magic\Projects\PortVessel-lakehouse\dbt\target\run_results.json
[0m05:07:20.081165 [info ] [MainThread]: 
[0m05:07:20.082164 [info ] [MainThread]: [32mCompleted successfully[0m
[0m05:07:20.082164 [info ] [MainThread]: 
[0m05:07:20.082164 [info ] [MainThread]: Done. PASS=2 WARN=0 ERROR=0 SKIP=0 NO-OP=0 REUSED=0 TOTAL=2
[0m05:07:20.083164 [debug] [MainThread]: Command `dbt run` succeeded at 05:07:20.083164 after 8.14 seconds
[0m05:07:20.083164 [debug] [MainThread]: Sending event: {'category': 'dbt', 'action': 'invocation', 'label': 'end', 'context': [<snowplow_tracker.self_describing_json.SelfDescribingJson object at 0x00000228B42C59A0>, <snowplow_tracker.self_describing_json.SelfDescribingJson object at 0x00000228B46AEB40>, <snowplow_tracker.self_describing_json.SelfDescribingJson object at 0x00000228B46AD8E0>]}
[0m05:07:20.084164 [debug] [MainThread]: Flushing usage events
[0m05:07:20.805555 [debug] [MainThread]: An error was encountered while trying to flush usage events
[0m05:10:49.346065 [debug] [MainThread]: Sending event: {'category': 'dbt', 'action': 'invocation', 'label': 'start', 'context': [<snowplow_tracker.self_describing_json.SelfDescribingJson object at 0x00000169EF98BD40>, <snowplow_tracker.self_describing_json.SelfDescribingJson object at 0x00000169ED7F3050>, <snowplow_tracker.self_describing_json.SelfDescribingJson object at 0x00000169ED7F14F0>]}


============================== 05:10:49.349064 | 7e9e0537-9b7f-4ede-a057-c8018311e847 ==============================
[0m05:10:49.349064 [info ] [MainThread]: Running with dbt=1.12.3
[0m05:10:49.350108 [debug] [MainThread]: running dbt with arguments {'version_check': 'True', 'no_print': 'None', 'maximum_seed_size_mib': '1', 'warn_error_options': 'WarnErrorOptionsV2(error=[], warn=[], silence=[])', 'static_parser': 'True', 'target_path': 'None', 'printer_width': '80', 'write_json': 'True', 'empty': 'None', 'log_cache_events': 'False', 'introspect': 'True', 'cache_selected_only': 'False', 'log_format': 'default', 'debug': 'False', 'fail_fast': 'False', 'partial_parse': 'True', 'send_anonymous_usage_stats': 'True', 'quiet': 'False', 'warn_error': 'None', 'profiles_dir': 'C:\\Users\\magic\\Projects\\PortVessel-lakehouse\\dbt', 'use_colors': 'True', 'hints_enabled': 'True', 'invocation_command': 'dbt test --select marts', 'use_experimental_parser': 'False', 'indirect_selection': 'eager', 'log_path': 'C:\\Users\\magic\\Projects\\PortVessel-lakehouse\\dbt\\logs'}
[0m05:10:50.340702 [debug] [MainThread]: Sending event: {'category': 'dbt', 'action': 'project_id', 'label': '7e9e0537-9b7f-4ede-a057-c8018311e847', 'context': [<snowplow_tracker.self_describing_json.SelfDescribingJson object at 0x00000169ED8A3CE0>]}
[0m05:10:50.386611 [debug] [MainThread]: Sending event: {'category': 'dbt', 'action': 'adapter_info', 'label': '7e9e0537-9b7f-4ede-a057-c8018311e847', 'context': [<snowplow_tracker.self_describing_json.SelfDescribingJson object at 0x00000169EB333620>]}
[0m05:10:50.387610 [info ] [MainThread]: Registered adapter: bigquery=1.12.0
[0m05:10:50.725869 [debug] [MainThread]: checksum: 5f143da5afd1a6b6298bff390d2cac426bc2fa3cddb0281a2f93c038cc305c8b, vars: {}, profile: portvessel, target: dev, version: 1.12.3
[0m05:10:50.845913 [debug] [MainThread]: Partial parsing enabled: 0 files deleted, 1 files added, 0 files changed.
[0m05:10:50.846913 [debug] [MainThread]: Partial parsing: added file: portvessel://models\schema.yml
[0m05:10:51.071103 [warn ] [MainThread]: [[33mWARNING[0m][MissingArgumentsPropertyInGenericTestDeprecation]: Deprecated
functionality
Found top-level arguments to test `dbt_utils.expression_is_true` defined on
'mart_port_congestion' in package 'portvessel' (models\schema.yml). Arguments to
generic tests should be nested under the `arguments` property.
[0m05:10:51.072104 [debug] [MainThread]: Sending event: {'category': 'dbt', 'action': 'deprecation', 'label': '7e9e0537-9b7f-4ede-a057-c8018311e847', 'property_': 'warn', 'context': [<snowplow_tracker.self_describing_json.SelfDescribingJson object at 0x00000169A2D04110>]}
[0m05:10:51.148614 [debug] [MainThread]: Sending event: {'category': 'dbt', 'action': 'load_project', 'label': '7e9e0537-9b7f-4ede-a057-c8018311e847', 'context': [<snowplow_tracker.self_describing_json.SelfDescribingJson object at 0x00000169A2BDA5A0>]}
[0m05:10:51.235638 [debug] [MainThread]: Wrote artifact WritableManifest to C:\Users\magic\Projects\PortVessel-lakehouse\dbt\target\manifest.json
[0m05:10:51.238645 [debug] [MainThread]: Wrote artifact SemanticManifest to C:\Users\magic\Projects\PortVessel-lakehouse\dbt\target\semantic_manifest.json
[0m05:10:51.258060 [debug] [MainThread]: Wrote artifact OsiDocument to C:\Users\magic\Projects\PortVessel-lakehouse\dbt\target\osi_document.json
[0m05:10:51.274268 [debug] [MainThread]: Sending event: {'category': 'dbt', 'action': 'resource_counts', 'label': '7e9e0537-9b7f-4ede-a057-c8018311e847', 'context': [<snowplow_tracker.self_describing_json.SelfDescribingJson object at 0x00000169A2FA9A90>]}
[0m05:10:51.274268 [info ] [MainThread]: Found 2 models, 22 data tests, 4 sources, 562 macros
[0m05:10:51.275268 [debug] [MainThread]: Sending event: {'category': 'dbt', 'action': 'runnable_timing', 'label': '7e9e0537-9b7f-4ede-a057-c8018311e847', 'context': [<snowplow_tracker.self_describing_json.SelfDescribingJson object at 0x00000169A2F7FE30>]}
[0m05:10:51.276269 [info ] [MainThread]: 
[0m05:10:51.277269 [info ] [MainThread]: Concurrency: 4 threads (target='dev')
[0m05:10:51.277269 [info ] [MainThread]: 
[0m05:10:51.278268 [debug] [MainThread]: Acquiring new bigquery connection 'master'
[0m05:10:51.281269 [debug] [ThreadPool]: Acquiring new bigquery connection 'list_cloudprojects-506123_portvessel_dev_marts'
[0m05:10:51.281269 [debug] [ThreadPool]: Opening a new connection, currently in state init
[0m05:10:52.773900 [debug] [MainThread]: Sending event: {'category': 'dbt', 'action': 'runnable_timing', 'label': '7e9e0537-9b7f-4ede-a057-c8018311e847', 'context': [<snowplow_tracker.self_describing_json.SelfDescribingJson object at 0x00000169A2C0EFF0>]}
[0m05:10:52.774898 [debug] [MainThread]: Opening a new connection, currently in state init
[0m05:10:52.777900 [debug] [Thread-1 (]: Began running node test.portvessel.dbt_utils_expression_is_true_mart_port_congestion_anchorage_call_rate__between_0_and_1.69e0fdf065
[0m05:10:52.777900 [debug] [Thread-2 (]: Began running node test.portvessel.dbt_utils_expression_is_true_mart_vessel_risk_anchorage_call_rate__between_0_and_1.a744c8ae33
[0m05:10:52.778899 [debug] [Thread-3 (]: Began running node test.portvessel.not_null_mart_port_congestion_anchorage_call_rate.f16ef228d1
[0m05:10:52.777900 [info ] [Thread-1 (]: 1 of 8 START test dbt_utils_expression_is_true_mart_port_congestion_anchorage_call_rate__between_0_and_1  [RUN]
[0m05:10:52.778899 [debug] [Thread-4 (]: Began running node test.portvessel.not_null_mart_port_congestion_metric_date.7325c852e2
[0m05:10:52.778899 [info ] [Thread-2 (]: 2 of 8 START test dbt_utils_expression_is_true_mart_vessel_risk_anchorage_call_rate__between_0_and_1  [RUN]
[0m05:10:52.779899 [debug] [Thread-1 (]: Acquiring new bigquery connection 'test.portvessel.dbt_utils_expression_is_true_mart_port_congestion_anchorage_call_rate__between_0_and_1.69e0fdf065'
[0m05:10:52.779899 [info ] [Thread-3 (]: 3 of 8 START test not_null_mart_port_congestion_anchorage_call_rate ............ [RUN]
[0m05:10:52.780899 [debug] [Thread-2 (]: Acquiring new bigquery connection 'test.portvessel.dbt_utils_expression_is_true_mart_vessel_risk_anchorage_call_rate__between_0_and_1.a744c8ae33'
[0m05:10:52.780899 [info ] [Thread-4 (]: 4 of 8 START test not_null_mart_port_congestion_metric_date .................... [RUN]
[0m05:10:52.780899 [debug] [Thread-1 (]: Began compiling node test.portvessel.dbt_utils_expression_is_true_mart_port_congestion_anchorage_call_rate__between_0_and_1.69e0fdf065
[0m05:10:52.781898 [debug] [Thread-3 (]: Acquiring new bigquery connection 'test.portvessel.not_null_mart_port_congestion_anchorage_call_rate.f16ef228d1'
[0m05:10:52.781898 [debug] [Thread-2 (]: Began compiling node test.portvessel.dbt_utils_expression_is_true_mart_vessel_risk_anchorage_call_rate__between_0_and_1.a744c8ae33
[0m05:10:52.781898 [debug] [Thread-4 (]: Acquiring new bigquery connection 'test.portvessel.not_null_mart_port_congestion_metric_date.7325c852e2'
[0m05:10:52.789960 [debug] [Thread-3 (]: Began compiling node test.portvessel.not_null_mart_port_congestion_anchorage_call_rate.f16ef228d1
[0m05:10:52.794959 [debug] [Thread-4 (]: Began compiling node test.portvessel.not_null_mart_port_congestion_metric_date.7325c852e2
[0m05:10:52.802562 [debug] [Thread-3 (]: Writing injected SQL for node "test.portvessel.not_null_mart_port_congestion_anchorage_call_rate.f16ef228d1"
[0m05:10:52.806567 [debug] [Thread-4 (]: Writing injected SQL for node "test.portvessel.not_null_mart_port_congestion_metric_date.7325c852e2"
[0m05:10:52.807567 [debug] [Thread-1 (]: Opening a new connection, currently in state init
[0m05:10:52.807567 [debug] [Thread-2 (]: Opening a new connection, currently in state init
[0m05:10:52.808566 [debug] [Thread-3 (]: Began executing node test.portvessel.not_null_mart_port_congestion_anchorage_call_rate.f16ef228d1
[0m05:10:52.824568 [debug] [Thread-3 (]: Writing runtime sql for node "test.portvessel.not_null_mart_port_congestion_anchorage_call_rate.f16ef228d1"
[0m05:10:52.824568 [debug] [Thread-4 (]: Began executing node test.portvessel.not_null_mart_port_congestion_metric_date.7325c852e2
[0m05:10:52.825568 [debug] [Thread-4 (]: Writing runtime sql for node "test.portvessel.not_null_mart_port_congestion_metric_date.7325c852e2"
[0m05:10:52.826566 [debug] [Thread-3 (]: On test.portvessel.not_null_mart_port_congestion_anchorage_call_rate.f16ef228d1: /* {"app": "dbt", "dbt_version": "1.12.3", "profile_name": "portvessel", "target_name": "dev", "node_id": "test.portvessel.not_null_mart_port_congestion_anchorage_call_rate.f16ef228d1"} */

    
    select
      count(*) as failures,
      count(*) != 0 as should_warn,
      count(*) != 0 as should_error
    from (
      
    
  
    
    



select anchorage_call_rate
from `cloudprojects-506123`.`portvessel_dev_marts`.`mart_port_congestion`
where anchorage_call_rate is null



  
  
      
    ) dbt_internal_test
[0m05:10:52.827567 [debug] [Thread-3 (]: Opening a new connection, currently in state init
[0m05:10:52.827567 [debug] [Thread-4 (]: On test.portvessel.not_null_mart_port_congestion_metric_date.7325c852e2: /* {"app": "dbt", "dbt_version": "1.12.3", "profile_name": "portvessel", "target_name": "dev", "node_id": "test.portvessel.not_null_mart_port_congestion_metric_date.7325c852e2"} */

    
    select
      count(*) as failures,
      count(*) != 0 as should_warn,
      count(*) != 0 as should_error
    from (
      
    
  
    
    



select metric_date
from `cloudprojects-506123`.`portvessel_dev_marts`.`mart_port_congestion`
where metric_date is null



  
  
      
    ) dbt_internal_test
[0m05:10:52.828567 [debug] [Thread-4 (]: Opening a new connection, currently in state init
[0m05:10:52.843833 [debug] [Thread-2 (]: Compilation Error in test dbt_utils_expression_is_true_mart_vessel_risk_anchorage_call_rate__between_0_and_1 (models\schema.yml)
  'dbt_utils' is undefined. This can happen when calling a macro that does not exist. Check for typos and/or install package dependencies with "dbt deps".
[0m05:10:52.843833 [debug] [Thread-1 (]: Compilation Error in test dbt_utils_expression_is_true_mart_port_congestion_anchorage_call_rate__between_0_and_1 (models\schema.yml)
  'dbt_utils' is undefined. This can happen when calling a macro that does not exist. Check for typos and/or install package dependencies with "dbt deps".
[0m05:10:52.844834 [error] [Thread-2 (]: 2 of 8 ERROR dbt_utils_expression_is_true_mart_vessel_risk_anchorage_call_rate__between_0_and_1  [[31mERROR[0m in 0.06s]
[0m05:10:52.845833 [debug] [Thread-2 (]: Finished running node test.portvessel.dbt_utils_expression_is_true_mart_vessel_risk_anchorage_call_rate__between_0_and_1.a744c8ae33
[0m05:10:52.844834 [error] [Thread-1 (]: 1 of 8 ERROR dbt_utils_expression_is_true_mart_port_congestion_anchorage_call_rate__between_0_and_1  [[31mERROR[0m in 0.06s]
[0m05:10:52.845833 [debug] [Thread-2 (]: Began running node test.portvessel.not_null_mart_port_congestion_port_id.85d8a4aa79
[0m05:10:52.845833 [debug] [Thread-7 (]: Marking all children of 'test.portvessel.dbt_utils_expression_is_true_mart_vessel_risk_anchorage_call_rate__between_0_and_1.a744c8ae33' to be skipped because of status 'error'.  Reason: Compilation Error in test dbt_utils_expression_is_true_mart_vessel_risk_anchorage_call_rate__between_0_and_1 (models\schema.yml)
  'dbt_utils' is undefined. This can happen when calling a macro that does not exist. Check for typos and/or install package dependencies with "dbt deps"..
[0m05:10:52.846832 [debug] [Thread-1 (]: Finished running node test.portvessel.dbt_utils_expression_is_true_mart_port_congestion_anchorage_call_rate__between_0_and_1.69e0fdf065
[0m05:10:52.846832 [info ] [Thread-2 (]: 5 of 8 START test not_null_mart_port_congestion_port_id ........................ [RUN]
[0m05:10:52.847832 [debug] [Thread-1 (]: Began running node test.portvessel.not_null_mart_vessel_risk_mmsi.b745f77b30
[0m05:10:52.847832 [debug] [Thread-7 (]: Marking all children of 'test.portvessel.dbt_utils_expression_is_true_mart_port_congestion_anchorage_call_rate__between_0_and_1.69e0fdf065' to be skipped because of status 'error'.  Reason: Compilation Error in test dbt_utils_expression_is_true_mart_port_congestion_anchorage_call_rate__between_0_and_1 (models\schema.yml)
  'dbt_utils' is undefined. This can happen when calling a macro that does not exist. Check for typos and/or install package dependencies with "dbt deps"..
[0m05:10:52.848835 [debug] [Thread-2 (]: Re-using an available connection from the pool (formerly test.portvessel.dbt_utils_expression_is_true_mart_vessel_risk_anchorage_call_rate__between_0_and_1.a744c8ae33, now test.portvessel.not_null_mart_port_congestion_port_id.85d8a4aa79)
[0m05:10:52.848835 [info ] [Thread-1 (]: 6 of 8 START test not_null_mart_vessel_risk_mmsi ............................... [RUN]
[0m05:10:52.848835 [debug] [Thread-2 (]: Began compiling node test.portvessel.not_null_mart_port_congestion_port_id.85d8a4aa79
[0m05:10:52.849833 [debug] [Thread-1 (]: Re-using an available connection from the pool (formerly test.portvessel.dbt_utils_expression_is_true_mart_port_congestion_anchorage_call_rate__between_0_and_1.69e0fdf065, now test.portvessel.not_null_mart_vessel_risk_mmsi.b745f77b30)
[0m05:10:52.854337 [debug] [Thread-2 (]: Writing injected SQL for node "test.portvessel.not_null_mart_port_congestion_port_id.85d8a4aa79"
[0m05:10:52.854337 [debug] [Thread-1 (]: Began compiling node test.portvessel.not_null_mart_vessel_risk_mmsi.b745f77b30
[0m05:10:52.859341 [debug] [Thread-1 (]: Writing injected SQL for node "test.portvessel.not_null_mart_vessel_risk_mmsi.b745f77b30"
[0m05:10:52.860341 [debug] [Thread-2 (]: Began executing node test.portvessel.not_null_mart_port_congestion_port_id.85d8a4aa79
[0m05:10:52.861341 [debug] [Thread-2 (]: Writing runtime sql for node "test.portvessel.not_null_mart_port_congestion_port_id.85d8a4aa79"
[0m05:10:52.861341 [debug] [Thread-1 (]: Began executing node test.portvessel.not_null_mart_vessel_risk_mmsi.b745f77b30
[0m05:10:52.862341 [debug] [Thread-1 (]: Writing runtime sql for node "test.portvessel.not_null_mart_vessel_risk_mmsi.b745f77b30"
[0m05:10:52.863341 [debug] [Thread-2 (]: On test.portvessel.not_null_mart_port_congestion_port_id.85d8a4aa79: /* {"app": "dbt", "dbt_version": "1.12.3", "profile_name": "portvessel", "target_name": "dev", "node_id": "test.portvessel.not_null_mart_port_congestion_port_id.85d8a4aa79"} */

    
    select
      count(*) as failures,
      count(*) != 0 as should_warn,
      count(*) != 0 as should_error
    from (
      
    
  
    
    



select port_id
from `cloudprojects-506123`.`portvessel_dev_marts`.`mart_port_congestion`
where port_id is null



  
  
      
    ) dbt_internal_test
[0m05:10:52.863341 [debug] [Thread-2 (]: Opening a new connection, currently in state closed
[0m05:10:52.864609 [debug] [Thread-1 (]: On test.portvessel.not_null_mart_vessel_risk_mmsi.b745f77b30: /* {"app": "dbt", "dbt_version": "1.12.3", "profile_name": "portvessel", "target_name": "dev", "node_id": "test.portvessel.not_null_mart_vessel_risk_mmsi.b745f77b30"} */

    
    select
      count(*) as failures,
      count(*) != 0 as should_warn,
      count(*) != 0 as should_error
    from (
      
    
  
    
    



select mmsi
from `cloudprojects-506123`.`portvessel_dev_marts`.`mart_vessel_risk`
where mmsi is null



  
  
      
    ) dbt_internal_test
[0m05:10:52.864609 [debug] [Thread-1 (]: Opening a new connection, currently in state closed
[0m05:10:53.548764 [debug] [Thread-4 (]: BigQuery adapter: https://console.cloud.google.com/bigquery?project=cloudprojects-506123&j=bq:europe-west3:3bc6f60d-1256-4b5e-ad2b-60417caad42d&page=queryresults
[0m05:10:53.577631 [debug] [Thread-2 (]: BigQuery adapter: https://console.cloud.google.com/bigquery?project=cloudprojects-506123&j=bq:europe-west3:401b4721-f507-49fd-a0b4-d87391cf6230&page=queryresults
[0m05:10:53.579631 [debug] [Thread-1 (]: BigQuery adapter: https://console.cloud.google.com/bigquery?project=cloudprojects-506123&j=bq:europe-west3:8632639c-909f-4bf6-b9d7-b6236209ce83&page=queryresults
[0m05:10:53.594874 [debug] [Thread-3 (]: BigQuery adapter: https://console.cloud.google.com/bigquery?project=cloudprojects-506123&j=bq:europe-west3:bdaef3a5-a0cb-4688-a00b-dcca74f58a42&page=queryresults
[0m05:10:53.700155 [debug] [Thread-3 (]: SQL status: OK in 0.105 seconds
[0m05:10:53.705319 [debug] [Thread-2 (]: SQL status: OK in 0.127 seconds
[0m05:10:53.706318 [debug] [Thread-4 (]: SQL status: OK in 0.152 seconds
[0m05:10:53.709319 [debug] [Thread-1 (]: SQL status: OK in 0.130 seconds
[0m05:10:53.982446 [info ] [Thread-2 (]: 5 of 8 PASS not_null_mart_port_congestion_port_id .............................. [[32mPASS[0m in 1.13s]
[0m05:10:53.983446 [debug] [Thread-2 (]: Finished running node test.portvessel.not_null_mart_port_congestion_port_id.85d8a4aa79
[0m05:10:53.983446 [debug] [Thread-2 (]: Began running node test.portvessel.not_null_mart_vessel_risk_operational_flag.27efd1e7dd
[0m05:10:53.984446 [info ] [Thread-2 (]: 7 of 8 START test not_null_mart_vessel_risk_operational_flag ................... [RUN]
[0m05:10:53.984446 [debug] [Thread-2 (]: Re-using an available connection from the pool (formerly test.portvessel.not_null_mart_port_congestion_port_id.85d8a4aa79, now test.portvessel.not_null_mart_vessel_risk_operational_flag.27efd1e7dd)
[0m05:10:53.985446 [debug] [Thread-2 (]: Began compiling node test.portvessel.not_null_mart_vessel_risk_operational_flag.27efd1e7dd
[0m05:10:53.989949 [debug] [Thread-2 (]: Writing injected SQL for node "test.portvessel.not_null_mart_vessel_risk_operational_flag.27efd1e7dd"
[0m05:10:53.991954 [info ] [Thread-1 (]: 6 of 8 PASS not_null_mart_vessel_risk_mmsi ..................................... [[32mPASS[0m in 1.14s]
[0m05:10:53.993954 [debug] [Thread-1 (]: Finished running node test.portvessel.not_null_mart_vessel_risk_mmsi.b745f77b30
[0m05:10:53.994953 [debug] [Thread-2 (]: Began executing node test.portvessel.not_null_mart_vessel_risk_operational_flag.27efd1e7dd
[0m05:10:53.993954 [info ] [Thread-4 (]: 4 of 8 PASS not_null_mart_port_congestion_metric_date .......................... [[32mPASS[0m in 1.21s]
[0m05:10:53.994953 [debug] [Thread-1 (]: Began running node test.portvessel.unique_mart_vessel_risk_mmsi.4f85864568
[0m05:10:53.995954 [debug] [Thread-2 (]: Writing runtime sql for node "test.portvessel.not_null_mart_vessel_risk_operational_flag.27efd1e7dd"
[0m05:10:53.996953 [debug] [Thread-4 (]: Finished running node test.portvessel.not_null_mart_port_congestion_metric_date.7325c852e2
[0m05:10:53.998545 [info ] [Thread-3 (]: 3 of 8 PASS not_null_mart_port_congestion_anchorage_call_rate .................. [[32mPASS[0m in 1.22s]
[0m05:10:53.998545 [info ] [Thread-1 (]: 8 of 8 START test unique_mart_vessel_risk_mmsi ................................. [RUN]
[0m05:10:53.999547 [debug] [Thread-3 (]: Finished running node test.portvessel.not_null_mart_port_congestion_anchorage_call_rate.f16ef228d1
[0m05:10:53.999547 [debug] [Thread-1 (]: Re-using an available connection from the pool (formerly test.portvessel.not_null_mart_vessel_risk_mmsi.b745f77b30, now test.portvessel.unique_mart_vessel_risk_mmsi.4f85864568)
[0m05:10:54.000545 [debug] [Thread-1 (]: Began compiling node test.portvessel.unique_mart_vessel_risk_mmsi.4f85864568
[0m05:10:54.000545 [debug] [Thread-2 (]: On test.portvessel.not_null_mart_vessel_risk_operational_flag.27efd1e7dd: /* {"app": "dbt", "dbt_version": "1.12.3", "profile_name": "portvessel", "target_name": "dev", "node_id": "test.portvessel.not_null_mart_vessel_risk_operational_flag.27efd1e7dd"} */

    
    select
      count(*) as failures,
      count(*) != 0 as should_warn,
      count(*) != 0 as should_error
    from (
      
    
  
    
    



select operational_flag
from `cloudprojects-506123`.`portvessel_dev_marts`.`mart_vessel_risk`
where operational_flag is null



  
  
      
    ) dbt_internal_test
[0m05:10:54.006867 [debug] [Thread-1 (]: Writing injected SQL for node "test.portvessel.unique_mart_vessel_risk_mmsi.4f85864568"
[0m05:10:54.007868 [debug] [Thread-2 (]: Opening a new connection, currently in state closed
[0m05:10:54.008867 [debug] [Thread-1 (]: Began executing node test.portvessel.unique_mart_vessel_risk_mmsi.4f85864568
[0m05:10:54.009867 [debug] [Thread-1 (]: Writing runtime sql for node "test.portvessel.unique_mart_vessel_risk_mmsi.4f85864568"
[0m05:10:54.010867 [debug] [Thread-1 (]: On test.portvessel.unique_mart_vessel_risk_mmsi.4f85864568: /* {"app": "dbt", "dbt_version": "1.12.3", "profile_name": "portvessel", "target_name": "dev", "node_id": "test.portvessel.unique_mart_vessel_risk_mmsi.4f85864568"} */

    
    select
      count(*) as failures,
      count(*) != 0 as should_warn,
      count(*) != 0 as should_error
    from (
      
    
  
    
    

with dbt_test__target as (

  select mmsi as unique_field
  from `cloudprojects-506123`.`portvessel_dev_marts`.`mart_vessel_risk`
  where mmsi is not null

)

select
    unique_field,
    count(*) as n_records

from dbt_test__target
group by unique_field
having count(*) > 1



  
  
      
    ) dbt_internal_test
[0m05:10:54.010867 [debug] [Thread-1 (]: Opening a new connection, currently in state closed
[0m05:10:54.757440 [debug] [Thread-1 (]: BigQuery adapter: https://console.cloud.google.com/bigquery?project=cloudprojects-506123&j=bq:europe-west3:2d93d696-0992-4e78-b07a-6b50542480c7&page=queryresults
[0m05:10:54.758439 [debug] [Thread-2 (]: BigQuery adapter: https://console.cloud.google.com/bigquery?project=cloudprojects-506123&j=bq:europe-west3:dbd22317-b256-497e-b80e-a062bbb8ccba&page=queryresults
[0m05:10:54.862532 [debug] [Thread-2 (]: SQL status: OK in 0.103 seconds
[0m05:10:54.864531 [debug] [Thread-1 (]: SQL status: OK in 0.106 seconds
[0m05:10:55.076481 [info ] [Thread-2 (]: 7 of 8 PASS not_null_mart_vessel_risk_operational_flag ......................... [[32mPASS[0m in 1.09s]
[0m05:10:55.077478 [debug] [Thread-2 (]: Finished running node test.portvessel.not_null_mart_vessel_risk_operational_flag.27efd1e7dd
[0m05:10:55.093642 [info ] [Thread-1 (]: 8 of 8 PASS unique_mart_vessel_risk_mmsi ....................................... [[32mPASS[0m in 1.09s]
[0m05:10:55.094643 [debug] [Thread-1 (]: Finished running node test.portvessel.unique_mart_vessel_risk_mmsi.4f85864568
[0m05:10:55.095644 [debug] [MainThread]: Opening a new connection, currently in state closed
[0m05:10:55.095644 [debug] [MainThread]: Connection 'master' was properly closed.
[0m05:10:55.095644 [debug] [MainThread]: Connection 'list_cloudprojects-506123_portvessel_dev_marts' was properly closed.
[0m05:10:55.096643 [debug] [MainThread]: Connection 'test.portvessel.unique_mart_vessel_risk_mmsi.4f85864568' was properly closed.
[0m05:10:55.096643 [debug] [MainThread]: Connection 'test.portvessel.not_null_mart_vessel_risk_operational_flag.27efd1e7dd' was properly closed.
[0m05:10:55.096643 [debug] [MainThread]: Connection 'test.portvessel.not_null_mart_port_congestion_anchorage_call_rate.f16ef228d1' was properly closed.
[0m05:10:55.096643 [debug] [MainThread]: Connection 'test.portvessel.not_null_mart_port_congestion_metric_date.7325c852e2' was properly closed.
[0m05:10:55.096643 [info ] [MainThread]: 
[0m05:10:55.097643 [info ] [MainThread]: Finished running 8 data tests in 0 hours 0 minutes and 3.82 seconds (3.82s).
[0m05:10:55.098643 [debug] [MainThread]: Command end result
[0m05:10:55.127948 [debug] [MainThread]: Wrote artifact WritableManifest to C:\Users\magic\Projects\PortVessel-lakehouse\dbt\target\manifest.json
[0m05:10:55.130948 [debug] [MainThread]: Wrote artifact SemanticManifest to C:\Users\magic\Projects\PortVessel-lakehouse\dbt\target\semantic_manifest.json
[0m05:10:55.132948 [debug] [MainThread]: Wrote artifact OsiDocument to C:\Users\magic\Projects\PortVessel-lakehouse\dbt\target\osi_document.json
[0m05:10:55.138950 [debug] [MainThread]: Wrote artifact RunExecutionResult to C:\Users\magic\Projects\PortVessel-lakehouse\dbt\target\run_results.json
[0m05:10:55.138950 [info ] [MainThread]: 
[0m05:10:55.138950 [info ] [MainThread]: [31mCompleted with 2 errors, 0 partial successes, and 0 warnings:[0m
[0m05:10:55.139949 [info ] [MainThread]: 
[0m05:10:55.139949 [error] [MainThread]: [[31mERROR[0m]: in test dbt_utils_expression_is_true_mart_vessel_risk_anchorage_call_rate__between_0_and_1 (models\schema.yml)
[0m05:10:55.140952 [error] [MainThread]:   Compilation Error in test dbt_utils_expression_is_true_mart_vessel_risk_anchorage_call_rate__between_0_and_1 (models\schema.yml)
  'dbt_utils' is undefined. This can happen when calling a macro that does not exist. Check for typos and/or install package dependencies with "dbt deps".
[0m05:10:55.140952 [info ] [MainThread]: 
[0m05:10:55.140952 [error] [MainThread]: [[31mERROR[0m]: in test dbt_utils_expression_is_true_mart_port_congestion_anchorage_call_rate__between_0_and_1 (models\schema.yml)
[0m05:10:55.141954 [error] [MainThread]:   Compilation Error in test dbt_utils_expression_is_true_mart_port_congestion_anchorage_call_rate__between_0_and_1 (models\schema.yml)
  'dbt_utils' is undefined. This can happen when calling a macro that does not exist. Check for typos and/or install package dependencies with "dbt deps".
[0m05:10:55.142264 [info ] [MainThread]: 
[0m05:10:55.142264 [info ] [MainThread]: Done. PASS=6 WARN=0 ERROR=2 SKIP=0 NO-OP=0 REUSED=0 TOTAL=8
[0m05:10:55.143263 [warn ] [MainThread]: [[33mWARNING[0m][DeprecationsSummary]: Deprecated functionality
Summary of encountered deprecations:
- MissingArgumentsPropertyInGenericTestDeprecation: 2 occurrences
To see all deprecation instances instead of just the first occurrence of each,
run command again with the `--show-all-deprecations` flag. You may also need to
run with `--no-partial-parse` as some deprecations are only encountered during
parsing.
[0m05:10:55.143263 [debug] [MainThread]: Command `dbt test` failed at 05:10:55.143263 after 5.91 seconds
[0m05:10:55.144263 [debug] [MainThread]: Sending event: {'category': 'dbt', 'action': 'invocation', 'label': 'end', 'context': [<snowplow_tracker.self_describing_json.SelfDescribingJson object at 0x00000169EDDA9DF0>, <snowplow_tracker.self_describing_json.SelfDescribingJson object at 0x00000169EB14D9D0>, <snowplow_tracker.self_describing_json.SelfDescribingJson object at 0x00000169EFBA1F10>]}
[0m05:10:55.144263 [debug] [MainThread]: Flushing usage events
[0m05:10:55.850856 [debug] [MainThread]: An error was encountered while trying to flush usage events
[0m05:12:55.835548 [debug] [MainThread]: Sending event: {'category': 'dbt', 'action': 'invocation', 'label': 'start', 'context': [<snowplow_tracker.self_describing_json.SelfDescribingJson object at 0x0000015E3D103C50>, <snowplow_tracker.self_describing_json.SelfDescribingJson object at 0x0000015E3A566840>, <snowplow_tracker.self_describing_json.SelfDescribingJson object at 0x0000015E3B5BA060>]}


============================== 05:12:55.839545 | e62eab0b-ace1-4537-b68c-1841c7e89ee3 ==============================
[0m05:12:55.839545 [info ] [MainThread]: Running with dbt=1.12.3
[0m05:12:55.839545 [debug] [MainThread]: running dbt with arguments {'static_parser': 'True', 'no_print': 'None', 'maximum_seed_size_mib': '1', 'target_path': 'None', 'warn_error_options': 'WarnErrorOptionsV2(error=[], warn=[], silence=[])', 'version_check': 'True', 'printer_width': '80', 'write_json': 'True', 'empty': 'None', 'log_cache_events': 'False', 'introspect': 'True', 'cache_selected_only': 'False', 'log_format': 'default', 'debug': 'False', 'fail_fast': 'False', 'partial_parse': 'True', 'send_anonymous_usage_stats': 'True', 'quiet': 'False', 'warn_error': 'None', 'profiles_dir': 'C:\\Users\\magic\\Projects\\PortVessel-lakehouse\\dbt', 'use_colors': 'True', 'hints_enabled': 'True', 'invocation_command': 'dbt deps', 'use_experimental_parser': 'False', 'indirect_selection': 'eager', 'log_path': 'C:\\Users\\magic\\Projects\\PortVessel-lakehouse\\dbt\\logs'}
[0m05:12:55.949813 [debug] [MainThread]: Sending event: {'category': 'dbt', 'action': 'project_id', 'label': 'e62eab0b-ace1-4537-b68c-1841c7e89ee3', 'context': [<snowplow_tracker.self_describing_json.SelfDescribingJson object at 0x0000015E3D103C50>]}
[0m05:12:55.970272 [info ] [MainThread]: Warning: No packages were found in packages.yml
[0m05:12:55.971272 [info ] [MainThread]: Warning: No packages were found in packages.yml
[0m05:12:55.971272 [debug] [MainThread]: Command `dbt deps` succeeded at 05:12:55.971272 after 0.24 seconds
[0m05:12:55.972271 [debug] [MainThread]: Sending event: {'category': 'dbt', 'action': 'invocation', 'label': 'end', 'context': [<snowplow_tracker.self_describing_json.SelfDescribingJson object at 0x0000015E3B00E6C0>, <snowplow_tracker.self_describing_json.SelfDescribingJson object at 0x0000015E3B00EEA0>, <snowplow_tracker.self_describing_json.SelfDescribingJson object at 0x0000015E3B00CFE0>]}
[0m05:12:55.972271 [debug] [MainThread]: Flushing usage events
[0m05:12:56.665370 [debug] [MainThread]: An error was encountered while trying to flush usage events
[0m05:14:24.903394 [debug] [MainThread]: Sending event: {'category': 'dbt', 'action': 'invocation', 'label': 'start', 'context': [<snowplow_tracker.self_describing_json.SelfDescribingJson object at 0x0000013C31DDF3B0>, <snowplow_tracker.self_describing_json.SelfDescribingJson object at 0x0000013C2F64EF90>, <snowplow_tracker.self_describing_json.SelfDescribingJson object at 0x0000013C2DCC42C0>]}


============================== 05:14:24.907394 | 72743fd8-72b3-4705-a003-ecd6c9909ed7 ==============================
[0m05:14:24.907394 [info ] [MainThread]: Running with dbt=1.12.3
[0m05:14:24.907394 [debug] [MainThread]: running dbt with arguments {'static_parser': 'True', 'no_print': 'None', 'maximum_seed_size_mib': '1', 'warn_error_options': 'WarnErrorOptionsV2(error=[], warn=[], silence=[])', 'target_path': 'None', 'version_check': 'True', 'printer_width': '80', 'write_json': 'True', 'introspect': 'True', 'log_cache_events': 'False', 'empty': 'None', 'cache_selected_only': 'False', 'fail_fast': 'False', 'debug': 'False', 'log_format': 'default', 'profiles_dir': 'C:\\Users\\magic\\Projects\\PortVessel-lakehouse\\dbt', 'send_anonymous_usage_stats': 'True', 'quiet': 'False', 'warn_error': 'None', 'partial_parse': 'True', 'invocation_command': 'dbt deps', 'hints_enabled': 'True', 'use_colors': 'True', 'use_experimental_parser': 'False', 'indirect_selection': 'eager', 'log_path': 'C:\\Users\\magic\\Projects\\PortVessel-lakehouse\\dbt\\logs'}
[0m05:14:25.023476 [debug] [MainThread]: Sending event: {'category': 'dbt', 'action': 'project_id', 'label': '72743fd8-72b3-4705-a003-ecd6c9909ed7', 'context': [<snowplow_tracker.self_describing_json.SelfDescribingJson object at 0x0000013C302235C0>]}
[0m05:14:25.045480 [debug] [MainThread]: Set downloads directory='C:\Users\magic\AppData\Local\Temp\dbt-downloads-pw9bon_6'
[0m05:14:25.045480 [debug] [MainThread]: Making package index registry request: GET https://hub.getdbt.com/api/v1/index.json
[0m05:14:25.379970 [debug] [MainThread]: Response from registry index: GET https://hub.getdbt.com/api/v1/index.json 200
[0m05:14:25.380970 [debug] [MainThread]: Making package registry request: GET https://hub.getdbt.com/api/v1/dbt-labs/dbt_utils.json
[0m05:14:25.653813 [debug] [MainThread]: Response from registry: GET https://hub.getdbt.com/api/v1/dbt-labs/dbt_utils.json 200
[0m05:14:25.664322 [info ] [MainThread]: Updating lock file in file path: C:\Users\magic\Projects\PortVessel-lakehouse\dbt/package-lock.yml
[0m05:14:25.673321 [debug] [MainThread]: Set downloads directory='C:\Users\magic\AppData\Local\Temp\dbt-downloads-p3olwx80'
[0m05:14:25.675321 [info ] [MainThread]: Installing dbt-labs/dbt_utils
[0m05:14:26.413177 [info ] [MainThread]: Installed from version 1.4.1
[0m05:14:26.413177 [info ] [MainThread]: Up to date!
[0m05:14:26.414176 [debug] [MainThread]: Sending event: {'category': 'dbt', 'action': 'package', 'label': '72743fd8-72b3-4705-a003-ecd6c9909ed7', 'property_': 'install', 'context': [<snowplow_tracker.self_describing_json.SelfDescribingJson object at 0x0000013C2F64EF90>, <snowplow_tracker.self_describing_json.SelfDescribingJson object at 0x0000013C2D583530>]}
[0m05:14:26.415176 [debug] [MainThread]: Command `dbt deps` succeeded at 05:14:26.415176 after 1.62 seconds
[0m05:14:26.415176 [debug] [MainThread]: Sending event: {'category': 'dbt', 'action': 'invocation', 'label': 'end', 'context': [<snowplow_tracker.self_describing_json.SelfDescribingJson object at 0x0000013C2FD88A40>, <snowplow_tracker.self_describing_json.SelfDescribingJson object at 0x0000013C2F64EF90>, <snowplow_tracker.self_describing_json.SelfDescribingJson object at 0x0000013C302235C0>]}
[0m05:14:26.416177 [debug] [MainThread]: Flushing usage events
[0m05:14:27.128158 [debug] [MainThread]: An error was encountered while trying to flush usage events
[0m05:14:48.441293 [debug] [MainThread]: Sending event: {'category': 'dbt', 'action': 'invocation', 'label': 'start', 'context': [<snowplow_tracker.self_describing_json.SelfDescribingJson object at 0x0000025207D21B20>, <snowplow_tracker.self_describing_json.SelfDescribingJson object at 0x000002520AA5DE20>, <snowplow_tracker.self_describing_json.SelfDescribingJson object at 0x0000025207C310D0>]}


============================== 05:14:48.445289 | deece534-8273-4dfd-8995-809c0f37e67a ==============================
[0m05:14:48.445289 [info ] [MainThread]: Running with dbt=1.12.3
[0m05:14:48.445289 [debug] [MainThread]: running dbt with arguments {'version_check': 'True', 'no_print': 'None', 'static_parser': 'True', 'target_path': 'None', 'warn_error_options': 'WarnErrorOptionsV2(error=[], warn=[], silence=[])', 'maximum_seed_size_mib': '1', 'printer_width': '80', 'write_json': 'True', 'empty': 'None', 'log_cache_events': 'False', 'introspect': 'True', 'cache_selected_only': 'False', 'log_format': 'default', 'debug': 'False', 'fail_fast': 'False', 'partial_parse': 'True', 'send_anonymous_usage_stats': 'True', 'quiet': 'False', 'warn_error': 'None', 'profiles_dir': 'C:\\Users\\magic\\Projects\\PortVessel-lakehouse\\dbt', 'invocation_command': 'dbt test --select marts', 'hints_enabled': 'True', 'use_colors': 'True', 'use_experimental_parser': 'False', 'indirect_selection': 'eager', 'log_path': 'C:\\Users\\magic\\Projects\\PortVessel-lakehouse\\dbt\\logs'}
[0m05:14:49.446176 [debug] [MainThread]: Sending event: {'category': 'dbt', 'action': 'project_id', 'label': 'deece534-8273-4dfd-8995-809c0f37e67a', 'context': [<snowplow_tracker.self_describing_json.SelfDescribingJson object at 0x000002523F0B81D0>]}
[0m05:14:49.493873 [debug] [MainThread]: Sending event: {'category': 'dbt', 'action': 'adapter_info', 'label': 'deece534-8273-4dfd-8995-809c0f37e67a', 'context': [<snowplow_tracker.self_describing_json.SelfDescribingJson object at 0x000002520A46FE30>]}
[0m05:14:49.494874 [info ] [MainThread]: Registered adapter: bigquery=1.12.0
[0m05:14:49.854610 [debug] [MainThread]: checksum: 5f143da5afd1a6b6298bff390d2cac426bc2fa3cddb0281a2f93c038cc305c8b, vars: {}, profile: portvessel, target: dev, version: 1.12.3
[0m05:14:49.945773 [info ] [MainThread]: Unable to do partial parsing because a project dependency has been added
[0m05:14:49.945773 [debug] [MainThread]: Sending event: {'category': 'dbt', 'action': 'partial_parser', 'label': 'deece534-8273-4dfd-8995-809c0f37e67a', 'context': [<snowplow_tracker.self_describing_json.SelfDescribingJson object at 0x000002523F58A570>]}
[0m05:14:49.953370 [warn ] [MainThread]: [[33mWARNING[0m][PropertyMovedToConfigDeprecation]: Deprecated functionality
Found `freshness` as a top-level property of `sources[0].tables[0]` in file
`models\sources.yml`. The `freshness` top-level property should be moved into
the `config` of `sources[0].tables[0]`.
[0m05:14:49.953370 [debug] [MainThread]: Sending event: {'category': 'dbt', 'action': 'deprecation', 'label': 'deece534-8273-4dfd-8995-809c0f37e67a', 'property_': 'warn', 'context': [<snowplow_tracker.self_describing_json.SelfDescribingJson object at 0x000002523F39ECC0>]}
[0m05:14:51.324885 [warn ] [MainThread]: [[33mWARNING[0m][MissingArgumentsPropertyInGenericTestDeprecation]: Deprecated
functionality
Found top-level arguments to test `dbt_utils.expression_is_true` defined on
'mart_port_congestion' in package 'portvessel' (models\schema.yml). Arguments to
generic tests should be nested under the `arguments` property.
[0m05:14:51.325885 [debug] [MainThread]: Sending event: {'category': 'dbt', 'action': 'deprecation', 'label': 'deece534-8273-4dfd-8995-809c0f37e67a', 'property_': 'warn', 'context': [<snowplow_tracker.self_describing_json.SelfDescribingJson object at 0x000002523F960E90>]}
[0m05:14:51.533376 [debug] [MainThread]: Sending event: {'category': 'dbt', 'action': 'load_project', 'label': 'deece534-8273-4dfd-8995-809c0f37e67a', 'context': [<snowplow_tracker.self_describing_json.SelfDescribingJson object at 0x000002523FA1E210>]}
[0m05:14:51.615234 [debug] [MainThread]: Wrote artifact WritableManifest to C:\Users\magic\Projects\PortVessel-lakehouse\dbt\target\manifest.json
[0m05:14:51.618231 [debug] [MainThread]: Wrote artifact SemanticManifest to C:\Users\magic\Projects\PortVessel-lakehouse\dbt\target\semantic_manifest.json
[0m05:14:51.638466 [debug] [MainThread]: Wrote artifact OsiDocument to C:\Users\magic\Projects\PortVessel-lakehouse\dbt\target\osi_document.json
[0m05:14:51.654463 [debug] [MainThread]: Sending event: {'category': 'dbt', 'action': 'resource_counts', 'label': 'deece534-8273-4dfd-8995-809c0f37e67a', 'context': [<snowplow_tracker.self_describing_json.SelfDescribingJson object at 0x000002523FB70950>]}
[0m05:14:51.654463 [info ] [MainThread]: Found 2 models, 22 data tests, 4 sources, 678 macros
[0m05:14:51.654463 [debug] [MainThread]: Sending event: {'category': 'dbt', 'action': 'runnable_timing', 'label': 'deece534-8273-4dfd-8995-809c0f37e67a', 'context': [<snowplow_tracker.self_describing_json.SelfDescribingJson object at 0x000002523FBD5790>]}
[0m05:14:51.656463 [info ] [MainThread]: 
[0m05:14:51.656463 [info ] [MainThread]: Concurrency: 4 threads (target='dev')
[0m05:14:51.657462 [info ] [MainThread]: 
[0m05:14:51.658464 [debug] [MainThread]: Acquiring new bigquery connection 'master'
[0m05:14:51.661463 [debug] [ThreadPool]: Acquiring new bigquery connection 'list_cloudprojects-506123_portvessel_dev_marts'
[0m05:14:51.661463 [debug] [ThreadPool]: Opening a new connection, currently in state init
[0m05:14:53.256710 [debug] [MainThread]: Sending event: {'category': 'dbt', 'action': 'runnable_timing', 'label': 'deece534-8273-4dfd-8995-809c0f37e67a', 'context': [<snowplow_tracker.self_describing_json.SelfDescribingJson object at 0x000002523EF59B50>]}
[0m05:14:53.256710 [debug] [MainThread]: Opening a new connection, currently in state init
[0m05:14:53.260711 [debug] [Thread-1 (]: Began running node test.portvessel.dbt_utils_expression_is_true_mart_port_congestion_anchorage_call_rate__between_0_and_1.69e0fdf065
[0m05:14:53.260711 [debug] [Thread-2 (]: Began running node test.portvessel.dbt_utils_expression_is_true_mart_vessel_risk_anchorage_call_rate__between_0_and_1.a744c8ae33
[0m05:14:53.260711 [debug] [Thread-3 (]: Began running node test.portvessel.not_null_mart_port_congestion_anchorage_call_rate.f16ef228d1
[0m05:14:53.261712 [debug] [Thread-4 (]: Began running node test.portvessel.not_null_mart_port_congestion_metric_date.7325c852e2
[0m05:14:53.261712 [info ] [Thread-1 (]: 1 of 8 START test dbt_utils_expression_is_true_mart_port_congestion_anchorage_call_rate__between_0_and_1  [RUN]
[0m05:14:53.261712 [info ] [Thread-2 (]: 2 of 8 START test dbt_utils_expression_is_true_mart_vessel_risk_anchorage_call_rate__between_0_and_1  [RUN]
[0m05:14:53.262711 [info ] [Thread-3 (]: 3 of 8 START test not_null_mart_port_congestion_anchorage_call_rate ............ [RUN]
[0m05:14:53.263712 [debug] [Thread-1 (]: Acquiring new bigquery connection 'test.portvessel.dbt_utils_expression_is_true_mart_port_congestion_anchorage_call_rate__between_0_and_1.69e0fdf065'
[0m05:14:53.263712 [debug] [Thread-2 (]: Acquiring new bigquery connection 'test.portvessel.dbt_utils_expression_is_true_mart_vessel_risk_anchorage_call_rate__between_0_and_1.a744c8ae33'
[0m05:14:53.262711 [info ] [Thread-4 (]: 4 of 8 START test not_null_mart_port_congestion_metric_date .................... [RUN]
[0m05:14:53.264712 [debug] [Thread-3 (]: Acquiring new bigquery connection 'test.portvessel.not_null_mart_port_congestion_anchorage_call_rate.f16ef228d1'
[0m05:14:53.264712 [debug] [Thread-1 (]: Began compiling node test.portvessel.dbt_utils_expression_is_true_mart_port_congestion_anchorage_call_rate__between_0_and_1.69e0fdf065
[0m05:14:53.264712 [debug] [Thread-2 (]: Began compiling node test.portvessel.dbt_utils_expression_is_true_mart_vessel_risk_anchorage_call_rate__between_0_and_1.a744c8ae33
[0m05:14:53.265711 [debug] [Thread-4 (]: Acquiring new bigquery connection 'test.portvessel.not_null_mart_port_congestion_metric_date.7325c852e2'
[0m05:14:53.265711 [debug] [Thread-3 (]: Began compiling node test.portvessel.not_null_mart_port_congestion_anchorage_call_rate.f16ef228d1
[0m05:14:53.273716 [debug] [Thread-1 (]: Writing injected SQL for node "test.portvessel.dbt_utils_expression_is_true_mart_port_congestion_anchorage_call_rate__between_0_and_1.69e0fdf065"
[0m05:14:53.278716 [debug] [Thread-2 (]: Writing injected SQL for node "test.portvessel.dbt_utils_expression_is_true_mart_vessel_risk_anchorage_call_rate__between_0_and_1.a744c8ae33"
[0m05:14:53.278716 [debug] [Thread-4 (]: Began compiling node test.portvessel.not_null_mart_port_congestion_metric_date.7325c852e2
[0m05:14:53.285511 [debug] [Thread-3 (]: Writing injected SQL for node "test.portvessel.not_null_mart_port_congestion_anchorage_call_rate.f16ef228d1"
[0m05:14:53.290516 [debug] [Thread-4 (]: Writing injected SQL for node "test.portvessel.not_null_mart_port_congestion_metric_date.7325c852e2"
[0m05:14:53.291518 [debug] [Thread-1 (]: Began executing node test.portvessel.dbt_utils_expression_is_true_mart_port_congestion_anchorage_call_rate__between_0_and_1.69e0fdf065
[0m05:14:53.291518 [debug] [Thread-2 (]: Began executing node test.portvessel.dbt_utils_expression_is_true_mart_vessel_risk_anchorage_call_rate__between_0_and_1.a744c8ae33
[0m05:14:53.303517 [debug] [Thread-3 (]: Began executing node test.portvessel.not_null_mart_port_congestion_anchorage_call_rate.f16ef228d1
[0m05:14:53.307516 [debug] [Thread-1 (]: Writing runtime sql for node "test.portvessel.dbt_utils_expression_is_true_mart_port_congestion_anchorage_call_rate__between_0_and_1.69e0fdf065"
[0m05:14:53.308515 [debug] [Thread-2 (]: Writing runtime sql for node "test.portvessel.dbt_utils_expression_is_true_mart_vessel_risk_anchorage_call_rate__between_0_and_1.a744c8ae33"
[0m05:14:53.309517 [debug] [Thread-3 (]: Writing runtime sql for node "test.portvessel.not_null_mart_port_congestion_anchorage_call_rate.f16ef228d1"
[0m05:14:53.309517 [debug] [Thread-4 (]: Began executing node test.portvessel.not_null_mart_port_congestion_metric_date.7325c852e2
[0m05:14:53.310517 [debug] [Thread-4 (]: Writing runtime sql for node "test.portvessel.not_null_mart_port_congestion_metric_date.7325c852e2"
[0m05:14:53.311515 [debug] [Thread-3 (]: On test.portvessel.not_null_mart_port_congestion_anchorage_call_rate.f16ef228d1: /* {"app": "dbt", "dbt_version": "1.12.3", "profile_name": "portvessel", "target_name": "dev", "node_id": "test.portvessel.not_null_mart_port_congestion_anchorage_call_rate.f16ef228d1"} */

    
    select
      count(*) as failures,
      count(*) != 0 as should_warn,
      count(*) != 0 as should_error
    from (
      
    
  
    
    



select anchorage_call_rate
from `cloudprojects-506123`.`portvessel_dev_marts`.`mart_port_congestion`
where anchorage_call_rate is null



  
  
      
    ) dbt_internal_test
[0m05:14:53.311515 [debug] [Thread-2 (]: On test.portvessel.dbt_utils_expression_is_true_mart_vessel_risk_anchorage_call_rate__between_0_and_1.a744c8ae33: /* {"app": "dbt", "dbt_version": "1.12.3", "profile_name": "portvessel", "target_name": "dev", "node_id": "test.portvessel.dbt_utils_expression_is_true_mart_vessel_risk_anchorage_call_rate__between_0_and_1.a744c8ae33"} */

    
    select
      count(*) as failures,
      count(*) != 0 as should_warn,
      count(*) != 0 as should_error
    from (
      
    
  



select
    1
from `cloudprojects-506123`.`portvessel_dev_marts`.`mart_vessel_risk`

where not(anchorage_call_rate between 0 and 1)


  
  
      
    ) dbt_internal_test
[0m05:14:53.312516 [debug] [Thread-1 (]: On test.portvessel.dbt_utils_expression_is_true_mart_port_congestion_anchorage_call_rate__between_0_and_1.69e0fdf065: /* {"app": "dbt", "dbt_version": "1.12.3", "profile_name": "portvessel", "target_name": "dev", "node_id": "test.portvessel.dbt_utils_expression_is_true_mart_port_congestion_anchorage_call_rate__between_0_and_1.69e0fdf065"} */

    
    select
      count(*) as failures,
      count(*) != 0 as should_warn,
      count(*) != 0 as should_error
    from (
      
    
  



select
    1
from `cloudprojects-506123`.`portvessel_dev_marts`.`mart_port_congestion`

where not(anchorage_call_rate between 0 and 1)


  
  
      
    ) dbt_internal_test
[0m05:14:53.312516 [debug] [Thread-3 (]: Opening a new connection, currently in state init
[0m05:14:53.312516 [debug] [Thread-2 (]: Opening a new connection, currently in state init
[0m05:14:53.312516 [debug] [Thread-1 (]: Opening a new connection, currently in state init
[0m05:14:53.313770 [debug] [Thread-4 (]: On test.portvessel.not_null_mart_port_congestion_metric_date.7325c852e2: /* {"app": "dbt", "dbt_version": "1.12.3", "profile_name": "portvessel", "target_name": "dev", "node_id": "test.portvessel.not_null_mart_port_congestion_metric_date.7325c852e2"} */

    
    select
      count(*) as failures,
      count(*) != 0 as should_warn,
      count(*) != 0 as should_error
    from (
      
    
  
    
    



select metric_date
from `cloudprojects-506123`.`portvessel_dev_marts`.`mart_port_congestion`
where metric_date is null



  
  
      
    ) dbt_internal_test
[0m05:14:53.314770 [debug] [Thread-4 (]: Opening a new connection, currently in state init
[0m05:14:53.956519 [debug] [Thread-3 (]: BigQuery adapter: https://console.cloud.google.com/bigquery?project=cloudprojects-506123&j=bq:europe-west3:da60d576-09af-4bfc-9f3d-c5204cf71b45&page=queryresults
[0m05:14:54.000795 [debug] [Thread-4 (]: BigQuery adapter: https://console.cloud.google.com/bigquery?project=cloudprojects-506123&j=bq:europe-west3:4d085099-50dd-420d-bf4e-a697892c6a9d&page=queryresults
[0m05:14:54.037742 [debug] [Thread-2 (]: BigQuery adapter: https://console.cloud.google.com/bigquery?project=cloudprojects-506123&j=bq:europe-west3:0554df0d-b5e0-43de-9799-e2b371e38ceb&page=queryresults
[0m05:14:54.088436 [debug] [Thread-1 (]: BigQuery adapter: https://console.cloud.google.com/bigquery?project=cloudprojects-506123&j=bq:europe-west3:5e35e18a-ce6b-4f71-913f-13c99177aa03&page=queryresults
[0m05:14:54.101982 [debug] [Thread-3 (]: SQL status: OK in 0.145 seconds
[0m05:14:54.139170 [debug] [Thread-4 (]: SQL status: OK in 0.138 seconds
[0m05:14:54.167013 [debug] [Thread-2 (]: SQL status: OK in 0.129 seconds
[0m05:14:54.219853 [debug] [Thread-1 (]: SQL status: OK in 0.131 seconds
[0m05:14:54.355050 [info ] [Thread-4 (]: 4 of 8 PASS not_null_mart_port_congestion_metric_date .......................... [[32mPASS[0m in 1.09s]
[0m05:14:54.355050 [debug] [Thread-4 (]: Finished running node test.portvessel.not_null_mart_port_congestion_metric_date.7325c852e2
[0m05:14:54.356050 [debug] [Thread-4 (]: Began running node test.portvessel.not_null_mart_port_congestion_port_id.85d8a4aa79
[0m05:14:54.356639 [info ] [Thread-4 (]: 5 of 8 START test not_null_mart_port_congestion_port_id ........................ [RUN]
[0m05:14:54.356639 [debug] [Thread-4 (]: Re-using an available connection from the pool (formerly test.portvessel.not_null_mart_port_congestion_metric_date.7325c852e2, now test.portvessel.not_null_mart_port_congestion_port_id.85d8a4aa79)
[0m05:14:54.356639 [debug] [Thread-4 (]: Began compiling node test.portvessel.not_null_mart_port_congestion_port_id.85d8a4aa79
[0m05:14:54.361643 [debug] [Thread-4 (]: Writing injected SQL for node "test.portvessel.not_null_mart_port_congestion_port_id.85d8a4aa79"
[0m05:14:54.362645 [debug] [Thread-4 (]: Began executing node test.portvessel.not_null_mart_port_congestion_port_id.85d8a4aa79
[0m05:14:54.363645 [debug] [Thread-4 (]: Writing runtime sql for node "test.portvessel.not_null_mart_port_congestion_port_id.85d8a4aa79"
[0m05:14:54.364848 [debug] [Thread-4 (]: On test.portvessel.not_null_mart_port_congestion_port_id.85d8a4aa79: /* {"app": "dbt", "dbt_version": "1.12.3", "profile_name": "portvessel", "target_name": "dev", "node_id": "test.portvessel.not_null_mart_port_congestion_port_id.85d8a4aa79"} */

    
    select
      count(*) as failures,
      count(*) != 0 as should_warn,
      count(*) != 0 as should_error
    from (
      
    
  
    
    



select port_id
from `cloudprojects-506123`.`portvessel_dev_marts`.`mart_port_congestion`
where port_id is null



  
  
      
    ) dbt_internal_test
[0m05:14:54.364848 [debug] [Thread-4 (]: Opening a new connection, currently in state closed
[0m05:14:54.397184 [info ] [Thread-3 (]: 3 of 8 PASS not_null_mart_port_congestion_anchorage_call_rate .................. [[32mPASS[0m in 1.13s]
[0m05:14:54.398185 [debug] [Thread-3 (]: Finished running node test.portvessel.not_null_mart_port_congestion_anchorage_call_rate.f16ef228d1
[0m05:14:54.398185 [debug] [Thread-3 (]: Began running node test.portvessel.not_null_mart_vessel_risk_mmsi.b745f77b30
[0m05:14:54.399185 [info ] [Thread-3 (]: 6 of 8 START test not_null_mart_vessel_risk_mmsi ............................... [RUN]
[0m05:14:54.399185 [debug] [Thread-3 (]: Re-using an available connection from the pool (formerly test.portvessel.not_null_mart_port_congestion_anchorage_call_rate.f16ef228d1, now test.portvessel.not_null_mart_vessel_risk_mmsi.b745f77b30)
[0m05:14:54.399185 [debug] [Thread-3 (]: Began compiling node test.portvessel.not_null_mart_vessel_risk_mmsi.b745f77b30
[0m05:14:54.404184 [debug] [Thread-3 (]: Writing injected SQL for node "test.portvessel.not_null_mart_vessel_risk_mmsi.b745f77b30"
[0m05:14:54.405186 [debug] [Thread-3 (]: Began executing node test.portvessel.not_null_mart_vessel_risk_mmsi.b745f77b30
[0m05:14:54.406185 [debug] [Thread-3 (]: Writing runtime sql for node "test.portvessel.not_null_mart_vessel_risk_mmsi.b745f77b30"
[0m05:14:54.407184 [debug] [Thread-3 (]: On test.portvessel.not_null_mart_vessel_risk_mmsi.b745f77b30: /* {"app": "dbt", "dbt_version": "1.12.3", "profile_name": "portvessel", "target_name": "dev", "node_id": "test.portvessel.not_null_mart_vessel_risk_mmsi.b745f77b30"} */

    
    select
      count(*) as failures,
      count(*) != 0 as should_warn,
      count(*) != 0 as should_error
    from (
      
    
  
    
    



select mmsi
from `cloudprojects-506123`.`portvessel_dev_marts`.`mart_vessel_risk`
where mmsi is null



  
  
      
    ) dbt_internal_test
[0m05:14:54.407184 [debug] [Thread-3 (]: Opening a new connection, currently in state closed
[0m05:14:54.426183 [info ] [Thread-2 (]: 2 of 8 PASS dbt_utils_expression_is_true_mart_vessel_risk_anchorage_call_rate__between_0_and_1  [[32mPASS[0m in 1.16s]
[0m05:14:54.427182 [debug] [Thread-2 (]: Finished running node test.portvessel.dbt_utils_expression_is_true_mart_vessel_risk_anchorage_call_rate__between_0_and_1.a744c8ae33
[0m05:14:54.427182 [debug] [Thread-2 (]: Began running node test.portvessel.not_null_mart_vessel_risk_operational_flag.27efd1e7dd
[0m05:14:54.428183 [info ] [Thread-2 (]: 7 of 8 START test not_null_mart_vessel_risk_operational_flag ................... [RUN]
[0m05:14:54.428183 [debug] [Thread-2 (]: Re-using an available connection from the pool (formerly test.portvessel.dbt_utils_expression_is_true_mart_vessel_risk_anchorage_call_rate__between_0_and_1.a744c8ae33, now test.portvessel.not_null_mart_vessel_risk_operational_flag.27efd1e7dd)
[0m05:14:54.428183 [debug] [Thread-2 (]: Began compiling node test.portvessel.not_null_mart_vessel_risk_operational_flag.27efd1e7dd
[0m05:14:54.433182 [debug] [Thread-2 (]: Writing injected SQL for node "test.portvessel.not_null_mart_vessel_risk_operational_flag.27efd1e7dd"
[0m05:14:54.434184 [debug] [Thread-2 (]: Began executing node test.portvessel.not_null_mart_vessel_risk_operational_flag.27efd1e7dd
[0m05:14:54.435183 [debug] [Thread-2 (]: Writing runtime sql for node "test.portvessel.not_null_mart_vessel_risk_operational_flag.27efd1e7dd"
[0m05:14:54.436183 [debug] [Thread-2 (]: On test.portvessel.not_null_mart_vessel_risk_operational_flag.27efd1e7dd: /* {"app": "dbt", "dbt_version": "1.12.3", "profile_name": "portvessel", "target_name": "dev", "node_id": "test.portvessel.not_null_mart_vessel_risk_operational_flag.27efd1e7dd"} */

    
    select
      count(*) as failures,
      count(*) != 0 as should_warn,
      count(*) != 0 as should_error
    from (
      
    
  
    
    



select operational_flag
from `cloudprojects-506123`.`portvessel_dev_marts`.`mart_vessel_risk`
where operational_flag is null



  
  
      
    ) dbt_internal_test
[0m05:14:54.436183 [debug] [Thread-2 (]: Opening a new connection, currently in state closed
[0m05:14:54.481187 [info ] [Thread-1 (]: 1 of 8 PASS dbt_utils_expression_is_true_mart_port_congestion_anchorage_call_rate__between_0_and_1  [[32mPASS[0m in 1.22s]
[0m05:14:54.482185 [debug] [Thread-1 (]: Finished running node test.portvessel.dbt_utils_expression_is_true_mart_port_congestion_anchorage_call_rate__between_0_and_1.69e0fdf065
[0m05:14:54.482185 [debug] [Thread-1 (]: Began running node test.portvessel.unique_mart_vessel_risk_mmsi.4f85864568
[0m05:14:54.483350 [info ] [Thread-1 (]: 8 of 8 START test unique_mart_vessel_risk_mmsi ................................. [RUN]
[0m05:14:54.483350 [debug] [Thread-1 (]: Re-using an available connection from the pool (formerly test.portvessel.dbt_utils_expression_is_true_mart_port_congestion_anchorage_call_rate__between_0_and_1.69e0fdf065, now test.portvessel.unique_mart_vessel_risk_mmsi.4f85864568)
[0m05:14:54.483350 [debug] [Thread-1 (]: Began compiling node test.portvessel.unique_mart_vessel_risk_mmsi.4f85864568
[0m05:14:54.489857 [debug] [Thread-1 (]: Writing injected SQL for node "test.portvessel.unique_mart_vessel_risk_mmsi.4f85864568"
[0m05:14:54.490856 [debug] [Thread-1 (]: Began executing node test.portvessel.unique_mart_vessel_risk_mmsi.4f85864568
[0m05:14:54.491856 [debug] [Thread-1 (]: Writing runtime sql for node "test.portvessel.unique_mart_vessel_risk_mmsi.4f85864568"
[0m05:14:54.491856 [debug] [Thread-1 (]: On test.portvessel.unique_mart_vessel_risk_mmsi.4f85864568: /* {"app": "dbt", "dbt_version": "1.12.3", "profile_name": "portvessel", "target_name": "dev", "node_id": "test.portvessel.unique_mart_vessel_risk_mmsi.4f85864568"} */

    
    select
      count(*) as failures,
      count(*) != 0 as should_warn,
      count(*) != 0 as should_error
    from (
      
    
  
    
    

with dbt_test__target as (

  select mmsi as unique_field
  from `cloudprojects-506123`.`portvessel_dev_marts`.`mart_vessel_risk`
  where mmsi is not null

)

select
    unique_field,
    count(*) as n_records

from dbt_test__target
group by unique_field
having count(*) > 1



  
  
      
    ) dbt_internal_test
[0m05:14:54.492857 [debug] [Thread-1 (]: Opening a new connection, currently in state closed
[0m05:14:54.991993 [debug] [Thread-3 (]: BigQuery adapter: https://console.cloud.google.com/bigquery?project=cloudprojects-506123&j=bq:europe-west3:13620945-961c-49d1-b77c-c2dcd5ac0d50&page=queryresults
[0m05:14:54.992992 [debug] [Thread-4 (]: BigQuery adapter: https://console.cloud.google.com/bigquery?project=cloudprojects-506123&j=bq:europe-west3:f160d1a2-09af-49ea-b6c1-3636b1acf174&page=queryresults
[0m05:14:55.071281 [debug] [Thread-2 (]: BigQuery adapter: https://console.cloud.google.com/bigquery?project=cloudprojects-506123&j=bq:europe-west3:6155ecdf-d6ac-478c-94aa-1cb7e27ab24d&page=queryresults
[0m05:14:55.083338 [debug] [Thread-4 (]: SQL status: OK in 0.090 seconds
[0m05:14:55.122329 [debug] [Thread-1 (]: BigQuery adapter: https://console.cloud.google.com/bigquery?project=cloudprojects-506123&j=bq:europe-west3:917738e2-4af7-48cc-b7e3-2c992418c345&page=queryresults
[0m05:14:55.145535 [debug] [Thread-3 (]: SQL status: OK in 0.153 seconds
[0m05:14:55.185570 [debug] [Thread-2 (]: SQL status: OK in 0.114 seconds
[0m05:14:55.201078 [debug] [Thread-1 (]: SQL status: OK in 0.079 seconds
[0m05:14:55.270776 [info ] [Thread-4 (]: 5 of 8 PASS not_null_mart_port_congestion_port_id .............................. [[32mPASS[0m in 0.91s]
[0m05:14:55.271774 [debug] [Thread-4 (]: Finished running node test.portvessel.not_null_mart_port_congestion_port_id.85d8a4aa79
[0m05:14:55.387548 [info ] [Thread-3 (]: 6 of 8 PASS not_null_mart_vessel_risk_mmsi ..................................... [[32mPASS[0m in 0.99s]
[0m05:14:55.387548 [debug] [Thread-3 (]: Finished running node test.portvessel.not_null_mart_vessel_risk_mmsi.b745f77b30
[0m05:14:55.405022 [info ] [Thread-2 (]: 7 of 8 PASS not_null_mart_vessel_risk_operational_flag ......................... [[32mPASS[0m in 0.98s]
[0m05:14:55.405022 [debug] [Thread-2 (]: Finished running node test.portvessel.not_null_mart_vessel_risk_operational_flag.27efd1e7dd
[0m05:14:55.436056 [info ] [Thread-1 (]: 8 of 8 PASS unique_mart_vessel_risk_mmsi ....................................... [[32mPASS[0m in 0.95s]
[0m05:14:55.437575 [debug] [Thread-1 (]: Finished running node test.portvessel.unique_mart_vessel_risk_mmsi.4f85864568
[0m05:14:55.438581 [debug] [MainThread]: Opening a new connection, currently in state closed
[0m05:14:55.438581 [debug] [MainThread]: Connection 'master' was properly closed.
[0m05:14:55.439581 [debug] [MainThread]: Connection 'list_cloudprojects-506123_portvessel_dev_marts' was properly closed.
[0m05:14:55.439581 [debug] [MainThread]: Connection 'test.portvessel.unique_mart_vessel_risk_mmsi.4f85864568' was properly closed.
[0m05:14:55.439581 [debug] [MainThread]: Connection 'test.portvessel.not_null_mart_vessel_risk_operational_flag.27efd1e7dd' was properly closed.
[0m05:14:55.439581 [debug] [MainThread]: Connection 'test.portvessel.not_null_mart_vessel_risk_mmsi.b745f77b30' was properly closed.
[0m05:14:55.439581 [debug] [MainThread]: Connection 'test.portvessel.not_null_mart_port_congestion_port_id.85d8a4aa79' was properly closed.
[0m05:14:55.440584 [info ] [MainThread]: 
[0m05:14:55.440584 [info ] [MainThread]: Finished running 8 data tests in 0 hours 0 minutes and 3.78 seconds (3.78s).
[0m05:14:55.442582 [debug] [MainThread]: Command end result
[0m05:14:55.477164 [debug] [MainThread]: Wrote artifact WritableManifest to C:\Users\magic\Projects\PortVessel-lakehouse\dbt\target\manifest.json
[0m05:14:55.479166 [debug] [MainThread]: Wrote artifact SemanticManifest to C:\Users\magic\Projects\PortVessel-lakehouse\dbt\target\semantic_manifest.json
[0m05:14:55.482165 [debug] [MainThread]: Wrote artifact OsiDocument to C:\Users\magic\Projects\PortVessel-lakehouse\dbt\target\osi_document.json
[0m05:14:55.487674 [debug] [MainThread]: Wrote artifact RunExecutionResult to C:\Users\magic\Projects\PortVessel-lakehouse\dbt\target\run_results.json
[0m05:14:55.487674 [info ] [MainThread]: 
[0m05:14:55.487674 [info ] [MainThread]: [32mCompleted successfully[0m
[0m05:14:55.488679 [info ] [MainThread]: 
[0m05:14:55.488679 [info ] [MainThread]: Done. PASS=8 WARN=0 ERROR=0 SKIP=0 NO-OP=0 REUSED=0 TOTAL=8
[0m05:14:55.489679 [warn ] [MainThread]: [[33mWARNING[0m][DeprecationsSummary]: Deprecated functionality
Summary of encountered deprecations:
- PropertyMovedToConfigDeprecation: 5 occurrences
- MissingArgumentsPropertyInGenericTestDeprecation: 2 occurrences
To see all deprecation instances instead of just the first occurrence of each,
run command again with the `--show-all-deprecations` flag. You may also need to
run with `--no-partial-parse` as some deprecations are only encountered during
parsing.
[0m05:14:55.489679 [debug] [MainThread]: Command `dbt test` succeeded at 05:14:55.489679 after 7.16 seconds
[0m05:14:55.490678 [debug] [MainThread]: Sending event: {'category': 'dbt', 'action': 'invocation', 'label': 'end', 'context': [<snowplow_tracker.self_describing_json.SelfDescribingJson object at 0x0000025207D21B20>, <snowplow_tracker.self_describing_json.SelfDescribingJson object at 0x0000025241121790>, <snowplow_tracker.self_describing_json.SelfDescribingJson object at 0x0000025241123C50>]}
[0m05:14:55.490678 [debug] [MainThread]: Flushing usage events
[0m05:14:56.133737 [debug] [MainThread]: An error was encountered while trying to flush usage events
[0m05:15:08.636484 [debug] [MainThread]: Sending event: {'category': 'dbt', 'action': 'invocation', 'label': 'start', 'context': [<snowplow_tracker.self_describing_json.SelfDescribingJson object at 0x00000239648119D0>, <snowplow_tracker.self_describing_json.SelfDescribingJson object at 0x0000023966F80F20>, <snowplow_tracker.self_describing_json.SelfDescribingJson object at 0x0000023966475700>]}


============================== 05:15:08.639484 | ab1fa61d-4cee-4c92-9b44-5a5e872d8065 ==============================
[0m05:15:08.639484 [info ] [MainThread]: Running with dbt=1.12.3
[0m05:15:08.639484 [debug] [MainThread]: running dbt with arguments {'maximum_seed_size_mib': '1', 'no_print': 'None', 'version_check': 'True', 'target_path': 'None', 'static_parser': 'True', 'warn_error_options': 'WarnErrorOptionsV2(error=[], warn=[], silence=[])', 'printer_width': '80', 'write_json': 'True', 'introspect': 'True', 'log_cache_events': 'False', 'empty': 'False', 'cache_selected_only': 'False', 'fail_fast': 'False', 'debug': 'False', 'log_format': 'default', 'profiles_dir': 'C:\\Users\\magic\\Projects\\PortVessel-lakehouse\\dbt', 'send_anonymous_usage_stats': 'True', 'quiet': 'False', 'warn_error': 'None', 'partial_parse': 'True', 'invocation_command': 'dbt build', 'hints_enabled': 'True', 'use_colors': 'True', 'use_experimental_parser': 'False', 'indirect_selection': 'eager', 'log_path': 'C:\\Users\\magic\\Projects\\PortVessel-lakehouse\\dbt\\logs'}
[0m05:15:09.629669 [debug] [MainThread]: Sending event: {'category': 'dbt', 'action': 'project_id', 'label': 'ab1fa61d-4cee-4c92-9b44-5a5e872d8065', 'context': [<snowplow_tracker.self_describing_json.SelfDescribingJson object at 0x0000023964906C90>]}
[0m05:15:09.683006 [debug] [MainThread]: Sending event: {'category': 'dbt', 'action': 'adapter_info', 'label': 'ab1fa61d-4cee-4c92-9b44-5a5e872d8065', 'context': [<snowplow_tracker.self_describing_json.SelfDescribingJson object at 0x0000023966DF2570>]}
[0m05:15:09.683006 [info ] [MainThread]: Registered adapter: bigquery=1.12.0
[0m05:15:10.032000 [debug] [MainThread]: checksum: 5f143da5afd1a6b6298bff390d2cac426bc2fa3cddb0281a2f93c038cc305c8b, vars: {}, profile: portvessel, target: dev, version: 1.12.3
[0m05:15:10.171785 [debug] [MainThread]: Partial parsing enabled: 0 files deleted, 0 files added, 0 files changed.
[0m05:15:10.171785 [debug] [MainThread]: Nothing changed, skipping partial parsing.
[0m05:15:10.171785 [debug] [MainThread]: Partial parsing enabled, no changes found, skipping parsing
[0m05:15:10.178065 [debug] [MainThread]: Sending event: {'category': 'dbt', 'action': 'load_project', 'label': 'ab1fa61d-4cee-4c92-9b44-5a5e872d8065', 'context': [<snowplow_tracker.self_describing_json.SelfDescribingJson object at 0x000002391BE7E390>]}
[0m05:15:10.286738 [debug] [MainThread]: Wrote artifact WritableManifest to C:\Users\magic\Projects\PortVessel-lakehouse\dbt\target\manifest.json
[0m05:15:10.289738 [debug] [MainThread]: Wrote artifact SemanticManifest to C:\Users\magic\Projects\PortVessel-lakehouse\dbt\target\semantic_manifest.json
[0m05:15:10.308957 [debug] [MainThread]: Wrote artifact OsiDocument to C:\Users\magic\Projects\PortVessel-lakehouse\dbt\target\osi_document.json
[0m05:15:10.329164 [debug] [MainThread]: Sending event: {'category': 'dbt', 'action': 'resource_counts', 'label': 'ab1fa61d-4cee-4c92-9b44-5a5e872d8065', 'context': [<snowplow_tracker.self_describing_json.SelfDescribingJson object at 0x000002391C32BA70>]}
[0m05:15:10.330165 [info ] [MainThread]: Found 2 models, 22 data tests, 4 sources, 678 macros
[0m05:15:10.332164 [info ] [MainThread]: 
[0m05:15:10.333166 [info ] [MainThread]: Concurrency: 4 threads (target='dev')
[0m05:15:10.333166 [info ] [MainThread]: 
[0m05:15:10.334164 [debug] [MainThread]: Acquiring new bigquery connection 'master'
[0m05:15:10.337164 [debug] [ThreadPool]: Acquiring new bigquery connection 'list_cloudprojects-506123'
[0m05:15:10.337164 [debug] [ThreadPool]: Opening a new connection, currently in state init
[0m05:15:11.861539 [debug] [ThreadPool]: Acquiring new bigquery connection 'list_cloudprojects-506123_portvessel_dev_marts'
[0m05:15:11.861539 [debug] [ThreadPool]: Opening a new connection, currently in state init
[0m05:15:12.402702 [debug] [MainThread]: Sending event: {'category': 'dbt', 'action': 'runnable_timing', 'label': 'ab1fa61d-4cee-4c92-9b44-5a5e872d8065', 'context': [<snowplow_tracker.self_describing_json.SelfDescribingJson object at 0x000002391C2615B0>]}
[0m05:15:12.403702 [debug] [MainThread]: Opening a new connection, currently in state init
[0m05:15:12.406701 [debug] [Thread-1 (]: Began running node test.portvessel.source_not_null_portvessel_gold_agg_port_congestion_daily_metric_date.48383edd63
[0m05:15:12.407701 [debug] [Thread-2 (]: Began running node test.portvessel.source_not_null_portvessel_gold_agg_port_congestion_daily_port_id.f09a7249f2
[0m05:15:12.407701 [debug] [Thread-3 (]: Began running node test.portvessel.source_not_null_portvessel_gold_fct_anchorage_dwell_anchorage_dwell_id.f53942bfac
[0m05:15:12.408702 [debug] [Thread-4 (]: Began running node test.portvessel.source_not_null_portvessel_gold_fct_anchorage_dwell_entry_observed_at_utc.246bf70a3b
[0m05:15:12.407701 [info ] [Thread-1 (]: 1 of 24 START test source_not_null_portvessel_gold_agg_port_congestion_daily_metric_date  [RUN]
[0m05:15:12.408702 [info ] [Thread-2 (]: 2 of 24 START test source_not_null_portvessel_gold_agg_port_congestion_daily_port_id  [RUN]
[0m05:15:12.408702 [info ] [Thread-3 (]: 3 of 24 START test source_not_null_portvessel_gold_fct_anchorage_dwell_anchorage_dwell_id  [RUN]
[0m05:15:12.409701 [debug] [Thread-1 (]: Acquiring new bigquery connection 'test.portvessel.source_not_null_portvessel_gold_agg_port_congestion_daily_metric_date.48383edd63'
[0m05:15:12.409701 [debug] [Thread-2 (]: Acquiring new bigquery connection 'test.portvessel.source_not_null_portvessel_gold_agg_port_congestion_daily_port_id.f09a7249f2'
[0m05:15:12.409701 [info ] [Thread-4 (]: 4 of 24 START test source_not_null_portvessel_gold_fct_anchorage_dwell_entry_observed_at_utc  [RUN]
[0m05:15:12.410700 [debug] [Thread-3 (]: Acquiring new bigquery connection 'test.portvessel.source_not_null_portvessel_gold_fct_anchorage_dwell_anchorage_dwell_id.f53942bfac'
[0m05:15:12.410700 [debug] [Thread-1 (]: Began compiling node test.portvessel.source_not_null_portvessel_gold_agg_port_congestion_daily_metric_date.48383edd63
[0m05:15:12.410700 [debug] [Thread-2 (]: Began compiling node test.portvessel.source_not_null_portvessel_gold_agg_port_congestion_daily_port_id.f09a7249f2
[0m05:15:12.411701 [debug] [Thread-4 (]: Acquiring new bigquery connection 'test.portvessel.source_not_null_portvessel_gold_fct_anchorage_dwell_entry_observed_at_utc.246bf70a3b'
[0m05:15:12.411701 [debug] [Thread-3 (]: Began compiling node test.portvessel.source_not_null_portvessel_gold_fct_anchorage_dwell_anchorage_dwell_id.f53942bfac
[0m05:15:12.426902 [debug] [Thread-1 (]: Writing injected SQL for node "test.portvessel.source_not_null_portvessel_gold_agg_port_congestion_daily_metric_date.48383edd63"
[0m05:15:12.432904 [debug] [Thread-2 (]: Writing injected SQL for node "test.portvessel.source_not_null_portvessel_gold_agg_port_congestion_daily_port_id.f09a7249f2"
[0m05:15:12.432904 [debug] [Thread-4 (]: Began compiling node test.portvessel.source_not_null_portvessel_gold_fct_anchorage_dwell_entry_observed_at_utc.246bf70a3b
[0m05:15:12.437903 [debug] [Thread-3 (]: Writing injected SQL for node "test.portvessel.source_not_null_portvessel_gold_fct_anchorage_dwell_anchorage_dwell_id.f53942bfac"
[0m05:15:12.441902 [debug] [Thread-4 (]: Writing injected SQL for node "test.portvessel.source_not_null_portvessel_gold_fct_anchorage_dwell_entry_observed_at_utc.246bf70a3b"
[0m05:15:12.442902 [debug] [Thread-1 (]: Began executing node test.portvessel.source_not_null_portvessel_gold_agg_port_congestion_daily_metric_date.48383edd63
[0m05:15:12.457224 [debug] [Thread-1 (]: Writing runtime sql for node "test.portvessel.source_not_null_portvessel_gold_agg_port_congestion_daily_metric_date.48383edd63"
[0m05:15:12.458224 [debug] [Thread-2 (]: Began executing node test.portvessel.source_not_null_portvessel_gold_agg_port_congestion_daily_port_id.f09a7249f2
[0m05:15:12.459225 [debug] [Thread-2 (]: Writing runtime sql for node "test.portvessel.source_not_null_portvessel_gold_agg_port_congestion_daily_port_id.f09a7249f2"
[0m05:15:12.459225 [debug] [Thread-4 (]: Began executing node test.portvessel.source_not_null_portvessel_gold_fct_anchorage_dwell_entry_observed_at_utc.246bf70a3b
[0m05:15:12.460224 [debug] [Thread-1 (]: On test.portvessel.source_not_null_portvessel_gold_agg_port_congestion_daily_metric_date.48383edd63: /* {"app": "dbt", "dbt_version": "1.12.3", "profile_name": "portvessel", "target_name": "dev", "node_id": "test.portvessel.source_not_null_portvessel_gold_agg_port_congestion_daily_metric_date.48383edd63"} */

    
    select
      count(*) as failures,
      count(*) != 0 as should_warn,
      count(*) != 0 as should_error
    from (
      
    
  
    
    



select metric_date
from `cloudprojects-506123`.`portvessel_dev_gold`.`agg_port_congestion_daily`
where metric_date is null



  
  
      
    ) dbt_internal_test
[0m05:15:12.460224 [debug] [Thread-3 (]: Began executing node test.portvessel.source_not_null_portvessel_gold_fct_anchorage_dwell_anchorage_dwell_id.f53942bfac
[0m05:15:12.461227 [debug] [Thread-4 (]: Writing runtime sql for node "test.portvessel.source_not_null_portvessel_gold_fct_anchorage_dwell_entry_observed_at_utc.246bf70a3b"
[0m05:15:12.461227 [debug] [Thread-1 (]: Opening a new connection, currently in state init
[0m05:15:12.463224 [debug] [Thread-3 (]: Writing runtime sql for node "test.portvessel.source_not_null_portvessel_gold_fct_anchorage_dwell_anchorage_dwell_id.f53942bfac"
[0m05:15:12.463224 [debug] [Thread-2 (]: On test.portvessel.source_not_null_portvessel_gold_agg_port_congestion_daily_port_id.f09a7249f2: /* {"app": "dbt", "dbt_version": "1.12.3", "profile_name": "portvessel", "target_name": "dev", "node_id": "test.portvessel.source_not_null_portvessel_gold_agg_port_congestion_daily_port_id.f09a7249f2"} */

    
    select
      count(*) as failures,
      count(*) != 0 as should_warn,
      count(*) != 0 as should_error
    from (
      
    
  
    
    



select port_id
from `cloudprojects-506123`.`portvessel_dev_gold`.`agg_port_congestion_daily`
where port_id is null



  
  
      
    ) dbt_internal_test
[0m05:15:12.464223 [debug] [Thread-2 (]: Opening a new connection, currently in state init
[0m05:15:12.465225 [debug] [Thread-4 (]: On test.portvessel.source_not_null_portvessel_gold_fct_anchorage_dwell_entry_observed_at_utc.246bf70a3b: /* {"app": "dbt", "dbt_version": "1.12.3", "profile_name": "portvessel", "target_name": "dev", "node_id": "test.portvessel.source_not_null_portvessel_gold_fct_anchorage_dwell_entry_observed_at_utc.246bf70a3b"} */

    
    select
      count(*) as failures,
      count(*) != 0 as should_warn,
      count(*) != 0 as should_error
    from (
      
    
  
    
    



select entry_observed_at_utc
from `cloudprojects-506123`.`portvessel_dev_gold`.`fct_anchorage_dwell`
where entry_observed_at_utc is null



  
  
      
    ) dbt_internal_test
[0m05:15:12.466224 [debug] [Thread-4 (]: Opening a new connection, currently in state init
[0m05:15:12.467227 [debug] [Thread-3 (]: On test.portvessel.source_not_null_portvessel_gold_fct_anchorage_dwell_anchorage_dwell_id.f53942bfac: /* {"app": "dbt", "dbt_version": "1.12.3", "profile_name": "portvessel", "target_name": "dev", "node_id": "test.portvessel.source_not_null_portvessel_gold_fct_anchorage_dwell_anchorage_dwell_id.f53942bfac"} */

    
    select
      count(*) as failures,
      count(*) != 0 as should_warn,
      count(*) != 0 as should_error
    from (
      
    
  
    
    



select anchorage_dwell_id
from `cloudprojects-506123`.`portvessel_dev_gold`.`fct_anchorage_dwell`
where anchorage_dwell_id is null



  
  
      
    ) dbt_internal_test
[0m05:15:12.467227 [debug] [Thread-3 (]: Opening a new connection, currently in state init
[0m05:15:13.043971 [debug] [Thread-3 (]: BigQuery adapter: https://console.cloud.google.com/bigquery?project=cloudprojects-506123&j=bq:europe-west3:5e8d8ac0-9d75-4bec-97cd-b01e979b6925&page=queryresults
[0m05:15:13.126568 [debug] [Thread-1 (]: BigQuery adapter: https://console.cloud.google.com/bigquery?project=cloudprojects-506123&j=bq:europe-west3:0a2723f6-f77b-495e-ba19-36528dcf2e4a&page=queryresults
[0m05:15:13.202723 [debug] [Thread-3 (]: SQL status: OK in 0.158 seconds
[0m05:15:13.209870 [debug] [Thread-2 (]: BigQuery adapter: https://console.cloud.google.com/bigquery?project=cloudprojects-506123&j=bq:europe-west3:d2e52374-667d-4b11-b35e-24d541481918&page=queryresults
[0m05:15:13.226867 [debug] [Thread-1 (]: SQL status: OK in 0.100 seconds
[0m05:15:13.256740 [debug] [Thread-4 (]: BigQuery adapter: https://console.cloud.google.com/bigquery?project=cloudprojects-506123&j=bq:europe-west3:c64558ab-67be-4035-b624-3a75a84b73b1&page=queryresults
[0m05:15:13.313460 [debug] [Thread-2 (]: SQL status: OK in 0.103 seconds
[0m05:15:13.409470 [debug] [Thread-4 (]: SQL status: OK in 0.152 seconds
[0m05:15:13.505581 [info ] [Thread-1 (]: 1 of 24 PASS source_not_null_portvessel_gold_agg_port_congestion_daily_metric_date  [[32mPASS[0m in 1.10s]
[0m05:15:13.506586 [debug] [Thread-1 (]: Finished running node test.portvessel.source_not_null_portvessel_gold_agg_port_congestion_daily_metric_date.48383edd63
[0m05:15:13.507582 [debug] [Thread-1 (]: Began running node test.portvessel.source_not_null_portvessel_gold_fct_anchorage_dwell_exit_observed_at_utc.4ce86b2423
[0m05:15:13.508582 [info ] [Thread-2 (]: 2 of 24 PASS source_not_null_portvessel_gold_agg_port_congestion_daily_port_id . [[32mPASS[0m in 1.10s]
[0m05:15:13.509581 [debug] [Thread-2 (]: Finished running node test.portvessel.source_not_null_portvessel_gold_agg_port_congestion_daily_port_id.f09a7249f2
[0m05:15:13.509581 [info ] [Thread-1 (]: 5 of 24 START test source_not_null_portvessel_gold_fct_anchorage_dwell_exit_observed_at_utc  [RUN]
[0m05:15:13.510588 [debug] [Thread-2 (]: Began running node test.portvessel.source_not_null_portvessel_gold_fct_anchorage_dwell_mmsi.22b13e5ded
[0m05:15:13.510588 [debug] [Thread-1 (]: Re-using an available connection from the pool (formerly test.portvessel.source_not_null_portvessel_gold_agg_port_congestion_daily_metric_date.48383edd63, now test.portvessel.source_not_null_portvessel_gold_fct_anchorage_dwell_exit_observed_at_utc.4ce86b2423)
[0m05:15:13.511586 [debug] [Thread-1 (]: Began compiling node test.portvessel.source_not_null_portvessel_gold_fct_anchorage_dwell_exit_observed_at_utc.4ce86b2423
[0m05:15:13.510588 [info ] [Thread-2 (]: 6 of 24 START test source_not_null_portvessel_gold_fct_anchorage_dwell_mmsi .... [RUN]
[0m05:15:13.516585 [debug] [Thread-1 (]: Writing injected SQL for node "test.portvessel.source_not_null_portvessel_gold_fct_anchorage_dwell_exit_observed_at_utc.4ce86b2423"
[0m05:15:13.516585 [debug] [Thread-2 (]: Re-using an available connection from the pool (formerly test.portvessel.source_not_null_portvessel_gold_agg_port_congestion_daily_port_id.f09a7249f2, now test.portvessel.source_not_null_portvessel_gold_fct_anchorage_dwell_mmsi.22b13e5ded)
[0m05:15:13.517583 [debug] [Thread-2 (]: Began compiling node test.portvessel.source_not_null_portvessel_gold_fct_anchorage_dwell_mmsi.22b13e5ded
[0m05:15:13.522583 [debug] [Thread-2 (]: Writing injected SQL for node "test.portvessel.source_not_null_portvessel_gold_fct_anchorage_dwell_mmsi.22b13e5ded"
[0m05:15:13.524582 [debug] [Thread-1 (]: Began executing node test.portvessel.source_not_null_portvessel_gold_fct_anchorage_dwell_exit_observed_at_utc.4ce86b2423
[0m05:15:13.525582 [debug] [Thread-1 (]: Writing runtime sql for node "test.portvessel.source_not_null_portvessel_gold_fct_anchorage_dwell_exit_observed_at_utc.4ce86b2423"
[0m05:15:13.526582 [debug] [Thread-2 (]: Began executing node test.portvessel.source_not_null_portvessel_gold_fct_anchorage_dwell_mmsi.22b13e5ded
[0m05:15:13.527582 [debug] [Thread-2 (]: Writing runtime sql for node "test.portvessel.source_not_null_portvessel_gold_fct_anchorage_dwell_mmsi.22b13e5ded"
[0m05:15:13.527582 [debug] [Thread-1 (]: On test.portvessel.source_not_null_portvessel_gold_fct_anchorage_dwell_exit_observed_at_utc.4ce86b2423: /* {"app": "dbt", "dbt_version": "1.12.3", "profile_name": "portvessel", "target_name": "dev", "node_id": "test.portvessel.source_not_null_portvessel_gold_fct_anchorage_dwell_exit_observed_at_utc.4ce86b2423"} */

    
    select
      count(*) as failures,
      count(*) != 0 as should_warn,
      count(*) != 0 as should_error
    from (
      
    
  
    
    



select exit_observed_at_utc
from `cloudprojects-506123`.`portvessel_dev_gold`.`fct_anchorage_dwell`
where exit_observed_at_utc is null



  
  
      
    ) dbt_internal_test
[0m05:15:13.528585 [debug] [Thread-1 (]: Opening a new connection, currently in state closed
[0m05:15:13.528585 [debug] [Thread-2 (]: On test.portvessel.source_not_null_portvessel_gold_fct_anchorage_dwell_mmsi.22b13e5ded: /* {"app": "dbt", "dbt_version": "1.12.3", "profile_name": "portvessel", "target_name": "dev", "node_id": "test.portvessel.source_not_null_portvessel_gold_fct_anchorage_dwell_mmsi.22b13e5ded"} */

    
    select
      count(*) as failures,
      count(*) != 0 as should_warn,
      count(*) != 0 as should_error
    from (
      
    
  
    
    



select mmsi
from `cloudprojects-506123`.`portvessel_dev_gold`.`fct_anchorage_dwell`
where mmsi is null



  
  
      
    ) dbt_internal_test
[0m05:15:13.529584 [debug] [Thread-2 (]: Opening a new connection, currently in state closed
[0m05:15:13.559866 [info ] [Thread-3 (]: 3 of 24 PASS source_not_null_portvessel_gold_fct_anchorage_dwell_anchorage_dwell_id  [[32mPASS[0m in 1.15s]
[0m05:15:13.559866 [debug] [Thread-3 (]: Finished running node test.portvessel.source_not_null_portvessel_gold_fct_anchorage_dwell_anchorage_dwell_id.f53942bfac
[0m05:15:13.560868 [debug] [Thread-3 (]: Began running node test.portvessel.source_not_null_portvessel_gold_fct_port_call_arrival_observed_at_utc.912518b878
[0m05:15:13.560868 [info ] [Thread-3 (]: 7 of 24 START test source_not_null_portvessel_gold_fct_port_call_arrival_observed_at_utc  [RUN]
[0m05:15:13.561867 [debug] [Thread-3 (]: Re-using an available connection from the pool (formerly test.portvessel.source_not_null_portvessel_gold_fct_anchorage_dwell_anchorage_dwell_id.f53942bfac, now test.portvessel.source_not_null_portvessel_gold_fct_port_call_arrival_observed_at_utc.912518b878)
[0m05:15:13.561867 [debug] [Thread-3 (]: Began compiling node test.portvessel.source_not_null_portvessel_gold_fct_port_call_arrival_observed_at_utc.912518b878
[0m05:15:13.567070 [debug] [Thread-3 (]: Writing injected SQL for node "test.portvessel.source_not_null_portvessel_gold_fct_port_call_arrival_observed_at_utc.912518b878"
[0m05:15:13.568070 [debug] [Thread-3 (]: Began executing node test.portvessel.source_not_null_portvessel_gold_fct_port_call_arrival_observed_at_utc.912518b878
[0m05:15:13.569069 [debug] [Thread-3 (]: Writing runtime sql for node "test.portvessel.source_not_null_portvessel_gold_fct_port_call_arrival_observed_at_utc.912518b878"
[0m05:15:13.570068 [debug] [Thread-3 (]: On test.portvessel.source_not_null_portvessel_gold_fct_port_call_arrival_observed_at_utc.912518b878: /* {"app": "dbt", "dbt_version": "1.12.3", "profile_name": "portvessel", "target_name": "dev", "node_id": "test.portvessel.source_not_null_portvessel_gold_fct_port_call_arrival_observed_at_utc.912518b878"} */

    
    select
      count(*) as failures,
      count(*) != 0 as should_warn,
      count(*) != 0 as should_error
    from (
      
    
  
    
    



select arrival_observed_at_utc
from `cloudprojects-506123`.`portvessel_dev_gold`.`fct_port_call`
where arrival_observed_at_utc is null



  
  
      
    ) dbt_internal_test
[0m05:15:13.571067 [debug] [Thread-3 (]: Opening a new connection, currently in state closed
[0m05:15:13.754474 [info ] [Thread-4 (]: 4 of 24 PASS source_not_null_portvessel_gold_fct_anchorage_dwell_entry_observed_at_utc  [[32mPASS[0m in 1.34s]
[0m05:15:13.755474 [debug] [Thread-4 (]: Finished running node test.portvessel.source_not_null_portvessel_gold_fct_anchorage_dwell_entry_observed_at_utc.246bf70a3b
[0m05:15:13.755474 [debug] [Thread-4 (]: Began running node test.portvessel.source_not_null_portvessel_gold_fct_port_call_mmsi.a3782606f6
[0m05:15:13.755474 [info ] [Thread-4 (]: 8 of 24 START test source_not_null_portvessel_gold_fct_port_call_mmsi .......... [RUN]
[0m05:15:13.756474 [debug] [Thread-4 (]: Re-using an available connection from the pool (formerly test.portvessel.source_not_null_portvessel_gold_fct_anchorage_dwell_entry_observed_at_utc.246bf70a3b, now test.portvessel.source_not_null_portvessel_gold_fct_port_call_mmsi.a3782606f6)
[0m05:15:13.756474 [debug] [Thread-4 (]: Began compiling node test.portvessel.source_not_null_portvessel_gold_fct_port_call_mmsi.a3782606f6
[0m05:15:13.761481 [debug] [Thread-4 (]: Writing injected SQL for node "test.portvessel.source_not_null_portvessel_gold_fct_port_call_mmsi.a3782606f6"
[0m05:15:13.762481 [debug] [Thread-4 (]: Began executing node test.portvessel.source_not_null_portvessel_gold_fct_port_call_mmsi.a3782606f6
[0m05:15:13.764481 [debug] [Thread-4 (]: Writing runtime sql for node "test.portvessel.source_not_null_portvessel_gold_fct_port_call_mmsi.a3782606f6"
[0m05:15:13.764481 [debug] [Thread-4 (]: On test.portvessel.source_not_null_portvessel_gold_fct_port_call_mmsi.a3782606f6: /* {"app": "dbt", "dbt_version": "1.12.3", "profile_name": "portvessel", "target_name": "dev", "node_id": "test.portvessel.source_not_null_portvessel_gold_fct_port_call_mmsi.a3782606f6"} */

    
    select
      count(*) as failures,
      count(*) != 0 as should_warn,
      count(*) != 0 as should_error
    from (
      
    
  
    
    



select mmsi
from `cloudprojects-506123`.`portvessel_dev_gold`.`fct_port_call`
where mmsi is null



  
  
      
    ) dbt_internal_test
[0m05:15:13.765480 [debug] [Thread-4 (]: Opening a new connection, currently in state closed
[0m05:15:14.123202 [debug] [Thread-2 (]: BigQuery adapter: https://console.cloud.google.com/bigquery?project=cloudprojects-506123&j=bq:europe-west3:63c868d9-72b2-4dc2-bf58-f556d01372f4&page=queryresults
[0m05:15:14.159432 [debug] [Thread-3 (]: BigQuery adapter: https://console.cloud.google.com/bigquery?project=cloudprojects-506123&j=bq:europe-west3:e7bf8017-9cc1-48a0-b44d-a9b7c63d4f3d&page=queryresults
[0m05:15:14.178741 [debug] [Thread-1 (]: BigQuery adapter: https://console.cloud.google.com/bigquery?project=cloudprojects-506123&j=bq:europe-west3:74fdb9c7-f276-4176-9111-cf0e3cf795cd&page=queryresults
[0m05:15:14.242213 [debug] [Thread-3 (]: SQL status: OK in 0.083 seconds
[0m05:15:14.252214 [debug] [Thread-1 (]: SQL status: OK in 0.073 seconds
[0m05:15:14.266879 [debug] [Thread-2 (]: SQL status: OK in 0.144 seconds
[0m05:15:14.383973 [debug] [Thread-4 (]: BigQuery adapter: https://console.cloud.google.com/bigquery?project=cloudprojects-506123&j=bq:europe-west3:8b21d528-e566-4d0c-a92c-e6b4564987ae&page=queryresults
[0m05:15:14.399531 [info ] [Thread-1 (]: 5 of 24 PASS source_not_null_portvessel_gold_fct_anchorage_dwell_exit_observed_at_utc  [[32mPASS[0m in 0.89s]
[0m05:15:14.400531 [debug] [Thread-1 (]: Finished running node test.portvessel.source_not_null_portvessel_gold_fct_anchorage_dwell_exit_observed_at_utc.4ce86b2423
[0m05:15:14.400531 [debug] [Thread-1 (]: Began running node test.portvessel.source_not_null_portvessel_gold_fct_port_call_port_call_id.7a5ddefa85
[0m05:15:14.400531 [info ] [Thread-1 (]: 9 of 24 START test source_not_null_portvessel_gold_fct_port_call_port_call_id .. [RUN]
[0m05:15:14.402036 [debug] [Thread-1 (]: Re-using an available connection from the pool (formerly test.portvessel.source_not_null_portvessel_gold_fct_anchorage_dwell_exit_observed_at_utc.4ce86b2423, now test.portvessel.source_not_null_portvessel_gold_fct_port_call_port_call_id.7a5ddefa85)
[0m05:15:14.402036 [debug] [Thread-1 (]: Began compiling node test.portvessel.source_not_null_portvessel_gold_fct_port_call_port_call_id.7a5ddefa85
[0m05:15:14.407195 [debug] [Thread-1 (]: Writing injected SQL for node "test.portvessel.source_not_null_portvessel_gold_fct_port_call_port_call_id.7a5ddefa85"
[0m05:15:14.408196 [debug] [Thread-1 (]: Began executing node test.portvessel.source_not_null_portvessel_gold_fct_port_call_port_call_id.7a5ddefa85
[0m05:15:14.409196 [debug] [Thread-1 (]: Writing runtime sql for node "test.portvessel.source_not_null_portvessel_gold_fct_port_call_port_call_id.7a5ddefa85"
[0m05:15:14.410194 [debug] [Thread-1 (]: On test.portvessel.source_not_null_portvessel_gold_fct_port_call_port_call_id.7a5ddefa85: /* {"app": "dbt", "dbt_version": "1.12.3", "profile_name": "portvessel", "target_name": "dev", "node_id": "test.portvessel.source_not_null_portvessel_gold_fct_port_call_port_call_id.7a5ddefa85"} */

    
    select
      count(*) as failures,
      count(*) != 0 as should_warn,
      count(*) != 0 as should_error
    from (
      
    
  
    
    



select port_call_id
from `cloudprojects-506123`.`portvessel_dev_gold`.`fct_port_call`
where port_call_id is null



  
  
      
    ) dbt_internal_test
[0m05:15:14.410194 [debug] [Thread-1 (]: Opening a new connection, currently in state closed
[0m05:15:14.499060 [info ] [Thread-3 (]: 7 of 24 PASS source_not_null_portvessel_gold_fct_port_call_arrival_observed_at_utc  [[32mPASS[0m in 0.94s]
[0m05:15:14.500059 [debug] [Thread-3 (]: Finished running node test.portvessel.source_not_null_portvessel_gold_fct_port_call_arrival_observed_at_utc.912518b878
[0m05:15:14.500059 [debug] [Thread-3 (]: Began running node test.portvessel.source_not_null_portvessel_gold_vessel_operational_risk_flags_mmsi.5de8d6a52f
[0m05:15:14.500059 [info ] [Thread-3 (]: 10 of 24 START test source_not_null_portvessel_gold_vessel_operational_risk_flags_mmsi  [RUN]
[0m05:15:14.501057 [debug] [Thread-3 (]: Re-using an available connection from the pool (formerly test.portvessel.source_not_null_portvessel_gold_fct_port_call_arrival_observed_at_utc.912518b878, now test.portvessel.source_not_null_portvessel_gold_vessel_operational_risk_flags_mmsi.5de8d6a52f)
[0m05:15:14.501057 [debug] [Thread-3 (]: Began compiling node test.portvessel.source_not_null_portvessel_gold_vessel_operational_risk_flags_mmsi.5de8d6a52f
[0m05:15:14.506569 [debug] [Thread-3 (]: Writing injected SQL for node "test.portvessel.source_not_null_portvessel_gold_vessel_operational_risk_flags_mmsi.5de8d6a52f"
[0m05:15:14.507569 [debug] [Thread-3 (]: Began executing node test.portvessel.source_not_null_portvessel_gold_vessel_operational_risk_flags_mmsi.5de8d6a52f
[0m05:15:14.508570 [debug] [Thread-3 (]: Writing runtime sql for node "test.portvessel.source_not_null_portvessel_gold_vessel_operational_risk_flags_mmsi.5de8d6a52f"
[0m05:15:14.509568 [debug] [Thread-4 (]: SQL status: OK in 0.125 seconds
[0m05:15:14.509568 [debug] [Thread-3 (]: On test.portvessel.source_not_null_portvessel_gold_vessel_operational_risk_flags_mmsi.5de8d6a52f: /* {"app": "dbt", "dbt_version": "1.12.3", "profile_name": "portvessel", "target_name": "dev", "node_id": "test.portvessel.source_not_null_portvessel_gold_vessel_operational_risk_flags_mmsi.5de8d6a52f"} */

    
    select
      count(*) as failures,
      count(*) != 0 as should_warn,
      count(*) != 0 as should_error
    from (
      
    
  
    
    



select mmsi
from `cloudprojects-506123`.`portvessel_dev_gold`.`vessel_operational_risk_flags`
where mmsi is null



  
  
      
    ) dbt_internal_test
[0m05:15:14.510569 [debug] [Thread-3 (]: Opening a new connection, currently in state closed
[0m05:15:14.548673 [info ] [Thread-2 (]: 6 of 24 PASS source_not_null_portvessel_gold_fct_anchorage_dwell_mmsi .......... [[32mPASS[0m in 1.03s]
[0m05:15:14.549674 [debug] [Thread-2 (]: Finished running node test.portvessel.source_not_null_portvessel_gold_fct_anchorage_dwell_mmsi.22b13e5ded
[0m05:15:14.549674 [debug] [Thread-2 (]: Began running node test.portvessel.source_not_null_portvessel_gold_vessel_operational_risk_flags_operational_flag.0da4b168a1
[0m05:15:14.550675 [info ] [Thread-2 (]: 11 of 24 START test source_not_null_portvessel_gold_vessel_operational_risk_flags_operational_flag  [RUN]
[0m05:15:14.550675 [debug] [Thread-2 (]: Re-using an available connection from the pool (formerly test.portvessel.source_not_null_portvessel_gold_fct_anchorage_dwell_mmsi.22b13e5ded, now test.portvessel.source_not_null_portvessel_gold_vessel_operational_risk_flags_operational_flag.0da4b168a1)
[0m05:15:14.550675 [debug] [Thread-2 (]: Began compiling node test.portvessel.source_not_null_portvessel_gold_vessel_operational_risk_flags_operational_flag.0da4b168a1
[0m05:15:14.556022 [debug] [Thread-2 (]: Writing injected SQL for node "test.portvessel.source_not_null_portvessel_gold_vessel_operational_risk_flags_operational_flag.0da4b168a1"
[0m05:15:14.557023 [debug] [Thread-2 (]: Began executing node test.portvessel.source_not_null_portvessel_gold_vessel_operational_risk_flags_operational_flag.0da4b168a1
[0m05:15:14.558022 [debug] [Thread-2 (]: Writing runtime sql for node "test.portvessel.source_not_null_portvessel_gold_vessel_operational_risk_flags_operational_flag.0da4b168a1"
[0m05:15:14.559023 [debug] [Thread-2 (]: On test.portvessel.source_not_null_portvessel_gold_vessel_operational_risk_flags_operational_flag.0da4b168a1: /* {"app": "dbt", "dbt_version": "1.12.3", "profile_name": "portvessel", "target_name": "dev", "node_id": "test.portvessel.source_not_null_portvessel_gold_vessel_operational_risk_flags_operational_flag.0da4b168a1"} */

    
    select
      count(*) as failures,
      count(*) != 0 as should_warn,
      count(*) != 0 as should_error
    from (
      
    
  
    
    



select operational_flag
from `cloudprojects-506123`.`portvessel_dev_gold`.`vessel_operational_risk_flags`
where operational_flag is null



  
  
      
    ) dbt_internal_test
[0m05:15:14.560022 [debug] [Thread-2 (]: Opening a new connection, currently in state closed
[0m05:15:14.813591 [info ] [Thread-4 (]: 8 of 24 PASS source_not_null_portvessel_gold_fct_port_call_mmsi ................ [[32mPASS[0m in 1.06s]
[0m05:15:14.813591 [debug] [Thread-4 (]: Finished running node test.portvessel.source_not_null_portvessel_gold_fct_port_call_mmsi.a3782606f6
[0m05:15:14.814593 [debug] [Thread-4 (]: Began running node test.portvessel.source_unique_portvessel_gold_fct_anchorage_dwell_anchorage_dwell_id.c6b3ee12e6
[0m05:15:14.814593 [info ] [Thread-4 (]: 12 of 24 START test source_unique_portvessel_gold_fct_anchorage_dwell_anchorage_dwell_id  [RUN]
[0m05:15:14.815592 [debug] [Thread-4 (]: Re-using an available connection from the pool (formerly test.portvessel.source_not_null_portvessel_gold_fct_port_call_mmsi.a3782606f6, now test.portvessel.source_unique_portvessel_gold_fct_anchorage_dwell_anchorage_dwell_id.c6b3ee12e6)
[0m05:15:14.815592 [debug] [Thread-4 (]: Began compiling node test.portvessel.source_unique_portvessel_gold_fct_anchorage_dwell_anchorage_dwell_id.c6b3ee12e6
[0m05:15:14.821591 [debug] [Thread-4 (]: Writing injected SQL for node "test.portvessel.source_unique_portvessel_gold_fct_anchorage_dwell_anchorage_dwell_id.c6b3ee12e6"
[0m05:15:14.822592 [debug] [Thread-4 (]: Began executing node test.portvessel.source_unique_portvessel_gold_fct_anchorage_dwell_anchorage_dwell_id.c6b3ee12e6
[0m05:15:14.823597 [debug] [Thread-4 (]: Writing runtime sql for node "test.portvessel.source_unique_portvessel_gold_fct_anchorage_dwell_anchorage_dwell_id.c6b3ee12e6"
[0m05:15:14.824823 [debug] [Thread-4 (]: On test.portvessel.source_unique_portvessel_gold_fct_anchorage_dwell_anchorage_dwell_id.c6b3ee12e6: /* {"app": "dbt", "dbt_version": "1.12.3", "profile_name": "portvessel", "target_name": "dev", "node_id": "test.portvessel.source_unique_portvessel_gold_fct_anchorage_dwell_anchorage_dwell_id.c6b3ee12e6"} */

    
    select
      count(*) as failures,
      count(*) != 0 as should_warn,
      count(*) != 0 as should_error
    from (
      
    
  
    
    

with dbt_test__target as (

  select anchorage_dwell_id as unique_field
  from `cloudprojects-506123`.`portvessel_dev_gold`.`fct_anchorage_dwell`
  where anchorage_dwell_id is not null

)

select
    unique_field,
    count(*) as n_records

from dbt_test__target
group by unique_field
having count(*) > 1



  
  
      
    ) dbt_internal_test
[0m05:15:14.825824 [debug] [Thread-4 (]: Opening a new connection, currently in state closed
[0m05:15:14.958087 [debug] [Thread-1 (]: BigQuery adapter: https://console.cloud.google.com/bigquery?project=cloudprojects-506123&j=bq:europe-west3:fcd4bf18-d387-440c-b39c-e8203657cbe3&page=queryresults
[0m05:15:15.049521 [debug] [Thread-1 (]: SQL status: OK in 0.091 seconds
[0m05:15:15.065681 [debug] [Thread-2 (]: BigQuery adapter: https://console.cloud.google.com/bigquery?project=cloudprojects-506123&j=bq:europe-west3:313a882c-23f2-44f2-b7c8-b83b56370d89&page=queryresults
[0m05:15:15.127129 [debug] [Thread-3 (]: BigQuery adapter: https://console.cloud.google.com/bigquery?project=cloudprojects-506123&j=bq:europe-west3:eb0d45e7-ab2e-40c7-9afc-2cc0eb5eadda&page=queryresults
[0m05:15:15.144160 [debug] [Thread-2 (]: SQL status: OK in 0.078 seconds
[0m05:15:15.225153 [debug] [Thread-3 (]: SQL status: OK in 0.097 seconds
[0m05:15:15.232321 [info ] [Thread-1 (]: 9 of 24 PASS source_not_null_portvessel_gold_fct_port_call_port_call_id ........ [[32mPASS[0m in 0.83s]
[0m05:15:15.232321 [debug] [Thread-1 (]: Finished running node test.portvessel.source_not_null_portvessel_gold_fct_port_call_port_call_id.7a5ddefa85
[0m05:15:15.233323 [debug] [Thread-1 (]: Began running node test.portvessel.source_unique_portvessel_gold_fct_port_call_port_call_id.953d20cae7
[0m05:15:15.233323 [info ] [Thread-1 (]: 13 of 24 START test source_unique_portvessel_gold_fct_port_call_port_call_id ... [RUN]
[0m05:15:15.233323 [debug] [Thread-1 (]: Re-using an available connection from the pool (formerly test.portvessel.source_not_null_portvessel_gold_fct_port_call_port_call_id.7a5ddefa85, now test.portvessel.source_unique_portvessel_gold_fct_port_call_port_call_id.953d20cae7)
[0m05:15:15.234321 [debug] [Thread-1 (]: Began compiling node test.portvessel.source_unique_portvessel_gold_fct_port_call_port_call_id.953d20cae7
[0m05:15:15.238321 [debug] [Thread-1 (]: Writing injected SQL for node "test.portvessel.source_unique_portvessel_gold_fct_port_call_port_call_id.953d20cae7"
[0m05:15:15.239321 [debug] [Thread-1 (]: Began executing node test.portvessel.source_unique_portvessel_gold_fct_port_call_port_call_id.953d20cae7
[0m05:15:15.240322 [debug] [Thread-1 (]: Writing runtime sql for node "test.portvessel.source_unique_portvessel_gold_fct_port_call_port_call_id.953d20cae7"
[0m05:15:15.242322 [debug] [Thread-1 (]: On test.portvessel.source_unique_portvessel_gold_fct_port_call_port_call_id.953d20cae7: /* {"app": "dbt", "dbt_version": "1.12.3", "profile_name": "portvessel", "target_name": "dev", "node_id": "test.portvessel.source_unique_portvessel_gold_fct_port_call_port_call_id.953d20cae7"} */

    
    select
      count(*) as failures,
      count(*) != 0 as should_warn,
      count(*) != 0 as should_error
    from (
      
    
  
    
    

with dbt_test__target as (

  select port_call_id as unique_field
  from `cloudprojects-506123`.`portvessel_dev_gold`.`fct_port_call`
  where port_call_id is not null

)

select
    unique_field,
    count(*) as n_records

from dbt_test__target
group by unique_field
having count(*) > 1



  
  
      
    ) dbt_internal_test
[0m05:15:15.242322 [debug] [Thread-1 (]: Opening a new connection, currently in state closed
[0m05:15:15.330280 [debug] [Thread-4 (]: BigQuery adapter: https://console.cloud.google.com/bigquery?project=cloudprojects-506123&j=bq:europe-west3:9dbc0918-5215-4e5f-8cb7-b1750de26f8e&page=queryresults
[0m05:15:15.402027 [debug] [Thread-4 (]: SQL status: OK in 0.071 seconds
[0m05:15:15.418033 [info ] [Thread-2 (]: 11 of 24 PASS source_not_null_portvessel_gold_vessel_operational_risk_flags_operational_flag  [[32mPASS[0m in 0.87s]
[0m05:15:15.419033 [debug] [Thread-2 (]: Finished running node test.portvessel.source_not_null_portvessel_gold_vessel_operational_risk_flags_operational_flag.0da4b168a1
[0m05:15:15.419033 [debug] [Thread-2 (]: Began running node test.portvessel.source_unique_portvessel_gold_vessel_operational_risk_flags_mmsi.2659b8de7c
[0m05:15:15.420037 [info ] [Thread-2 (]: 14 of 24 START test source_unique_portvessel_gold_vessel_operational_risk_flags_mmsi  [RUN]
[0m05:15:15.420037 [debug] [Thread-2 (]: Re-using an available connection from the pool (formerly test.portvessel.source_not_null_portvessel_gold_vessel_operational_risk_flags_operational_flag.0da4b168a1, now test.portvessel.source_unique_portvessel_gold_vessel_operational_risk_flags_mmsi.2659b8de7c)
[0m05:15:15.420037 [debug] [Thread-2 (]: Began compiling node test.portvessel.source_unique_portvessel_gold_vessel_operational_risk_flags_mmsi.2659b8de7c
[0m05:15:15.426224 [debug] [Thread-2 (]: Writing injected SQL for node "test.portvessel.source_unique_portvessel_gold_vessel_operational_risk_flags_mmsi.2659b8de7c"
[0m05:15:15.427224 [debug] [Thread-2 (]: Began executing node test.portvessel.source_unique_portvessel_gold_vessel_operational_risk_flags_mmsi.2659b8de7c
[0m05:15:15.428227 [debug] [Thread-2 (]: Writing runtime sql for node "test.portvessel.source_unique_portvessel_gold_vessel_operational_risk_flags_mmsi.2659b8de7c"
[0m05:15:15.429223 [debug] [Thread-2 (]: On test.portvessel.source_unique_portvessel_gold_vessel_operational_risk_flags_mmsi.2659b8de7c: /* {"app": "dbt", "dbt_version": "1.12.3", "profile_name": "portvessel", "target_name": "dev", "node_id": "test.portvessel.source_unique_portvessel_gold_vessel_operational_risk_flags_mmsi.2659b8de7c"} */

    
    select
      count(*) as failures,
      count(*) != 0 as should_warn,
      count(*) != 0 as should_error
    from (
      
    
  
    
    

with dbt_test__target as (

  select mmsi as unique_field
  from `cloudprojects-506123`.`portvessel_dev_gold`.`vessel_operational_risk_flags`
  where mmsi is not null

)

select
    unique_field,
    count(*) as n_records

from dbt_test__target
group by unique_field
having count(*) > 1



  
  
      
    ) dbt_internal_test
[0m05:15:15.429223 [debug] [Thread-2 (]: Opening a new connection, currently in state closed
[0m05:15:15.474662 [info ] [Thread-3 (]: 10 of 24 PASS source_not_null_portvessel_gold_vessel_operational_risk_flags_mmsi  [[32mPASS[0m in 0.97s]
[0m05:15:15.475663 [debug] [Thread-3 (]: Finished running node test.portvessel.source_not_null_portvessel_gold_vessel_operational_risk_flags_mmsi.5de8d6a52f
[0m05:15:15.477663 [debug] [Thread-3 (]: Began running node model.portvessel.mart_port_congestion
[0m05:15:15.477663 [info ] [Thread-3 (]: 15 of 24 START sql table model portvessel_dev_marts.mart_port_congestion ....... [RUN]
[0m05:15:15.478663 [debug] [Thread-3 (]: Re-using an available connection from the pool (formerly test.portvessel.source_not_null_portvessel_gold_vessel_operational_risk_flags_mmsi.5de8d6a52f, now model.portvessel.mart_port_congestion)
[0m05:15:15.478663 [debug] [Thread-3 (]: Began compiling node model.portvessel.mart_port_congestion
[0m05:15:15.481664 [debug] [Thread-3 (]: Writing injected SQL for node "model.portvessel.mart_port_congestion"
[0m05:15:15.482662 [debug] [Thread-3 (]: Began executing node model.portvessel.mart_port_congestion
[0m05:15:15.497909 [debug] [Thread-3 (]: Opening a new connection, currently in state closed
[0m05:15:15.591509 [info ] [Thread-4 (]: 12 of 24 PASS source_unique_portvessel_gold_fct_anchorage_dwell_anchorage_dwell_id  [[32mPASS[0m in 0.78s]
[0m05:15:15.591886 [debug] [Thread-4 (]: Finished running node test.portvessel.source_unique_portvessel_gold_fct_anchorage_dwell_anchorage_dwell_id.c6b3ee12e6
[0m05:15:15.746554 [debug] [Thread-1 (]: BigQuery adapter: https://console.cloud.google.com/bigquery?project=cloudprojects-506123&j=bq:europe-west3:2807afbd-c69c-4505-9a03-1c1da8738814&page=queryresults
[0m05:15:15.823930 [debug] [Thread-1 (]: SQL status: OK in 0.076 seconds
[0m05:15:15.910833 [debug] [Thread-3 (]: Writing runtime sql for node "model.portvessel.mart_port_congestion"
[0m05:15:15.912833 [debug] [Thread-3 (]: On model.portvessel.mart_port_congestion: /* {"app": "dbt", "dbt_version": "1.12.3", "profile_name": "portvessel", "target_name": "dev", "node_id": "model.portvessel.mart_port_congestion"} */

  
    

    create or replace table `cloudprojects-506123`.`portvessel_dev_marts`.`mart_port_congestion`
      
    partition by metric_date
    cluster by port_id

    
    OPTIONS(
      description="""Daily port congestion mart."""
    )
    as (
      

with source_data as (
    select
        metric_date,
        port_id,
        port_name,
        observed_port_calls,
        observed_vessels,
        port_calls_with_anchorage,
        median_port_duration_minutes,
        p90_port_duration_minutes,
        mean_port_duration_minutes,
        observed_with_anchorage_calls,
        partial_calls,
        source_object,
        source_sha256,
        loaded_at_utc,
        ingestion_run_id
    from `cloudprojects-506123`.`portvessel_dev_gold`.`agg_port_congestion_daily`
),

final as (
    select
        metric_date,
        port_id,
        port_name,
        observed_port_calls,
        observed_vessels,
        port_calls_with_anchorage,
        safe_divide(port_calls_with_anchorage, nullif(observed_port_calls, 0))
            as anchorage_call_rate,
        median_port_duration_minutes,
        p90_port_duration_minutes,
        mean_port_duration_minutes,
        observed_with_anchorage_calls,
        partial_calls,
        source_object,
        source_sha256,
        loaded_at_utc,
        ingestion_run_id
    from source_data
)

select * from final
    );
  
[0m05:15:15.966764 [debug] [Thread-2 (]: BigQuery adapter: https://console.cloud.google.com/bigquery?project=cloudprojects-506123&j=bq:europe-west3:ecc5a8b5-0157-40f2-b854-db31ae9f1e00&page=queryresults
[0m05:15:16.029391 [info ] [Thread-1 (]: 13 of 24 PASS source_unique_portvessel_gold_fct_port_call_port_call_id ......... [[32mPASS[0m in 0.80s]
[0m05:15:16.029391 [debug] [Thread-1 (]: Finished running node test.portvessel.source_unique_portvessel_gold_fct_port_call_port_call_id.953d20cae7
[0m05:15:16.038708 [debug] [Thread-2 (]: SQL status: OK in 0.071 seconds
[0m05:15:16.199329 [info ] [Thread-2 (]: 14 of 24 PASS source_unique_portvessel_gold_vessel_operational_risk_flags_mmsi . [[32mPASS[0m in 0.78s]
[0m05:15:16.200331 [debug] [Thread-2 (]: Finished running node test.portvessel.source_unique_portvessel_gold_vessel_operational_risk_flags_mmsi.2659b8de7c
[0m05:15:16.200331 [debug] [Thread-4 (]: Began running node model.portvessel.mart_vessel_risk
[0m05:15:16.201332 [info ] [Thread-4 (]: 16 of 24 START sql table model portvessel_dev_marts.mart_vessel_risk ........... [RUN]
[0m05:15:16.201332 [debug] [Thread-4 (]: Re-using an available connection from the pool (formerly test.portvessel.source_unique_portvessel_gold_fct_anchorage_dwell_anchorage_dwell_id.c6b3ee12e6, now model.portvessel.mart_vessel_risk)
[0m05:15:16.201332 [debug] [Thread-4 (]: Began compiling node model.portvessel.mart_vessel_risk
[0m05:15:16.203978 [debug] [Thread-4 (]: Writing injected SQL for node "model.portvessel.mart_vessel_risk"
[0m05:15:16.204980 [debug] [Thread-4 (]: Began executing node model.portvessel.mart_vessel_risk
[0m05:15:16.205982 [debug] [Thread-4 (]: Opening a new connection, currently in state closed
[0m05:15:16.237305 [debug] [Thread-3 (]: BigQuery adapter: https://console.cloud.google.com/bigquery?project=cloudprojects-506123&j=bq:europe-west3:1b60da37-0da3-4820-91f6-787e3b5b8203&page=queryresults
[0m05:15:16.541015 [debug] [Thread-4 (]: Writing runtime sql for node "model.portvessel.mart_vessel_risk"
[0m05:15:16.542020 [debug] [Thread-4 (]: On model.portvessel.mart_vessel_risk: /* {"app": "dbt", "dbt_version": "1.12.3", "profile_name": "portvessel", "target_name": "dev", "node_id": "model.portvessel.mart_vessel_risk"} */

  
    

    create or replace table `cloudprojects-506123`.`portvessel_dev_marts`.`mart_vessel_risk`
      
    
    cluster by mmsi, operational_flag

    
    OPTIONS(
      description="""Vessel operational risk mart."""
    )
    as (
      

with risk_data as (
    select
        mmsi,
        port_call_count,
        port_calls_with_anchorage,
        partial_port_calls,
        persistent_anchorage_episode_count,
        max_port_duration_minutes,
        mean_port_duration_minutes,
        max_persistent_anchorage_dwell_minutes,
        mean_persistent_anchorage_dwell_minutes,
        max_observation_gap_minutes,
        operational_flag,
        source_object,
        source_sha256,
        loaded_at_utc,
        ingestion_run_id
    from `cloudprojects-506123`.`portvessel_dev_gold`.`vessel_operational_risk_flags`
),

final as (
    select
        mmsi,
        port_call_count,
        port_calls_with_anchorage,
        safe_divide(
            port_calls_with_anchorage,
            nullif(port_call_count, 0)
        ) as anchorage_call_rate,
        partial_port_calls,
        persistent_anchorage_episode_count,
        max_port_duration_minutes,
        mean_port_duration_minutes,
        max_persistent_anchorage_dwell_minutes,
        mean_persistent_anchorage_dwell_minutes,
        max_observation_gap_minutes,
        operational_flag,
        source_object,
        source_sha256,
        loaded_at_utc,
        ingestion_run_id
    from risk_data
)

select * from final
    );
  
[0m05:15:16.872812 [debug] [Thread-4 (]: BigQuery adapter: https://console.cloud.google.com/bigquery?project=cloudprojects-506123&j=bq:europe-west3:b75f8a4f-5382-4337-9773-70da2bb951ed&page=queryresults
[0m05:15:17.765859 [debug] [Thread-3 (]: SQL status: OK in 1.528 seconds
[0m05:15:17.892850 [debug] [Thread-4 (]: SQL status: OK in 1.019 seconds
[0m05:15:18.787184 [debug] [Thread-4 (]: Sending event: {'category': 'dbt', 'action': 'run_model', 'label': 'ab1fa61d-4cee-4c92-9b44-5a5e872d8065', 'context': [<snowplow_tracker.self_describing_json.SelfDescribingJson object at 0x000002391C36C800>]}
[0m05:15:18.788189 [info ] [Thread-4 (]: 16 of 24 OK created sql table model portvessel_dev_marts.mart_vessel_risk ...... [[32mCREATE TABLE (428.0 rows, 117.3 KiB processed)[0m in 2.58s]
[0m05:15:18.788189 [debug] [Thread-4 (]: Finished running node model.portvessel.mart_vessel_risk
[0m05:15:18.789191 [debug] [Thread-2 (]: Began running node test.portvessel.dbt_utils_expression_is_true_mart_vessel_risk_anchorage_call_rate__between_0_and_1.a744c8ae33
[0m05:15:18.789191 [debug] [Thread-1 (]: Began running node test.portvessel.not_null_mart_vessel_risk_mmsi.b745f77b30
[0m05:15:18.790190 [debug] [Thread-4 (]: Began running node test.portvessel.not_null_mart_vessel_risk_operational_flag.27efd1e7dd
[0m05:15:18.790190 [info ] [Thread-2 (]: 17 of 24 START test dbt_utils_expression_is_true_mart_vessel_risk_anchorage_call_rate__between_0_and_1  [RUN]
[0m05:15:18.790190 [info ] [Thread-1 (]: 18 of 24 START test not_null_mart_vessel_risk_mmsi ............................. [RUN]
[0m05:15:18.791189 [debug] [Thread-2 (]: Re-using an available connection from the pool (formerly test.portvessel.source_unique_portvessel_gold_vessel_operational_risk_flags_mmsi.2659b8de7c, now test.portvessel.dbt_utils_expression_is_true_mart_vessel_risk_anchorage_call_rate__between_0_and_1.a744c8ae33)
[0m05:15:18.791189 [info ] [Thread-4 (]: 19 of 24 START test not_null_mart_vessel_risk_operational_flag ................. [RUN]
[0m05:15:18.791189 [debug] [Thread-1 (]: Re-using an available connection from the pool (formerly test.portvessel.source_unique_portvessel_gold_fct_port_call_port_call_id.953d20cae7, now test.portvessel.not_null_mart_vessel_risk_mmsi.b745f77b30)
[0m05:15:18.792190 [debug] [Thread-2 (]: Began compiling node test.portvessel.dbt_utils_expression_is_true_mart_vessel_risk_anchorage_call_rate__between_0_and_1.a744c8ae33
[0m05:15:18.792190 [debug] [Thread-4 (]: Re-using an available connection from the pool (formerly model.portvessel.mart_vessel_risk, now test.portvessel.not_null_mart_vessel_risk_operational_flag.27efd1e7dd)
[0m05:15:18.792190 [debug] [Thread-1 (]: Began compiling node test.portvessel.not_null_mart_vessel_risk_mmsi.b745f77b30
[0m05:15:18.803693 [debug] [Thread-2 (]: Writing injected SQL for node "test.portvessel.dbt_utils_expression_is_true_mart_vessel_risk_anchorage_call_rate__between_0_and_1.a744c8ae33"
[0m05:15:18.803693 [debug] [Thread-4 (]: Began compiling node test.portvessel.not_null_mart_vessel_risk_operational_flag.27efd1e7dd
[0m05:15:18.808701 [debug] [Thread-1 (]: Writing injected SQL for node "test.portvessel.not_null_mart_vessel_risk_mmsi.b745f77b30"
[0m05:15:18.813699 [debug] [Thread-4 (]: Writing injected SQL for node "test.portvessel.not_null_mart_vessel_risk_operational_flag.27efd1e7dd"
[0m05:15:18.814698 [debug] [Thread-3 (]: Sending event: {'category': 'dbt', 'action': 'run_model', 'label': 'ab1fa61d-4cee-4c92-9b44-5a5e872d8065', 'context': [<snowplow_tracker.self_describing_json.SelfDescribingJson object at 0x000002391C7B0DA0>]}
[0m05:15:18.815699 [debug] [Thread-2 (]: Began executing node test.portvessel.dbt_utils_expression_is_true_mart_vessel_risk_anchorage_call_rate__between_0_and_1.a744c8ae33
[0m05:15:18.816701 [debug] [Thread-2 (]: Writing runtime sql for node "test.portvessel.dbt_utils_expression_is_true_mart_vessel_risk_anchorage_call_rate__between_0_and_1.a744c8ae33"
[0m05:15:18.814698 [info ] [Thread-3 (]: 15 of 24 OK created sql table model portvessel_dev_marts.mart_port_congestion .. [[32mCREATE TABLE (4.0 rows, 1.3 KiB processed)[0m in 3.34s]
[0m05:15:18.816701 [debug] [Thread-1 (]: Began executing node test.portvessel.not_null_mart_vessel_risk_mmsi.b745f77b30
[0m05:15:18.817699 [debug] [Thread-3 (]: Finished running node model.portvessel.mart_port_congestion
[0m05:15:18.817699 [debug] [Thread-4 (]: Began executing node test.portvessel.not_null_mart_vessel_risk_operational_flag.27efd1e7dd
[0m05:15:18.818701 [debug] [Thread-1 (]: Writing runtime sql for node "test.portvessel.not_null_mart_vessel_risk_mmsi.b745f77b30"
[0m05:15:18.818701 [debug] [Thread-3 (]: Began running node test.portvessel.unique_mart_vessel_risk_mmsi.4f85864568
[0m05:15:18.819700 [debug] [Thread-4 (]: Writing runtime sql for node "test.portvessel.not_null_mart_vessel_risk_operational_flag.27efd1e7dd"
[0m05:15:18.820701 [debug] [Thread-2 (]: On test.portvessel.dbt_utils_expression_is_true_mart_vessel_risk_anchorage_call_rate__between_0_and_1.a744c8ae33: /* {"app": "dbt", "dbt_version": "1.12.3", "profile_name": "portvessel", "target_name": "dev", "node_id": "test.portvessel.dbt_utils_expression_is_true_mart_vessel_risk_anchorage_call_rate__between_0_and_1.a744c8ae33"} */

    
    select
      count(*) as failures,
      count(*) != 0 as should_warn,
      count(*) != 0 as should_error
    from (
      
    
  



select
    1
from `cloudprojects-506123`.`portvessel_dev_marts`.`mart_vessel_risk`

where not(anchorage_call_rate between 0 and 1)


  
  
      
    ) dbt_internal_test
[0m05:15:18.820701 [info ] [Thread-3 (]: 20 of 24 START test unique_mart_vessel_risk_mmsi ............................... [RUN]
[0m05:15:18.821699 [debug] [Thread-2 (]: Opening a new connection, currently in state closed
[0m05:15:18.821699 [debug] [Thread-3 (]: Re-using an available connection from the pool (formerly model.portvessel.mart_port_congestion, now test.portvessel.unique_mart_vessel_risk_mmsi.4f85864568)
[0m05:15:18.821699 [debug] [Thread-1 (]: On test.portvessel.not_null_mart_vessel_risk_mmsi.b745f77b30: /* {"app": "dbt", "dbt_version": "1.12.3", "profile_name": "portvessel", "target_name": "dev", "node_id": "test.portvessel.not_null_mart_vessel_risk_mmsi.b745f77b30"} */

    
    select
      count(*) as failures,
      count(*) != 0 as should_warn,
      count(*) != 0 as should_error
    from (
      
    
  
    
    



select mmsi
from `cloudprojects-506123`.`portvessel_dev_marts`.`mart_vessel_risk`
where mmsi is null



  
  
      
    ) dbt_internal_test
[0m05:15:18.822699 [debug] [Thread-3 (]: Began compiling node test.portvessel.unique_mart_vessel_risk_mmsi.4f85864568
[0m05:15:18.823698 [debug] [Thread-4 (]: On test.portvessel.not_null_mart_vessel_risk_operational_flag.27efd1e7dd: /* {"app": "dbt", "dbt_version": "1.12.3", "profile_name": "portvessel", "target_name": "dev", "node_id": "test.portvessel.not_null_mart_vessel_risk_operational_flag.27efd1e7dd"} */

    
    select
      count(*) as failures,
      count(*) != 0 as should_warn,
      count(*) != 0 as should_error
    from (
      
    
  
    
    



select operational_flag
from `cloudprojects-506123`.`portvessel_dev_marts`.`mart_vessel_risk`
where operational_flag is null



  
  
      
    ) dbt_internal_test
[0m05:15:18.823698 [debug] [Thread-1 (]: Opening a new connection, currently in state closed
[0m05:15:18.827700 [debug] [Thread-3 (]: Writing injected SQL for node "test.portvessel.unique_mart_vessel_risk_mmsi.4f85864568"
[0m05:15:18.828701 [debug] [Thread-4 (]: Opening a new connection, currently in state closed
[0m05:15:18.831105 [debug] [Thread-3 (]: Began executing node test.portvessel.unique_mart_vessel_risk_mmsi.4f85864568
[0m05:15:18.832111 [debug] [Thread-3 (]: Writing runtime sql for node "test.portvessel.unique_mart_vessel_risk_mmsi.4f85864568"
[0m05:15:18.833636 [debug] [Thread-3 (]: On test.portvessel.unique_mart_vessel_risk_mmsi.4f85864568: /* {"app": "dbt", "dbt_version": "1.12.3", "profile_name": "portvessel", "target_name": "dev", "node_id": "test.portvessel.unique_mart_vessel_risk_mmsi.4f85864568"} */

    
    select
      count(*) as failures,
      count(*) != 0 as should_warn,
      count(*) != 0 as should_error
    from (
      
    
  
    
    

with dbt_test__target as (

  select mmsi as unique_field
  from `cloudprojects-506123`.`portvessel_dev_marts`.`mart_vessel_risk`
  where mmsi is not null

)

select
    unique_field,
    count(*) as n_records

from dbt_test__target
group by unique_field
having count(*) > 1



  
  
      
    ) dbt_internal_test
[0m05:15:18.833636 [debug] [Thread-3 (]: Opening a new connection, currently in state closed
[0m05:15:19.419816 [debug] [Thread-1 (]: BigQuery adapter: https://console.cloud.google.com/bigquery?project=cloudprojects-506123&j=bq:europe-west3:7a0c0ee1-6842-4ce7-bdf2-565f3122b0b5&page=queryresults
[0m05:15:19.500132 [debug] [Thread-4 (]: BigQuery adapter: https://console.cloud.google.com/bigquery?project=cloudprojects-506123&j=bq:europe-west3:6244f606-3e29-44ca-8e5b-ed1d10a1547a&page=queryresults
[0m05:15:19.509802 [debug] [Thread-2 (]: BigQuery adapter: https://console.cloud.google.com/bigquery?project=cloudprojects-506123&j=bq:europe-west3:b3217646-f652-4709-9069-0448bbba81d3&page=queryresults
[0m05:15:19.531809 [debug] [Thread-1 (]: SQL status: OK in 0.112 seconds
[0m05:15:19.532807 [debug] [Thread-3 (]: BigQuery adapter: https://console.cloud.google.com/bigquery?project=cloudprojects-506123&j=bq:europe-west3:4be22f6f-a6ee-4ce7-b05e-e0e96d439dcd&page=queryresults
[0m05:15:19.605893 [debug] [Thread-4 (]: SQL status: OK in 0.106 seconds
[0m05:15:19.611896 [debug] [Thread-3 (]: SQL status: OK in 0.079 seconds
[0m05:15:19.645026 [debug] [Thread-2 (]: SQL status: OK in 0.135 seconds
[0m05:15:19.771271 [info ] [Thread-1 (]: 18 of 24 PASS not_null_mart_vessel_risk_mmsi ................................... [[32mPASS[0m in 0.98s]
[0m05:15:19.771271 [debug] [Thread-1 (]: Finished running node test.portvessel.not_null_mart_vessel_risk_mmsi.b745f77b30
[0m05:15:19.772273 [debug] [Thread-1 (]: Began running node test.portvessel.dbt_utils_expression_is_true_mart_port_congestion_anchorage_call_rate__between_0_and_1.69e0fdf065
[0m05:15:19.772273 [info ] [Thread-1 (]: 21 of 24 START test dbt_utils_expression_is_true_mart_port_congestion_anchorage_call_rate__between_0_and_1  [RUN]
[0m05:15:19.772273 [debug] [Thread-1 (]: Re-using an available connection from the pool (formerly test.portvessel.not_null_mart_vessel_risk_mmsi.b745f77b30, now test.portvessel.dbt_utils_expression_is_true_mart_port_congestion_anchorage_call_rate__between_0_and_1.69e0fdf065)
[0m05:15:19.773481 [debug] [Thread-1 (]: Began compiling node test.portvessel.dbt_utils_expression_is_true_mart_port_congestion_anchorage_call_rate__between_0_and_1.69e0fdf065
[0m05:15:19.777482 [debug] [Thread-1 (]: Writing injected SQL for node "test.portvessel.dbt_utils_expression_is_true_mart_port_congestion_anchorage_call_rate__between_0_and_1.69e0fdf065"
[0m05:15:19.778483 [debug] [Thread-1 (]: Began executing node test.portvessel.dbt_utils_expression_is_true_mart_port_congestion_anchorage_call_rate__between_0_and_1.69e0fdf065
[0m05:15:19.779483 [debug] [Thread-1 (]: Writing runtime sql for node "test.portvessel.dbt_utils_expression_is_true_mart_port_congestion_anchorage_call_rate__between_0_and_1.69e0fdf065"
[0m05:15:19.780482 [debug] [Thread-1 (]: On test.portvessel.dbt_utils_expression_is_true_mart_port_congestion_anchorage_call_rate__between_0_and_1.69e0fdf065: /* {"app": "dbt", "dbt_version": "1.12.3", "profile_name": "portvessel", "target_name": "dev", "node_id": "test.portvessel.dbt_utils_expression_is_true_mart_port_congestion_anchorage_call_rate__between_0_and_1.69e0fdf065"} */

    
    select
      count(*) as failures,
      count(*) != 0 as should_warn,
      count(*) != 0 as should_error
    from (
      
    
  



select
    1
from `cloudprojects-506123`.`portvessel_dev_marts`.`mart_port_congestion`

where not(anchorage_call_rate between 0 and 1)


  
  
      
    ) dbt_internal_test
[0m05:15:19.780482 [debug] [Thread-1 (]: Opening a new connection, currently in state closed
[0m05:15:19.788995 [info ] [Thread-3 (]: 20 of 24 PASS unique_mart_vessel_risk_mmsi ..................................... [[32mPASS[0m in 0.97s]
[0m05:15:19.790000 [debug] [Thread-3 (]: Finished running node test.portvessel.unique_mart_vessel_risk_mmsi.4f85864568
[0m05:15:19.790000 [debug] [Thread-3 (]: Began running node test.portvessel.not_null_mart_port_congestion_anchorage_call_rate.f16ef228d1
[0m05:15:19.791001 [info ] [Thread-3 (]: 22 of 24 START test not_null_mart_port_congestion_anchorage_call_rate .......... [RUN]
[0m05:15:19.791001 [debug] [Thread-3 (]: Re-using an available connection from the pool (formerly test.portvessel.unique_mart_vessel_risk_mmsi.4f85864568, now test.portvessel.not_null_mart_port_congestion_anchorage_call_rate.f16ef228d1)
[0m05:15:19.791001 [debug] [Thread-3 (]: Began compiling node test.portvessel.not_null_mart_port_congestion_anchorage_call_rate.f16ef228d1
[0m05:15:19.795620 [debug] [Thread-3 (]: Writing injected SQL for node "test.portvessel.not_null_mart_port_congestion_anchorage_call_rate.f16ef228d1"
[0m05:15:19.796622 [debug] [Thread-3 (]: Began executing node test.portvessel.not_null_mart_port_congestion_anchorage_call_rate.f16ef228d1
[0m05:15:19.797622 [debug] [Thread-3 (]: Writing runtime sql for node "test.portvessel.not_null_mart_port_congestion_anchorage_call_rate.f16ef228d1"
[0m05:15:19.798621 [debug] [Thread-3 (]: On test.portvessel.not_null_mart_port_congestion_anchorage_call_rate.f16ef228d1: /* {"app": "dbt", "dbt_version": "1.12.3", "profile_name": "portvessel", "target_name": "dev", "node_id": "test.portvessel.not_null_mart_port_congestion_anchorage_call_rate.f16ef228d1"} */

    
    select
      count(*) as failures,
      count(*) != 0 as should_warn,
      count(*) != 0 as should_error
    from (
      
    
  
    
    



select anchorage_call_rate
from `cloudprojects-506123`.`portvessel_dev_marts`.`mart_port_congestion`
where anchorage_call_rate is null



  
  
      
    ) dbt_internal_test
[0m05:15:19.798621 [debug] [Thread-3 (]: Opening a new connection, currently in state closed
[0m05:15:19.808961 [info ] [Thread-2 (]: 17 of 24 PASS dbt_utils_expression_is_true_mart_vessel_risk_anchorage_call_rate__between_0_and_1  [[32mPASS[0m in 1.02s]
[0m05:15:19.808961 [debug] [Thread-2 (]: Finished running node test.portvessel.dbt_utils_expression_is_true_mart_vessel_risk_anchorage_call_rate__between_0_and_1.a744c8ae33
[0m05:15:19.809962 [debug] [Thread-2 (]: Began running node test.portvessel.not_null_mart_port_congestion_metric_date.7325c852e2
[0m05:15:19.809962 [info ] [Thread-2 (]: 23 of 24 START test not_null_mart_port_congestion_metric_date .................. [RUN]
[0m05:15:19.809962 [debug] [Thread-2 (]: Re-using an available connection from the pool (formerly test.portvessel.dbt_utils_expression_is_true_mart_vessel_risk_anchorage_call_rate__between_0_and_1.a744c8ae33, now test.portvessel.not_null_mart_port_congestion_metric_date.7325c852e2)
[0m05:15:19.810961 [debug] [Thread-2 (]: Began compiling node test.portvessel.not_null_mart_port_congestion_metric_date.7325c852e2
[0m05:15:19.815962 [debug] [Thread-2 (]: Writing injected SQL for node "test.portvessel.not_null_mart_port_congestion_metric_date.7325c852e2"
[0m05:15:19.816963 [debug] [Thread-2 (]: Began executing node test.portvessel.not_null_mart_port_congestion_metric_date.7325c852e2
[0m05:15:19.817963 [debug] [Thread-2 (]: Writing runtime sql for node "test.portvessel.not_null_mart_port_congestion_metric_date.7325c852e2"
[0m05:15:19.817963 [debug] [Thread-2 (]: On test.portvessel.not_null_mart_port_congestion_metric_date.7325c852e2: /* {"app": "dbt", "dbt_version": "1.12.3", "profile_name": "portvessel", "target_name": "dev", "node_id": "test.portvessel.not_null_mart_port_congestion_metric_date.7325c852e2"} */

    
    select
      count(*) as failures,
      count(*) != 0 as should_warn,
      count(*) != 0 as should_error
    from (
      
    
  
    
    



select metric_date
from `cloudprojects-506123`.`portvessel_dev_marts`.`mart_port_congestion`
where metric_date is null



  
  
      
    ) dbt_internal_test
[0m05:15:19.818962 [debug] [Thread-2 (]: Opening a new connection, currently in state closed
[0m05:15:19.843959 [info ] [Thread-4 (]: 19 of 24 PASS not_null_mart_vessel_risk_operational_flag ....................... [[32mPASS[0m in 1.05s]
[0m05:15:19.844960 [debug] [Thread-4 (]: Finished running node test.portvessel.not_null_mart_vessel_risk_operational_flag.27efd1e7dd
[0m05:15:19.844960 [debug] [Thread-4 (]: Began running node test.portvessel.not_null_mart_port_congestion_port_id.85d8a4aa79
[0m05:15:19.844960 [info ] [Thread-4 (]: 24 of 24 START test not_null_mart_port_congestion_port_id ...................... [RUN]
[0m05:15:19.845959 [debug] [Thread-4 (]: Re-using an available connection from the pool (formerly test.portvessel.not_null_mart_vessel_risk_operational_flag.27efd1e7dd, now test.portvessel.not_null_mart_port_congestion_port_id.85d8a4aa79)
[0m05:15:19.845959 [debug] [Thread-4 (]: Began compiling node test.portvessel.not_null_mart_port_congestion_port_id.85d8a4aa79
[0m05:15:19.850960 [debug] [Thread-4 (]: Writing injected SQL for node "test.portvessel.not_null_mart_port_congestion_port_id.85d8a4aa79"
[0m05:15:19.851959 [debug] [Thread-4 (]: Began executing node test.portvessel.not_null_mart_port_congestion_port_id.85d8a4aa79
[0m05:15:19.852961 [debug] [Thread-4 (]: Writing runtime sql for node "test.portvessel.not_null_mart_port_congestion_port_id.85d8a4aa79"
[0m05:15:19.853959 [debug] [Thread-4 (]: On test.portvessel.not_null_mart_port_congestion_port_id.85d8a4aa79: /* {"app": "dbt", "dbt_version": "1.12.3", "profile_name": "portvessel", "target_name": "dev", "node_id": "test.portvessel.not_null_mart_port_congestion_port_id.85d8a4aa79"} */

    
    select
      count(*) as failures,
      count(*) != 0 as should_warn,
      count(*) != 0 as should_error
    from (
      
    
  
    
    



select port_id
from `cloudprojects-506123`.`portvessel_dev_marts`.`mart_port_congestion`
where port_id is null



  
  
      
    ) dbt_internal_test
[0m05:15:19.853959 [debug] [Thread-4 (]: Opening a new connection, currently in state closed
[0m05:15:20.380954 [debug] [Thread-2 (]: BigQuery adapter: https://console.cloud.google.com/bigquery?project=cloudprojects-506123&j=bq:europe-west3:bf5d4aec-69af-4606-b823-2f470bf00283&page=queryresults
[0m05:15:20.402571 [debug] [Thread-1 (]: BigQuery adapter: https://console.cloud.google.com/bigquery?project=cloudprojects-506123&j=bq:europe-west3:e1fa71fa-9fd2-4323-9714-9c25525c6601&page=queryresults
[0m05:15:20.414887 [debug] [Thread-4 (]: BigQuery adapter: https://console.cloud.google.com/bigquery?project=cloudprojects-506123&j=bq:europe-west3:9b7dcba0-b264-410f-a53a-e04a26379365&page=queryresults
[0m05:15:20.431887 [debug] [Thread-3 (]: BigQuery adapter: https://console.cloud.google.com/bigquery?project=cloudprojects-506123&j=bq:europe-west3:6cf569f0-bede-43e8-98c1-c32e9fcdb226&page=queryresults
[0m05:15:20.458742 [debug] [Thread-2 (]: SQL status: OK in 0.077 seconds
[0m05:15:20.479555 [debug] [Thread-1 (]: SQL status: OK in 0.076 seconds
[0m05:15:20.517564 [debug] [Thread-4 (]: SQL status: OK in 0.102 seconds
[0m05:15:20.560026 [debug] [Thread-3 (]: SQL status: OK in 0.129 seconds
[0m05:15:20.628238 [info ] [Thread-2 (]: 23 of 24 PASS not_null_mart_port_congestion_metric_date ........................ [[32mPASS[0m in 0.82s]
[0m05:15:20.629241 [debug] [Thread-2 (]: Finished running node test.portvessel.not_null_mart_port_congestion_metric_date.7325c852e2
[0m05:15:20.658973 [info ] [Thread-1 (]: 21 of 24 PASS dbt_utils_expression_is_true_mart_port_congestion_anchorage_call_rate__between_0_and_1  [[32mPASS[0m in 0.89s]
[0m05:15:20.659973 [debug] [Thread-1 (]: Finished running node test.portvessel.dbt_utils_expression_is_true_mart_port_congestion_anchorage_call_rate__between_0_and_1.69e0fdf065
[0m05:15:20.718376 [info ] [Thread-3 (]: 22 of 24 PASS not_null_mart_port_congestion_anchorage_call_rate ................ [[32mPASS[0m in 0.93s]
[0m05:15:20.719381 [debug] [Thread-3 (]: Finished running node test.portvessel.not_null_mart_port_congestion_anchorage_call_rate.f16ef228d1
[0m05:15:20.778185 [info ] [Thread-4 (]: 24 of 24 PASS not_null_mart_port_congestion_port_id ............................ [[32mPASS[0m in 0.93s]
[0m05:15:20.779186 [debug] [Thread-4 (]: Finished running node test.portvessel.not_null_mart_port_congestion_port_id.85d8a4aa79
[0m05:15:20.780186 [debug] [MainThread]: Opening a new connection, currently in state closed
[0m05:15:20.781186 [debug] [MainThread]: Connection 'master' was properly closed.
[0m05:15:20.781186 [debug] [MainThread]: Connection 'list_cloudprojects-506123' was properly closed.
[0m05:15:20.781186 [debug] [MainThread]: Connection 'list_cloudprojects-506123_portvessel_dev_marts' was properly closed.
[0m05:15:20.781186 [debug] [MainThread]: Connection 'test.portvessel.dbt_utils_expression_is_true_mart_port_congestion_anchorage_call_rate__between_0_and_1.69e0fdf065' was properly closed.
[0m05:15:20.781186 [debug] [MainThread]: Connection 'test.portvessel.not_null_mart_port_congestion_metric_date.7325c852e2' was properly closed.
[0m05:15:20.782185 [debug] [MainThread]: Connection 'test.portvessel.not_null_mart_port_congestion_anchorage_call_rate.f16ef228d1' was properly closed.
[0m05:15:20.782185 [debug] [MainThread]: Connection 'test.portvessel.not_null_mart_port_congestion_port_id.85d8a4aa79' was properly closed.
[0m05:15:20.782185 [info ] [MainThread]: 
[0m05:15:20.782185 [info ] [MainThread]: Finished running 2 table models, 22 data tests in 0 hours 0 minutes and 10.45 seconds (10.45s).
[0m05:15:20.785695 [debug] [MainThread]: Command end result
[0m05:15:20.820766 [debug] [MainThread]: Wrote artifact WritableManifest to C:\Users\magic\Projects\PortVessel-lakehouse\dbt\target\manifest.json
[0m05:15:20.822767 [debug] [MainThread]: Wrote artifact SemanticManifest to C:\Users\magic\Projects\PortVessel-lakehouse\dbt\target\semantic_manifest.json
[0m05:15:20.826056 [debug] [MainThread]: Wrote artifact OsiDocument to C:\Users\magic\Projects\PortVessel-lakehouse\dbt\target\osi_document.json
[0m05:15:20.832053 [debug] [MainThread]: Wrote artifact RunExecutionResult to C:\Users\magic\Projects\PortVessel-lakehouse\dbt\target\run_results.json
[0m05:15:20.832053 [info ] [MainThread]: 
[0m05:15:20.832053 [info ] [MainThread]: [32mCompleted successfully[0m
[0m05:15:20.833053 [info ] [MainThread]: 
[0m05:15:20.833053 [info ] [MainThread]: Done. PASS=24 WARN=0 ERROR=0 SKIP=0 NO-OP=0 REUSED=0 TOTAL=24
[0m05:15:20.834053 [debug] [MainThread]: Command `dbt build` succeeded at 05:15:20.834053 after 12.30 seconds
[0m05:15:20.834053 [debug] [MainThread]: Sending event: {'category': 'dbt', 'action': 'invocation', 'label': 'end', 'context': [<snowplow_tracker.self_describing_json.SelfDescribingJson object at 0x0000023964721010>, <snowplow_tracker.self_describing_json.SelfDescribingJson object at 0x00000239663CF860>, <snowplow_tracker.self_describing_json.SelfDescribingJson object at 0x000002391C71CC20>]}
[0m05:15:20.834053 [debug] [MainThread]: Flushing usage events
[0m05:15:21.485223 [debug] [MainThread]: An error was encountered while trying to flush usage events
[0m05:22:58.837670 [debug] [MainThread]: Sending event: {'category': 'dbt', 'action': 'invocation', 'label': 'start', 'context': [<snowplow_tracker.self_describing_json.SelfDescribingJson object at 0x00000169B18A7080>, <snowplow_tracker.self_describing_json.SelfDescribingJson object at 0x00000169B18A6000>, <snowplow_tracker.self_describing_json.SelfDescribingJson object at 0x00000169B18A59D0>]}


============================== 05:22:58.840672 | 8c62057c-33aa-4812-868d-3cafac9f06ed ==============================
[0m05:22:58.840672 [info ] [MainThread]: Running with dbt=1.12.3
[0m05:22:58.841671 [debug] [MainThread]: running dbt with arguments {'static_parser': 'True', 'no_print': 'None', 'version_check': 'True', 'warn_error_options': 'WarnErrorOptionsV2(error=[], warn=[], silence=[])', 'maximum_seed_size_mib': '1', 'target_path': 'None', 'printer_width': '80', 'write_json': 'True', 'introspect': 'True', 'log_cache_events': 'False', 'empty': 'None', 'cache_selected_only': 'False', 'log_format': 'default', 'debug': 'False', 'fail_fast': 'False', 'partial_parse': 'True', 'send_anonymous_usage_stats': 'True', 'quiet': 'False', 'warn_error': 'None', 'profiles_dir': 'C:\\Users\\magic\\Projects\\PortVessel-lakehouse\\dbt', 'invocation_command': 'dbt source freshness', 'hints_enabled': 'True', 'indirect_selection': 'eager', 'use_experimental_parser': 'False', 'use_colors': 'True', 'log_path': 'C:\\Users\\magic\\Projects\\PortVessel-lakehouse\\dbt\\logs'}
[0m05:23:00.040066 [debug] [MainThread]: Sending event: {'category': 'dbt', 'action': 'project_id', 'label': '8c62057c-33aa-4812-868d-3cafac9f06ed', 'context': [<snowplow_tracker.self_describing_json.SelfDescribingJson object at 0x00000169E63ACE60>]}
[0m05:23:00.092278 [debug] [MainThread]: Sending event: {'category': 'dbt', 'action': 'adapter_info', 'label': '8c62057c-33aa-4812-868d-3cafac9f06ed', 'context': [<snowplow_tracker.self_describing_json.SelfDescribingJson object at 0x00000169B3C7A3C0>]}
[0m05:23:00.093277 [info ] [MainThread]: Registered adapter: bigquery=1.12.0
[0m05:23:00.546632 [debug] [MainThread]: checksum: 5f143da5afd1a6b6298bff390d2cac426bc2fa3cddb0281a2f93c038cc305c8b, vars: {}, profile: portvessel, target: dev, version: 1.12.3
[0m05:23:00.737789 [debug] [MainThread]: Partial parsing enabled: 0 files deleted, 0 files added, 0 files changed.
[0m05:23:00.737789 [debug] [MainThread]: Nothing changed, skipping partial parsing.
[0m05:23:00.737789 [debug] [MainThread]: Partial parsing enabled, no changes found, skipping parsing
[0m05:23:00.745789 [debug] [MainThread]: Sending event: {'category': 'dbt', 'action': 'load_project', 'label': '8c62057c-33aa-4812-868d-3cafac9f06ed', 'context': [<snowplow_tracker.self_describing_json.SelfDescribingJson object at 0x00000169E6707530>]}
[0m05:23:00.882838 [debug] [MainThread]: Wrote artifact WritableManifest to C:\Users\magic\Projects\PortVessel-lakehouse\dbt\target\manifest.json
[0m05:23:00.886837 [debug] [MainThread]: Wrote artifact SemanticManifest to C:\Users\magic\Projects\PortVessel-lakehouse\dbt\target\semantic_manifest.json
[0m05:23:00.913837 [debug] [MainThread]: Wrote artifact OsiDocument to C:\Users\magic\Projects\PortVessel-lakehouse\dbt\target\osi_document.json
[0m05:23:00.927840 [debug] [MainThread]: Sending event: {'category': 'dbt', 'action': 'resource_counts', 'label': '8c62057c-33aa-4812-868d-3cafac9f06ed', 'context': [<snowplow_tracker.self_describing_json.SelfDescribingJson object at 0x00000169E6AE0D10>]}
[0m05:23:00.927840 [info ] [MainThread]: Found 2 models, 22 data tests, 4 sources, 678 macros
[0m05:23:00.928838 [debug] [MainThread]: Sending event: {'category': 'dbt', 'action': 'runnable_timing', 'label': '8c62057c-33aa-4812-868d-3cafac9f06ed', 'context': [<snowplow_tracker.self_describing_json.SelfDescribingJson object at 0x00000169E6724800>]}
[0m05:23:00.930839 [info ] [MainThread]: 
[0m05:23:00.930839 [info ] [MainThread]: Concurrency: 4 threads (target='dev')
[0m05:23:00.931838 [info ] [MainThread]: 
[0m05:23:00.932838 [debug] [MainThread]: Acquiring new bigquery connection 'master'
[0m05:23:00.935839 [debug] [ThreadPool]: Acquiring new bigquery connection 'list_cloudprojects-506123_portvessel_dev_marts'
[0m05:23:00.935839 [debug] [ThreadPool]: Opening a new connection, currently in state init
[0m05:23:02.695825 [debug] [MainThread]: Sending event: {'category': 'dbt', 'action': 'runnable_timing', 'label': '8c62057c-33aa-4812-868d-3cafac9f06ed', 'context': [<snowplow_tracker.self_describing_json.SelfDescribingJson object at 0x00000169E6726540>]}
[0m05:23:02.696826 [debug] [MainThread]: Opening a new connection, currently in state init
[0m05:23:02.696826 [info ] [MainThread]: Pulling freshness from warehouse metadata tables for 0 sources
[0m05:23:02.697827 [warn ] [MainThread]: [[33mWARNING[0m]: Use information schema TABLE_STORAGE table to calculate source freshness in batch.
You may opt into the new behavior sooner by setting `flags.bigquery_use_batch_source_freshness` to `True` in `dbt_project.yml`.
Visit https://docs.getdbt.com/reference/global-configs/behavior-changes for more information.
[0m05:23:02.697827 [debug] [MainThread]: Sending event: {'category': 'dbt', 'action': 'BehaviorChangeEvent', 'label': '8c62057c-33aa-4812-868d-3cafac9f06ed', 'context': [<snowplow_tracker.self_describing_json.SelfDescribingJson object at 0x00000169E6AE12E0>]}
[0m05:23:02.701827 [debug] [Thread-1 (]: Began running node source.portvessel.portvessel_gold.agg_port_congestion_daily
[0m05:23:02.702826 [debug] [Thread-2 (]: Began running node source.portvessel.portvessel_gold.fct_anchorage_dwell
[0m05:23:02.702826 [info ] [Thread-1 (]: 1 of 2 START freshness of portvessel_gold.agg_port_congestion_daily ............ [RUN]
[0m05:23:02.704825 [debug] [Thread-1 (]: Acquiring new bigquery connection 'source.portvessel.portvessel_gold.agg_port_congestion_daily'
[0m05:23:02.703824 [info ] [Thread-2 (]: 2 of 2 START freshness of portvessel_gold.fct_anchorage_dwell .................. [RUN]
[0m05:23:02.704825 [debug] [Thread-1 (]: Began compiling node source.portvessel.portvessel_gold.agg_port_congestion_daily
[0m05:23:02.705827 [debug] [Thread-2 (]: Acquiring new bigquery connection 'source.portvessel.portvessel_gold.fct_anchorage_dwell'
[0m05:23:02.705827 [debug] [Thread-1 (]: Began executing node source.portvessel.portvessel_gold.agg_port_congestion_daily
[0m05:23:02.706827 [debug] [Thread-2 (]: Began compiling node source.portvessel.portvessel_gold.fct_anchorage_dwell
[0m05:23:02.718824 [debug] [Thread-1 (]: On source.portvessel.portvessel_gold.agg_port_congestion_daily: /* {"app": "dbt", "dbt_version": "1.12.3", "profile_name": "portvessel", "target_name": "dev", "node_id": "source.portvessel.portvessel_gold.agg_port_congestion_daily"} */
select
      max(loaded_at_utc) as max_loaded_at,
      current_timestamp() as snapshotted_at
    from `cloudprojects-506123`.`portvessel_dev_gold`.`agg_port_congestion_daily`
    
  
[0m05:23:02.718824 [debug] [Thread-2 (]: Began executing node source.portvessel.portvessel_gold.fct_anchorage_dwell
[0m05:23:02.719827 [debug] [Thread-1 (]: Opening a new connection, currently in state init
[0m05:23:02.720826 [debug] [Thread-2 (]: On source.portvessel.portvessel_gold.fct_anchorage_dwell: /* {"app": "dbt", "dbt_version": "1.12.3", "profile_name": "portvessel", "target_name": "dev", "node_id": "source.portvessel.portvessel_gold.fct_anchorage_dwell"} */
select
      max(loaded_at_utc) as max_loaded_at,
      current_timestamp() as snapshotted_at
    from `cloudprojects-506123`.`portvessel_dev_gold`.`fct_anchorage_dwell`
    
  
[0m05:23:02.721827 [debug] [Thread-2 (]: Opening a new connection, currently in state init
[0m05:23:03.546469 [debug] [Thread-2 (]: BigQuery adapter: https://console.cloud.google.com/bigquery?project=cloudprojects-506123&j=bq:europe-west3:e7cf9713-7d51-49c5-a49c-8a525cd2b0ef&page=queryresults
[0m05:23:03.601986 [debug] [Thread-1 (]: BigQuery adapter: https://console.cloud.google.com/bigquery?project=cloudprojects-506123&j=bq:europe-west3:23f0a7ea-9cc4-432e-a7de-81b2c0391a5e&page=queryresults
[0m05:23:03.702247 [debug] [Thread-2 (]: SQL status: OK in 0.155 seconds
[0m05:23:03.715247 [debug] [Thread-1 (]: SQL status: OK in 0.114 seconds
[0m05:23:04.045832 [info ] [Thread-2 (]: 2 of 2 PASS freshness of portvessel_gold.fct_anchorage_dwell ................... [[32mPASS[0m in 1.34s]
[0m05:23:04.046833 [debug] [Thread-2 (]: Finished running node source.portvessel.portvessel_gold.fct_anchorage_dwell
[0m05:23:04.055837 [info ] [Thread-1 (]: 1 of 2 PASS freshness of portvessel_gold.agg_port_congestion_daily ............. [[32mPASS[0m in 1.35s]
[0m05:23:04.056840 [debug] [Thread-1 (]: Finished running node source.portvessel.portvessel_gold.agg_port_congestion_daily
[0m05:23:04.057839 [debug] [MainThread]: Opening a new connection, currently in state closed
[0m05:23:04.058839 [debug] [MainThread]: Connection 'master' was properly closed.
[0m05:23:04.058839 [debug] [MainThread]: Connection 'list_cloudprojects-506123_portvessel_dev_marts' was properly closed.
[0m05:23:04.058839 [debug] [MainThread]: Connection 'source.portvessel.portvessel_gold.agg_port_congestion_daily' was properly closed.
[0m05:23:04.058839 [debug] [MainThread]: Connection 'source.portvessel.portvessel_gold.fct_anchorage_dwell' was properly closed.
[0m05:23:04.058839 [info ] [MainThread]: 
[0m05:23:04.059838 [info ] [MainThread]: Finished running 2 sources in 0 hours 0 minutes and 3.13 seconds (3.13s).
[0m05:23:04.101376 [debug] [MainThread]: Wrote artifact WritableManifest to C:\Users\magic\Projects\PortVessel-lakehouse\dbt\target\manifest.json
[0m05:23:04.104374 [debug] [MainThread]: Wrote artifact SemanticManifest to C:\Users\magic\Projects\PortVessel-lakehouse\dbt\target\semantic_manifest.json
[0m05:23:04.107377 [debug] [MainThread]: Wrote artifact OsiDocument to C:\Users\magic\Projects\PortVessel-lakehouse\dbt\target\osi_document.json
[0m05:23:04.113373 [debug] [MainThread]: Wrote artifact FreshnessResult to C:\Users\magic\Projects\PortVessel-lakehouse\dbt\target\sources.json
[0m05:23:04.113373 [info ] [MainThread]: Done.
[0m05:23:04.114376 [debug] [MainThread]: Command `dbt source freshness` succeeded at 05:23:04.114376 after 5.39 seconds
[0m05:23:04.115375 [debug] [MainThread]: Sending event: {'category': 'dbt', 'action': 'invocation', 'label': 'end', 'context': [<snowplow_tracker.self_describing_json.SelfDescribingJson object at 0x00000169B3BBF2F0>, <snowplow_tracker.self_describing_json.SelfDescribingJson object at 0x00000169E6F37440>, <snowplow_tracker.self_describing_json.SelfDescribingJson object at 0x00000169B25AE9F0>]}
[0m05:23:04.115375 [debug] [MainThread]: Flushing usage events
[0m05:23:04.861421 [debug] [MainThread]: An error was encountered while trying to flush usage events
[0m05:23:07.901730 [debug] [MainThread]: Sending event: {'category': 'dbt', 'action': 'invocation', 'label': 'start', 'context': [<snowplow_tracker.self_describing_json.SelfDescribingJson object at 0x0000021DFFA1A810>, <snowplow_tracker.self_describing_json.SelfDescribingJson object at 0x0000021DFFA184A0>, <snowplow_tracker.self_describing_json.SelfDescribingJson object at 0x0000021DFFA1AD20>]}


============================== 05:23:07.905733 | 86852f42-7e3a-44dc-99a0-f66e9ed46f50 ==============================
[0m05:23:07.905733 [info ] [MainThread]: Running with dbt=1.12.3
[0m05:23:07.905733 [debug] [MainThread]: running dbt with arguments {'version_check': 'True', 'no_print': 'None', 'maximum_seed_size_mib': '1', 'target_path': 'None', 'warn_error_options': 'WarnErrorOptionsV2(error=[], warn=[], silence=[])', 'static_parser': 'True', 'printer_width': '80', 'write_json': 'True', 'introspect': 'True', 'log_cache_events': 'False', 'empty': 'False', 'cache_selected_only': 'False', 'log_format': 'default', 'debug': 'False', 'fail_fast': 'False', 'profiles_dir': 'C:\\Users\\magic\\Projects\\PortVessel-lakehouse\\dbt', 'send_anonymous_usage_stats': 'True', 'quiet': 'False', 'warn_error': 'None', 'partial_parse': 'True', 'use_colors': 'True', 'hints_enabled': 'True', 'indirect_selection': 'eager', 'use_experimental_parser': 'False', 'invocation_command': 'dbt build --select marts', 'log_path': 'C:\\Users\\magic\\Projects\\PortVessel-lakehouse\\dbt\\logs'}
[0m05:23:09.082624 [debug] [MainThread]: Sending event: {'category': 'dbt', 'action': 'project_id', 'label': '86852f42-7e3a-44dc-99a0-f66e9ed46f50', 'context': [<snowplow_tracker.self_describing_json.SelfDescribingJson object at 0x0000021DFB373530>]}
[0m05:23:09.138624 [debug] [MainThread]: Sending event: {'category': 'dbt', 'action': 'adapter_info', 'label': '86852f42-7e3a-44dc-99a0-f66e9ed46f50', 'context': [<snowplow_tracker.self_describing_json.SelfDescribingJson object at 0x0000021DFFBFE3F0>]}
[0m05:23:09.139622 [info ] [MainThread]: Registered adapter: bigquery=1.12.0
[0m05:23:09.539918 [debug] [MainThread]: checksum: 5f143da5afd1a6b6298bff390d2cac426bc2fa3cddb0281a2f93c038cc305c8b, vars: {}, profile: portvessel, target: dev, version: 1.12.3
[0m05:23:09.690072 [debug] [MainThread]: Partial parsing enabled: 0 files deleted, 0 files added, 0 files changed.
[0m05:23:09.691071 [debug] [MainThread]: Nothing changed, skipping partial parsing.
[0m05:23:09.691071 [debug] [MainThread]: Partial parsing enabled, no changes found, skipping parsing
[0m05:23:09.699071 [debug] [MainThread]: Sending event: {'category': 'dbt', 'action': 'load_project', 'label': '86852f42-7e3a-44dc-99a0-f66e9ed46f50', 'context': [<snowplow_tracker.self_describing_json.SelfDescribingJson object at 0x0000021DFE15E450>]}
[0m05:23:09.833588 [debug] [MainThread]: Wrote artifact WritableManifest to C:\Users\magic\Projects\PortVessel-lakehouse\dbt\target\manifest.json
[0m05:23:09.837586 [debug] [MainThread]: Wrote artifact SemanticManifest to C:\Users\magic\Projects\PortVessel-lakehouse\dbt\target\semantic_manifest.json
[0m05:23:09.862590 [debug] [MainThread]: Wrote artifact OsiDocument to C:\Users\magic\Projects\PortVessel-lakehouse\dbt\target\osi_document.json
[0m05:23:09.890714 [debug] [MainThread]: Sending event: {'category': 'dbt', 'action': 'resource_counts', 'label': '86852f42-7e3a-44dc-99a0-f66e9ed46f50', 'context': [<snowplow_tracker.self_describing_json.SelfDescribingJson object at 0x0000021DB2CF0AA0>]}
[0m05:23:09.891712 [info ] [MainThread]: Found 2 models, 22 data tests, 4 sources, 678 macros
[0m05:23:09.893714 [info ] [MainThread]: 
[0m05:23:09.893714 [info ] [MainThread]: Concurrency: 4 threads (target='dev')
[0m05:23:09.894712 [info ] [MainThread]: 
[0m05:23:09.894712 [debug] [MainThread]: Acquiring new bigquery connection 'master'
[0m05:23:09.898712 [debug] [ThreadPool]: Acquiring new bigquery connection 'list_cloudprojects-506123'
[0m05:23:09.898712 [debug] [ThreadPool]: Opening a new connection, currently in state init
[0m05:23:11.600556 [debug] [ThreadPool]: Acquiring new bigquery connection 'list_cloudprojects-506123_portvessel_dev_marts'
[0m05:23:11.601556 [debug] [ThreadPool]: Opening a new connection, currently in state init
[0m05:23:12.149662 [debug] [MainThread]: Sending event: {'category': 'dbt', 'action': 'runnable_timing', 'label': '86852f42-7e3a-44dc-99a0-f66e9ed46f50', 'context': [<snowplow_tracker.self_describing_json.SelfDescribingJson object at 0x0000021DFB466CF0>]}
[0m05:23:12.149662 [debug] [MainThread]: Opening a new connection, currently in state init
[0m05:23:12.153663 [debug] [Thread-1 (]: Began running node model.portvessel.mart_port_congestion
[0m05:23:12.154662 [debug] [Thread-2 (]: Began running node model.portvessel.mart_vessel_risk
[0m05:23:12.155663 [info ] [Thread-1 (]: 1 of 10 START sql table model portvessel_dev_marts.mart_port_congestion ........ [RUN]
[0m05:23:12.156664 [debug] [Thread-1 (]: Acquiring new bigquery connection 'model.portvessel.mart_port_congestion'
[0m05:23:12.155663 [info ] [Thread-2 (]: 2 of 10 START sql table model portvessel_dev_marts.mart_vessel_risk ............ [RUN]
[0m05:23:12.156664 [debug] [Thread-1 (]: Began compiling node model.portvessel.mart_port_congestion
[0m05:23:12.156664 [debug] [Thread-2 (]: Acquiring new bigquery connection 'model.portvessel.mart_vessel_risk'
[0m05:23:12.167666 [debug] [Thread-1 (]: Writing injected SQL for node "model.portvessel.mart_port_congestion"
[0m05:23:12.168666 [debug] [Thread-2 (]: Began compiling node model.portvessel.mart_vessel_risk
[0m05:23:12.170667 [debug] [Thread-2 (]: Writing injected SQL for node "model.portvessel.mart_vessel_risk"
[0m05:23:12.170667 [debug] [Thread-1 (]: Began executing node model.portvessel.mart_port_congestion
[0m05:23:12.195180 [debug] [Thread-1 (]: Opening a new connection, currently in state init
[0m05:23:12.195180 [debug] [Thread-2 (]: Began executing node model.portvessel.mart_vessel_risk
[0m05:23:12.197182 [debug] [Thread-2 (]: Opening a new connection, currently in state init
[0m05:23:12.763170 [debug] [Thread-1 (]: Writing runtime sql for node "model.portvessel.mart_port_congestion"
[0m05:23:12.765175 [debug] [Thread-2 (]: Writing runtime sql for node "model.portvessel.mart_vessel_risk"
[0m05:23:12.765175 [debug] [Thread-1 (]: On model.portvessel.mart_port_congestion: /* {"app": "dbt", "dbt_version": "1.12.3", "profile_name": "portvessel", "target_name": "dev", "node_id": "model.portvessel.mart_port_congestion"} */

  
    

    create or replace table `cloudprojects-506123`.`portvessel_dev_marts`.`mart_port_congestion`
      
    partition by metric_date
    cluster by port_id

    
    OPTIONS(
      description="""Daily port congestion mart."""
    )
    as (
      

with source_data as (
    select
        metric_date,
        port_id,
        port_name,
        observed_port_calls,
        observed_vessels,
        port_calls_with_anchorage,
        median_port_duration_minutes,
        p90_port_duration_minutes,
        mean_port_duration_minutes,
        observed_with_anchorage_calls,
        partial_calls,
        source_object,
        source_sha256,
        loaded_at_utc,
        ingestion_run_id
    from `cloudprojects-506123`.`portvessel_dev_gold`.`agg_port_congestion_daily`
),

final as (
    select
        metric_date,
        port_id,
        port_name,
        observed_port_calls,
        observed_vessels,
        port_calls_with_anchorage,
        safe_divide(port_calls_with_anchorage, nullif(observed_port_calls, 0))
            as anchorage_call_rate,
        median_port_duration_minutes,
        p90_port_duration_minutes,
        mean_port_duration_minutes,
        observed_with_anchorage_calls,
        partial_calls,
        source_object,
        source_sha256,
        loaded_at_utc,
        ingestion_run_id
    from source_data
)

select * from final
    );
  
[0m05:23:12.767175 [debug] [Thread-2 (]: On model.portvessel.mart_vessel_risk: /* {"app": "dbt", "dbt_version": "1.12.3", "profile_name": "portvessel", "target_name": "dev", "node_id": "model.portvessel.mart_vessel_risk"} */

  
    

    create or replace table `cloudprojects-506123`.`portvessel_dev_marts`.`mart_vessel_risk`
      
    
    cluster by mmsi, operational_flag

    
    OPTIONS(
      description="""Vessel operational risk mart."""
    )
    as (
      

with risk_data as (
    select
        mmsi,
        port_call_count,
        port_calls_with_anchorage,
        partial_port_calls,
        persistent_anchorage_episode_count,
        max_port_duration_minutes,
        mean_port_duration_minutes,
        max_persistent_anchorage_dwell_minutes,
        mean_persistent_anchorage_dwell_minutes,
        max_observation_gap_minutes,
        operational_flag,
        source_object,
        source_sha256,
        loaded_at_utc,
        ingestion_run_id
    from `cloudprojects-506123`.`portvessel_dev_gold`.`vessel_operational_risk_flags`
),

final as (
    select
        mmsi,
        port_call_count,
        port_calls_with_anchorage,
        safe_divide(
            port_calls_with_anchorage,
            nullif(port_call_count, 0)
        ) as anchorage_call_rate,
        partial_port_calls,
        persistent_anchorage_episode_count,
        max_port_duration_minutes,
        mean_port_duration_minutes,
        max_persistent_anchorage_dwell_minutes,
        mean_persistent_anchorage_dwell_minutes,
        max_observation_gap_minutes,
        operational_flag,
        source_object,
        source_sha256,
        loaded_at_utc,
        ingestion_run_id
    from risk_data
)

select * from final
    );
  
[0m05:23:13.078013 [debug] [Thread-2 (]: BigQuery adapter: https://console.cloud.google.com/bigquery?project=cloudprojects-506123&j=bq:europe-west3:31839a6e-2c97-4358-8a91-ca74f6c32914&page=queryresults
[0m05:23:13.179790 [debug] [Thread-1 (]: BigQuery adapter: https://console.cloud.google.com/bigquery?project=cloudprojects-506123&j=bq:europe-west3:155c3125-a8f2-42cc-90c1-420bd2ed31e0&page=queryresults
[0m05:23:14.126962 [debug] [Thread-2 (]: SQL status: OK in 1.047 seconds
[0m05:23:14.356404 [debug] [Thread-1 (]: SQL status: OK in 1.176 seconds
[0m05:23:15.164564 [debug] [Thread-2 (]: Sending event: {'category': 'dbt', 'action': 'run_model', 'label': '86852f42-7e3a-44dc-99a0-f66e9ed46f50', 'context': [<snowplow_tracker.self_describing_json.SelfDescribingJson object at 0x0000021DB245D2E0>]}
[0m05:23:15.165566 [info ] [Thread-2 (]: 2 of 10 OK created sql table model portvessel_dev_marts.mart_vessel_risk ....... [[32mCREATE TABLE (428.0 rows, 117.3 KiB processed)[0m in 3.01s]
[0m05:23:15.166570 [debug] [Thread-2 (]: Finished running node model.portvessel.mart_vessel_risk
[0m05:23:15.167570 [debug] [Thread-4 (]: Began running node test.portvessel.dbt_utils_expression_is_true_mart_vessel_risk_anchorage_call_rate__between_0_and_1.a744c8ae33
[0m05:23:15.167570 [debug] [Thread-3 (]: Began running node test.portvessel.not_null_mart_vessel_risk_mmsi.b745f77b30
[0m05:23:15.168570 [debug] [Thread-2 (]: Began running node test.portvessel.not_null_mart_vessel_risk_operational_flag.27efd1e7dd
[0m05:23:15.167570 [info ] [Thread-4 (]: 3 of 10 START test dbt_utils_expression_is_true_mart_vessel_risk_anchorage_call_rate__between_0_and_1  [RUN]
[0m05:23:15.168570 [info ] [Thread-3 (]: 4 of 10 START test not_null_mart_vessel_risk_mmsi .............................. [RUN]
[0m05:23:15.169569 [debug] [Thread-4 (]: Acquiring new bigquery connection 'test.portvessel.dbt_utils_expression_is_true_mart_vessel_risk_anchorage_call_rate__between_0_and_1.a744c8ae33'
[0m05:23:15.169569 [info ] [Thread-2 (]: 5 of 10 START test not_null_mart_vessel_risk_operational_flag .................. [RUN]
[0m05:23:15.170573 [debug] [Thread-3 (]: Acquiring new bigquery connection 'test.portvessel.not_null_mart_vessel_risk_mmsi.b745f77b30'
[0m05:23:15.170573 [debug] [Thread-4 (]: Began compiling node test.portvessel.dbt_utils_expression_is_true_mart_vessel_risk_anchorage_call_rate__between_0_and_1.a744c8ae33
[0m05:23:15.171575 [debug] [Thread-2 (]: Re-using an available connection from the pool (formerly model.portvessel.mart_vessel_risk, now test.portvessel.not_null_mart_vessel_risk_operational_flag.27efd1e7dd)
[0m05:23:15.171575 [debug] [Thread-3 (]: Began compiling node test.portvessel.not_null_mart_vessel_risk_mmsi.b745f77b30
[0m05:23:15.191080 [debug] [Thread-4 (]: Writing injected SQL for node "test.portvessel.dbt_utils_expression_is_true_mart_vessel_risk_anchorage_call_rate__between_0_and_1.a744c8ae33"
[0m05:23:15.192082 [debug] [Thread-2 (]: Began compiling node test.portvessel.not_null_mart_vessel_risk_operational_flag.27efd1e7dd
[0m05:23:15.202080 [debug] [Thread-3 (]: Writing injected SQL for node "test.portvessel.not_null_mart_vessel_risk_mmsi.b745f77b30"
[0m05:23:15.208079 [debug] [Thread-2 (]: Writing injected SQL for node "test.portvessel.not_null_mart_vessel_risk_operational_flag.27efd1e7dd"
[0m05:23:15.208079 [debug] [Thread-4 (]: Began executing node test.portvessel.dbt_utils_expression_is_true_mart_vessel_risk_anchorage_call_rate__between_0_and_1.a744c8ae33
[0m05:23:15.223079 [debug] [Thread-4 (]: Writing runtime sql for node "test.portvessel.dbt_utils_expression_is_true_mart_vessel_risk_anchorage_call_rate__between_0_and_1.a744c8ae33"
[0m05:23:15.223079 [debug] [Thread-2 (]: Began executing node test.portvessel.not_null_mart_vessel_risk_operational_flag.27efd1e7dd
[0m05:23:15.225080 [debug] [Thread-2 (]: Writing runtime sql for node "test.portvessel.not_null_mart_vessel_risk_operational_flag.27efd1e7dd"
[0m05:23:15.225080 [debug] [Thread-3 (]: Began executing node test.portvessel.not_null_mart_vessel_risk_mmsi.b745f77b30
[0m05:23:15.227080 [debug] [Thread-3 (]: Writing runtime sql for node "test.portvessel.not_null_mart_vessel_risk_mmsi.b745f77b30"
[0m05:23:15.228080 [debug] [Thread-4 (]: On test.portvessel.dbt_utils_expression_is_true_mart_vessel_risk_anchorage_call_rate__between_0_and_1.a744c8ae33: /* {"app": "dbt", "dbt_version": "1.12.3", "profile_name": "portvessel", "target_name": "dev", "node_id": "test.portvessel.dbt_utils_expression_is_true_mart_vessel_risk_anchorage_call_rate__between_0_and_1.a744c8ae33"} */

    
    select
      count(*) as failures,
      count(*) != 0 as should_warn,
      count(*) != 0 as should_error
    from (
      
    
  



select
    1
from `cloudprojects-506123`.`portvessel_dev_marts`.`mart_vessel_risk`

where not(anchorage_call_rate between 0 and 1)


  
  
      
    ) dbt_internal_test
[0m05:23:15.228080 [debug] [Thread-4 (]: Opening a new connection, currently in state init
[0m05:23:15.229081 [debug] [Thread-2 (]: On test.portvessel.not_null_mart_vessel_risk_operational_flag.27efd1e7dd: /* {"app": "dbt", "dbt_version": "1.12.3", "profile_name": "portvessel", "target_name": "dev", "node_id": "test.portvessel.not_null_mart_vessel_risk_operational_flag.27efd1e7dd"} */

    
    select
      count(*) as failures,
      count(*) != 0 as should_warn,
      count(*) != 0 as should_error
    from (
      
    
  
    
    



select operational_flag
from `cloudprojects-506123`.`portvessel_dev_marts`.`mart_vessel_risk`
where operational_flag is null



  
  
      
    ) dbt_internal_test
[0m05:23:15.230080 [debug] [Thread-3 (]: On test.portvessel.not_null_mart_vessel_risk_mmsi.b745f77b30: /* {"app": "dbt", "dbt_version": "1.12.3", "profile_name": "portvessel", "target_name": "dev", "node_id": "test.portvessel.not_null_mart_vessel_risk_mmsi.b745f77b30"} */

    
    select
      count(*) as failures,
      count(*) != 0 as should_warn,
      count(*) != 0 as should_error
    from (
      
    
  
    
    



select mmsi
from `cloudprojects-506123`.`portvessel_dev_marts`.`mart_vessel_risk`
where mmsi is null



  
  
      
    ) dbt_internal_test
[0m05:23:15.230080 [debug] [Thread-2 (]: Opening a new connection, currently in state closed
[0m05:23:15.231081 [debug] [Thread-3 (]: Opening a new connection, currently in state init
[0m05:23:15.322626 [debug] [Thread-1 (]: Sending event: {'category': 'dbt', 'action': 'run_model', 'label': '86852f42-7e3a-44dc-99a0-f66e9ed46f50', 'context': [<snowplow_tracker.self_describing_json.SelfDescribingJson object at 0x0000021DB290C890>]}
[0m05:23:15.322626 [info ] [Thread-1 (]: 1 of 10 OK created sql table model portvessel_dev_marts.mart_port_congestion ... [[32mCREATE TABLE (4.0 rows, 1.3 KiB processed)[0m in 3.17s]
[0m05:23:15.323627 [debug] [Thread-1 (]: Finished running node model.portvessel.mart_port_congestion
[0m05:23:15.324626 [debug] [Thread-1 (]: Began running node test.portvessel.unique_mart_vessel_risk_mmsi.4f85864568
[0m05:23:15.324626 [info ] [Thread-1 (]: 6 of 10 START test unique_mart_vessel_risk_mmsi ................................ [RUN]
[0m05:23:15.325626 [debug] [Thread-1 (]: Re-using an available connection from the pool (formerly model.portvessel.mart_port_congestion, now test.portvessel.unique_mart_vessel_risk_mmsi.4f85864568)
[0m05:23:15.326625 [debug] [Thread-1 (]: Began compiling node test.portvessel.unique_mart_vessel_risk_mmsi.4f85864568
[0m05:23:15.335625 [debug] [Thread-1 (]: Writing injected SQL for node "test.portvessel.unique_mart_vessel_risk_mmsi.4f85864568"
[0m05:23:15.336626 [debug] [Thread-1 (]: Began executing node test.portvessel.unique_mart_vessel_risk_mmsi.4f85864568
[0m05:23:15.338626 [debug] [Thread-1 (]: Writing runtime sql for node "test.portvessel.unique_mart_vessel_risk_mmsi.4f85864568"
[0m05:23:15.339625 [debug] [Thread-1 (]: On test.portvessel.unique_mart_vessel_risk_mmsi.4f85864568: /* {"app": "dbt", "dbt_version": "1.12.3", "profile_name": "portvessel", "target_name": "dev", "node_id": "test.portvessel.unique_mart_vessel_risk_mmsi.4f85864568"} */

    
    select
      count(*) as failures,
      count(*) != 0 as should_warn,
      count(*) != 0 as should_error
    from (
      
    
  
    
    

with dbt_test__target as (

  select mmsi as unique_field
  from `cloudprojects-506123`.`portvessel_dev_marts`.`mart_vessel_risk`
  where mmsi is not null

)

select
    unique_field,
    count(*) as n_records

from dbt_test__target
group by unique_field
having count(*) > 1



  
  
      
    ) dbt_internal_test
[0m05:23:15.340625 [debug] [Thread-1 (]: Opening a new connection, currently in state closed
[0m05:23:16.020264 [debug] [Thread-2 (]: BigQuery adapter: https://console.cloud.google.com/bigquery?project=cloudprojects-506123&j=bq:europe-west3:33bd4119-20f4-4f27-8f2f-fc692ff3989d&page=queryresults
[0m05:23:16.100393 [debug] [Thread-1 (]: BigQuery adapter: https://console.cloud.google.com/bigquery?project=cloudprojects-506123&j=bq:europe-west3:d23b5b42-eab1-4fce-bdff-c410fadba57c&page=queryresults
[0m05:23:16.102395 [debug] [Thread-3 (]: BigQuery adapter: https://console.cloud.google.com/bigquery?project=cloudprojects-506123&j=bq:europe-west3:cf2f0046-5986-495b-8976-764e214017c8&page=queryresults
[0m05:23:16.138394 [debug] [Thread-2 (]: SQL status: OK in 0.118 seconds
[0m05:23:16.198461 [debug] [Thread-3 (]: SQL status: OK in 0.096 seconds
[0m05:23:16.227037 [debug] [Thread-4 (]: BigQuery adapter: https://console.cloud.google.com/bigquery?project=cloudprojects-506123&j=bq:europe-west3:840a70ec-db3c-4c0f-9a78-2a84037d29b9&page=queryresults
[0m05:23:16.229037 [debug] [Thread-1 (]: SQL status: OK in 0.128 seconds
[0m05:23:16.320955 [debug] [Thread-4 (]: SQL status: OK in 0.094 seconds
[0m05:23:16.337954 [info ] [Thread-2 (]: 5 of 10 PASS not_null_mart_vessel_risk_operational_flag ........................ [[32mPASS[0m in 1.17s]
[0m05:23:16.338953 [debug] [Thread-2 (]: Finished running node test.portvessel.not_null_mart_vessel_risk_operational_flag.27efd1e7dd
[0m05:23:16.338953 [debug] [Thread-2 (]: Began running node test.portvessel.dbt_utils_expression_is_true_mart_port_congestion_anchorage_call_rate__between_0_and_1.69e0fdf065
[0m05:23:16.339955 [info ] [Thread-2 (]: 7 of 10 START test dbt_utils_expression_is_true_mart_port_congestion_anchorage_call_rate__between_0_and_1  [RUN]
[0m05:23:16.339955 [debug] [Thread-2 (]: Re-using an available connection from the pool (formerly test.portvessel.not_null_mart_vessel_risk_operational_flag.27efd1e7dd, now test.portvessel.dbt_utils_expression_is_true_mart_port_congestion_anchorage_call_rate__between_0_and_1.69e0fdf065)
[0m05:23:16.340956 [debug] [Thread-2 (]: Began compiling node test.portvessel.dbt_utils_expression_is_true_mart_port_congestion_anchorage_call_rate__between_0_and_1.69e0fdf065
[0m05:23:16.345954 [debug] [Thread-2 (]: Writing injected SQL for node "test.portvessel.dbt_utils_expression_is_true_mart_port_congestion_anchorage_call_rate__between_0_and_1.69e0fdf065"
[0m05:23:16.346954 [debug] [Thread-2 (]: Began executing node test.portvessel.dbt_utils_expression_is_true_mart_port_congestion_anchorage_call_rate__between_0_and_1.69e0fdf065
[0m05:23:16.348956 [debug] [Thread-2 (]: Writing runtime sql for node "test.portvessel.dbt_utils_expression_is_true_mart_port_congestion_anchorage_call_rate__between_0_and_1.69e0fdf065"
[0m05:23:16.349956 [debug] [Thread-2 (]: On test.portvessel.dbt_utils_expression_is_true_mart_port_congestion_anchorage_call_rate__between_0_and_1.69e0fdf065: /* {"app": "dbt", "dbt_version": "1.12.3", "profile_name": "portvessel", "target_name": "dev", "node_id": "test.portvessel.dbt_utils_expression_is_true_mart_port_congestion_anchorage_call_rate__between_0_and_1.69e0fdf065"} */

    
    select
      count(*) as failures,
      count(*) != 0 as should_warn,
      count(*) != 0 as should_error
    from (
      
    
  



select
    1
from `cloudprojects-506123`.`portvessel_dev_marts`.`mart_port_congestion`

where not(anchorage_call_rate between 0 and 1)


  
  
      
    ) dbt_internal_test
[0m05:23:16.350956 [debug] [Thread-2 (]: Opening a new connection, currently in state closed
[0m05:23:16.413586 [info ] [Thread-3 (]: 4 of 10 PASS not_null_mart_vessel_risk_mmsi .................................... [[32mPASS[0m in 1.24s]
[0m05:23:16.414586 [debug] [Thread-3 (]: Finished running node test.portvessel.not_null_mart_vessel_risk_mmsi.b745f77b30
[0m05:23:16.414586 [debug] [Thread-3 (]: Began running node test.portvessel.not_null_mart_port_congestion_anchorage_call_rate.f16ef228d1
[0m05:23:16.415584 [info ] [Thread-3 (]: 8 of 10 START test not_null_mart_port_congestion_anchorage_call_rate ........... [RUN]
[0m05:23:16.415584 [debug] [Thread-3 (]: Re-using an available connection from the pool (formerly test.portvessel.not_null_mart_vessel_risk_mmsi.b745f77b30, now test.portvessel.not_null_mart_port_congestion_anchorage_call_rate.f16ef228d1)
[0m05:23:16.416585 [debug] [Thread-3 (]: Began compiling node test.portvessel.not_null_mart_port_congestion_anchorage_call_rate.f16ef228d1
[0m05:23:16.423584 [debug] [Thread-3 (]: Writing injected SQL for node "test.portvessel.not_null_mart_port_congestion_anchorage_call_rate.f16ef228d1"
[0m05:23:16.424585 [debug] [Thread-3 (]: Began executing node test.portvessel.not_null_mart_port_congestion_anchorage_call_rate.f16ef228d1
[0m05:23:16.425584 [debug] [Thread-3 (]: Writing runtime sql for node "test.portvessel.not_null_mart_port_congestion_anchorage_call_rate.f16ef228d1"
[0m05:23:16.426583 [debug] [Thread-3 (]: On test.portvessel.not_null_mart_port_congestion_anchorage_call_rate.f16ef228d1: /* {"app": "dbt", "dbt_version": "1.12.3", "profile_name": "portvessel", "target_name": "dev", "node_id": "test.portvessel.not_null_mart_port_congestion_anchorage_call_rate.f16ef228d1"} */

    
    select
      count(*) as failures,
      count(*) != 0 as should_warn,
      count(*) != 0 as should_error
    from (
      
    
  
    
    



select anchorage_call_rate
from `cloudprojects-506123`.`portvessel_dev_marts`.`mart_port_congestion`
where anchorage_call_rate is null



  
  
      
    ) dbt_internal_test
[0m05:23:16.427588 [debug] [Thread-3 (]: Opening a new connection, currently in state closed
[0m05:23:16.518795 [info ] [Thread-1 (]: 6 of 10 PASS unique_mart_vessel_risk_mmsi ...................................... [[32mPASS[0m in 1.19s]
[0m05:23:16.518795 [debug] [Thread-1 (]: Finished running node test.portvessel.unique_mart_vessel_risk_mmsi.4f85864568
[0m05:23:16.519796 [debug] [Thread-1 (]: Began running node test.portvessel.not_null_mart_port_congestion_metric_date.7325c852e2
[0m05:23:16.519796 [info ] [Thread-1 (]: 9 of 10 START test not_null_mart_port_congestion_metric_date ................... [RUN]
[0m05:23:16.520795 [debug] [Thread-1 (]: Re-using an available connection from the pool (formerly test.portvessel.unique_mart_vessel_risk_mmsi.4f85864568, now test.portvessel.not_null_mart_port_congestion_metric_date.7325c852e2)
[0m05:23:16.520795 [debug] [Thread-1 (]: Began compiling node test.portvessel.not_null_mart_port_congestion_metric_date.7325c852e2
[0m05:23:16.528796 [debug] [Thread-1 (]: Writing injected SQL for node "test.portvessel.not_null_mart_port_congestion_metric_date.7325c852e2"
[0m05:23:16.529796 [debug] [Thread-1 (]: Began executing node test.portvessel.not_null_mart_port_congestion_metric_date.7325c852e2
[0m05:23:16.531796 [debug] [Thread-1 (]: Writing runtime sql for node "test.portvessel.not_null_mart_port_congestion_metric_date.7325c852e2"
[0m05:23:16.532796 [debug] [Thread-1 (]: On test.portvessel.not_null_mart_port_congestion_metric_date.7325c852e2: /* {"app": "dbt", "dbt_version": "1.12.3", "profile_name": "portvessel", "target_name": "dev", "node_id": "test.portvessel.not_null_mart_port_congestion_metric_date.7325c852e2"} */

    
    select
      count(*) as failures,
      count(*) != 0 as should_warn,
      count(*) != 0 as should_error
    from (
      
    
  
    
    



select metric_date
from `cloudprojects-506123`.`portvessel_dev_marts`.`mart_port_congestion`
where metric_date is null



  
  
      
    ) dbt_internal_test
[0m05:23:16.532796 [debug] [Thread-1 (]: Opening a new connection, currently in state closed
[0m05:23:16.626314 [info ] [Thread-4 (]: 3 of 10 PASS dbt_utils_expression_is_true_mart_vessel_risk_anchorage_call_rate__between_0_and_1  [[32mPASS[0m in 1.46s]
[0m05:23:16.627315 [debug] [Thread-4 (]: Finished running node test.portvessel.dbt_utils_expression_is_true_mart_vessel_risk_anchorage_call_rate__between_0_and_1.a744c8ae33
[0m05:23:16.628314 [debug] [Thread-4 (]: Began running node test.portvessel.not_null_mart_port_congestion_port_id.85d8a4aa79
[0m05:23:16.628314 [info ] [Thread-4 (]: 10 of 10 START test not_null_mart_port_congestion_port_id ...................... [RUN]
[0m05:23:16.629313 [debug] [Thread-4 (]: Re-using an available connection from the pool (formerly test.portvessel.dbt_utils_expression_is_true_mart_vessel_risk_anchorage_call_rate__between_0_and_1.a744c8ae33, now test.portvessel.not_null_mart_port_congestion_port_id.85d8a4aa79)
[0m05:23:16.629313 [debug] [Thread-4 (]: Began compiling node test.portvessel.not_null_mart_port_congestion_port_id.85d8a4aa79
[0m05:23:16.635313 [debug] [Thread-4 (]: Writing injected SQL for node "test.portvessel.not_null_mart_port_congestion_port_id.85d8a4aa79"
[0m05:23:16.636313 [debug] [Thread-4 (]: Began executing node test.portvessel.not_null_mart_port_congestion_port_id.85d8a4aa79
[0m05:23:16.638315 [debug] [Thread-4 (]: Writing runtime sql for node "test.portvessel.not_null_mart_port_congestion_port_id.85d8a4aa79"
[0m05:23:16.639313 [debug] [Thread-4 (]: On test.portvessel.not_null_mart_port_congestion_port_id.85d8a4aa79: /* {"app": "dbt", "dbt_version": "1.12.3", "profile_name": "portvessel", "target_name": "dev", "node_id": "test.portvessel.not_null_mart_port_congestion_port_id.85d8a4aa79"} */

    
    select
      count(*) as failures,
      count(*) != 0 as should_warn,
      count(*) != 0 as should_error
    from (
      
    
  
    
    



select port_id
from `cloudprojects-506123`.`portvessel_dev_marts`.`mart_port_congestion`
where port_id is null



  
  
      
    ) dbt_internal_test
[0m05:23:16.640314 [debug] [Thread-4 (]: Opening a new connection, currently in state closed
[0m05:23:17.124077 [debug] [Thread-2 (]: BigQuery adapter: https://console.cloud.google.com/bigquery?project=cloudprojects-506123&j=bq:europe-west3:d73ad922-758d-4483-b55d-5cfeebe54500&page=queryresults
[0m05:23:17.256893 [debug] [Thread-1 (]: BigQuery adapter: https://console.cloud.google.com/bigquery?project=cloudprojects-506123&j=bq:europe-west3:87cf5128-6814-403a-ac86-f98cd19adb9a&page=queryresults
[0m05:23:17.260892 [debug] [Thread-3 (]: BigQuery adapter: https://console.cloud.google.com/bigquery?project=cloudprojects-506123&j=bq:europe-west3:05da2599-259a-4a0e-94cb-0404479c5f2b&page=queryresults
[0m05:23:17.367522 [debug] [Thread-3 (]: SQL status: OK in 0.106 seconds
[0m05:23:17.392034 [debug] [Thread-4 (]: BigQuery adapter: https://console.cloud.google.com/bigquery?project=cloudprojects-506123&j=bq:europe-west3:16eeec26-7aa5-4d45-ac1c-d88f0fd67781&page=queryresults
[0m05:23:17.405840 [debug] [Thread-1 (]: SQL status: OK in 0.148 seconds
[0m05:23:17.457841 [debug] [Thread-2 (]: SQL status: OK in 0.333 seconds
[0m05:23:17.513080 [debug] [Thread-4 (]: SQL status: OK in 0.120 seconds
[0m05:23:17.609388 [info ] [Thread-1 (]: 9 of 10 PASS not_null_mart_port_congestion_metric_date ......................... [[32mPASS[0m in 1.09s]
[0m05:23:17.610389 [debug] [Thread-1 (]: Finished running node test.portvessel.not_null_mart_port_congestion_metric_date.7325c852e2
[0m05:23:17.622388 [info ] [Thread-3 (]: 8 of 10 PASS not_null_mart_port_congestion_anchorage_call_rate ................. [[32mPASS[0m in 1.21s]
[0m05:23:17.623388 [debug] [Thread-3 (]: Finished running node test.portvessel.not_null_mart_port_congestion_anchorage_call_rate.f16ef228d1
[0m05:23:17.671392 [info ] [Thread-4 (]: 10 of 10 PASS not_null_mart_port_congestion_port_id ............................ [[32mPASS[0m in 1.04s]
[0m05:23:17.672391 [debug] [Thread-4 (]: Finished running node test.portvessel.not_null_mart_port_congestion_port_id.85d8a4aa79
[0m05:23:17.728046 [info ] [Thread-2 (]: 7 of 10 PASS dbt_utils_expression_is_true_mart_port_congestion_anchorage_call_rate__between_0_and_1  [[32mPASS[0m in 1.39s]
[0m05:23:17.729045 [debug] [Thread-2 (]: Finished running node test.portvessel.dbt_utils_expression_is_true_mart_port_congestion_anchorage_call_rate__between_0_and_1.69e0fdf065
[0m05:23:17.730047 [debug] [MainThread]: Opening a new connection, currently in state closed
[0m05:23:17.731045 [debug] [MainThread]: Connection 'master' was properly closed.
[0m05:23:17.731045 [debug] [MainThread]: Connection 'list_cloudprojects-506123' was properly closed.
[0m05:23:17.731045 [debug] [MainThread]: Connection 'list_cloudprojects-506123_portvessel_dev_marts' was properly closed.
[0m05:23:17.731045 [debug] [MainThread]: Connection 'test.portvessel.not_null_mart_port_congestion_metric_date.7325c852e2' was properly closed.
[0m05:23:17.732045 [debug] [MainThread]: Connection 'test.portvessel.dbt_utils_expression_is_true_mart_port_congestion_anchorage_call_rate__between_0_and_1.69e0fdf065' was properly closed.
[0m05:23:17.732045 [debug] [MainThread]: Connection 'test.portvessel.not_null_mart_port_congestion_port_id.85d8a4aa79' was properly closed.
[0m05:23:17.732045 [debug] [MainThread]: Connection 'test.portvessel.not_null_mart_port_congestion_anchorage_call_rate.f16ef228d1' was properly closed.
[0m05:23:17.732045 [info ] [MainThread]: 
[0m05:23:17.733045 [info ] [MainThread]: Finished running 2 table models, 8 data tests in 0 hours 0 minutes and 7.84 seconds (7.84s).
[0m05:23:17.735046 [debug] [MainThread]: Command end result
[0m05:23:17.781049 [debug] [MainThread]: Wrote artifact WritableManifest to C:\Users\magic\Projects\PortVessel-lakehouse\dbt\target\manifest.json
[0m05:23:17.784051 [debug] [MainThread]: Wrote artifact SemanticManifest to C:\Users\magic\Projects\PortVessel-lakehouse\dbt\target\semantic_manifest.json
[0m05:23:17.788561 [debug] [MainThread]: Wrote artifact OsiDocument to C:\Users\magic\Projects\PortVessel-lakehouse\dbt\target\osi_document.json
[0m05:23:17.794562 [debug] [MainThread]: Wrote artifact RunExecutionResult to C:\Users\magic\Projects\PortVessel-lakehouse\dbt\target\run_results.json
[0m05:23:17.794562 [info ] [MainThread]: 
[0m05:23:17.794562 [info ] [MainThread]: [32mCompleted successfully[0m
[0m05:23:17.795562 [info ] [MainThread]: 
[0m05:23:17.795562 [info ] [MainThread]: Done. PASS=10 WARN=0 ERROR=0 SKIP=0 NO-OP=0 REUSED=0 TOTAL=10
[0m05:23:17.796561 [debug] [MainThread]: Command `dbt build` succeeded at 05:23:17.796561 after 10.00 seconds
[0m05:23:17.796561 [debug] [MainThread]: Sending event: {'category': 'dbt', 'action': 'invocation', 'label': 'end', 'context': [<snowplow_tracker.self_describing_json.SelfDescribingJson object at 0x0000021DFCE3F440>, <snowplow_tracker.self_describing_json.SelfDescribingJson object at 0x0000021DFDF1B0B0>, <snowplow_tracker.self_describing_json.SelfDescribingJson object at 0x0000021DB291CAA0>]}
[0m05:23:17.797562 [debug] [MainThread]: Flushing usage events
[0m05:23:18.516784 [debug] [MainThread]: An error was encountered while trying to flush usage events
[0m05:49:46.775278 [debug] [MainThread]: Sending event: {'category': 'dbt', 'action': 'invocation', 'label': 'start', 'context': [<snowplow_tracker.self_describing_json.SelfDescribingJson object at 0x00000287FFEDEA20>, <snowplow_tracker.self_describing_json.SelfDescribingJson object at 0x00000287FE1BF860>, <snowplow_tracker.self_describing_json.SelfDescribingJson object at 0x0000028780FEAF30>]}


============================== 05:49:46.778373 | 11ad6c1f-d13d-4434-bc02-adfdfe40d88a ==============================
[0m05:49:46.778373 [info ] [MainThread]: Running with dbt=1.12.3
[0m05:49:46.779373 [debug] [MainThread]: running dbt with arguments {'maximum_seed_size_mib': '1', 'no_print': 'None', 'static_parser': 'True', 'warn_error_options': 'WarnErrorOptionsV2(error=[], warn=[], silence=[])', 'version_check': 'True', 'target_path': 'None', 'printer_width': '80', 'write_json': 'True', 'empty': 'None', 'log_cache_events': 'False', 'introspect': 'True', 'cache_selected_only': 'False', 'log_format': 'default', 'debug': 'False', 'fail_fast': 'False', 'partial_parse': 'True', 'send_anonymous_usage_stats': 'True', 'quiet': 'False', 'warn_error': 'None', 'profiles_dir': 'C:\\Users\\magic\\Projects\\PortVessel-lakehouse\\dbt', 'invocation_command': 'dbt source freshness', 'hints_enabled': 'True', 'indirect_selection': 'eager', 'use_experimental_parser': 'False', 'use_colors': 'True', 'log_path': 'C:\\Users\\magic\\Projects\\PortVessel-lakehouse\\dbt\\logs'}
[0m05:49:47.788057 [debug] [MainThread]: Sending event: {'category': 'dbt', 'action': 'project_id', 'label': '11ad6c1f-d13d-4434-bc02-adfdfe40d88a', 'context': [<snowplow_tracker.self_describing_json.SelfDescribingJson object at 0x00000287B1A781D0>]}
[0m05:49:47.836581 [debug] [MainThread]: Sending event: {'category': 'dbt', 'action': 'adapter_info', 'label': '11ad6c1f-d13d-4434-bc02-adfdfe40d88a', 'context': [<snowplow_tracker.self_describing_json.SelfDescribingJson object at 0x00000287FC8664B0>]}
[0m05:49:47.836581 [info ] [MainThread]: Registered adapter: bigquery=1.12.0
[0m05:49:48.184983 [debug] [MainThread]: checksum: 5f143da5afd1a6b6298bff390d2cac426bc2fa3cddb0281a2f93c038cc305c8b, vars: {}, profile: portvessel, target: dev, version: 1.12.3
[0m05:49:48.278169 [warn ] [MainThread]: [[33mWARNING[0m][PropertyMovedToConfigDeprecation]: Deprecated functionality
Found `loaded_at_field` as a top-level property of `sources[0].tables[0]` in
file `models\sources.yml`. The `loaded_at_field` top-level property should be
moved into the `config` of `sources[0].tables[0]`.
[0m05:49:48.278169 [debug] [MainThread]: Sending event: {'category': 'dbt', 'action': 'deprecation', 'label': '11ad6c1f-d13d-4434-bc02-adfdfe40d88a', 'property_': 'warn', 'context': [<snowplow_tracker.self_describing_json.SelfDescribingJson object at 0x00000287B3AED7F0>]}
[0m05:49:48.325491 [debug] [MainThread]: Partial parsing enabled: 0 files deleted, 0 files added, 1 files changed.
[0m05:49:48.326490 [debug] [MainThread]: Partial parsing: updated file: portvessel://models\sources.yml
[0m05:49:48.699559 [warn ] [MainThread]: [[33mWARNING[0m][MissingArgumentsPropertyInGenericTestDeprecation]: Deprecated
functionality
Found top-level arguments to test `dbt_utils.expression_is_true` defined on
'mart_port_congestion' in package 'portvessel' (models\schema.yml). Arguments to
generic tests should be nested under the `arguments` property.
[0m05:49:48.699559 [debug] [MainThread]: Sending event: {'category': 'dbt', 'action': 'deprecation', 'label': '11ad6c1f-d13d-4434-bc02-adfdfe40d88a', 'property_': 'warn', 'context': [<snowplow_tracker.self_describing_json.SelfDescribingJson object at 0x00000287B43BF2C0>]}
[0m05:49:48.881488 [debug] [MainThread]: Sending event: {'category': 'dbt', 'action': 'load_project', 'label': '11ad6c1f-d13d-4434-bc02-adfdfe40d88a', 'context': [<snowplow_tracker.self_describing_json.SelfDescribingJson object at 0x00000287B4530950>]}
[0m05:49:48.962840 [debug] [MainThread]: Wrote artifact WritableManifest to C:\Users\magic\Projects\PortVessel-lakehouse\dbt\target\manifest.json
[0m05:49:48.965018 [debug] [MainThread]: Wrote artifact SemanticManifest to C:\Users\magic\Projects\PortVessel-lakehouse\dbt\target\semantic_manifest.json
[0m05:49:48.985534 [debug] [MainThread]: Wrote artifact OsiDocument to C:\Users\magic\Projects\PortVessel-lakehouse\dbt\target\osi_document.json
[0m05:49:48.996824 [debug] [MainThread]: Sending event: {'category': 'dbt', 'action': 'resource_counts', 'label': '11ad6c1f-d13d-4434-bc02-adfdfe40d88a', 'context': [<snowplow_tracker.self_describing_json.SelfDescribingJson object at 0x00000287B463E600>]}
[0m05:49:48.996824 [info ] [MainThread]: Found 2 models, 22 data tests, 4 sources, 678 macros
[0m05:49:48.996824 [debug] [MainThread]: Sending event: {'category': 'dbt', 'action': 'runnable_timing', 'label': '11ad6c1f-d13d-4434-bc02-adfdfe40d88a', 'context': [<snowplow_tracker.self_describing_json.SelfDescribingJson object at 0x00000287B4567230>]}
[0m05:49:48.998823 [info ] [MainThread]: 
[0m05:49:48.998823 [info ] [MainThread]: Concurrency: 4 threads (target='dev')
[0m05:49:48.999826 [info ] [MainThread]: 
[0m05:49:48.999826 [debug] [MainThread]: Acquiring new bigquery connection 'master'
[0m05:49:49.002824 [debug] [ThreadPool]: Acquiring new bigquery connection 'list_cloudprojects-506123_portvessel_dev_marts'
[0m05:49:49.003826 [debug] [ThreadPool]: Opening a new connection, currently in state init
[0m05:49:50.530728 [debug] [MainThread]: Sending event: {'category': 'dbt', 'action': 'runnable_timing', 'label': '11ad6c1f-d13d-4434-bc02-adfdfe40d88a', 'context': [<snowplow_tracker.self_describing_json.SelfDescribingJson object at 0x00000287B44788C0>]}
[0m05:49:50.531728 [debug] [MainThread]: Opening a new connection, currently in state init
[0m05:49:50.531728 [info ] [MainThread]: Pulling freshness from warehouse metadata tables for 0 sources
[0m05:49:50.532729 [warn ] [MainThread]: [[33mWARNING[0m]: Use information schema TABLE_STORAGE table to calculate source freshness in batch.
You may opt into the new behavior sooner by setting `flags.bigquery_use_batch_source_freshness` to `True` in `dbt_project.yml`.
Visit https://docs.getdbt.com/reference/global-configs/behavior-changes for more information.
[0m05:49:50.532729 [debug] [MainThread]: Sending event: {'category': 'dbt', 'action': 'BehaviorChangeEvent', 'label': '11ad6c1f-d13d-4434-bc02-adfdfe40d88a', 'context': [<snowplow_tracker.self_describing_json.SelfDescribingJson object at 0x00000287B4567230>]}
[0m05:49:50.536731 [debug] [Thread-1 (]: Began running node source.portvessel.portvessel_gold.agg_port_congestion_daily
[0m05:49:50.536731 [debug] [Thread-2 (]: Began running node source.portvessel.portvessel_gold.fct_anchorage_dwell
[0m05:49:50.536731 [info ] [Thread-1 (]: 1 of 2 START freshness of portvessel_gold.agg_port_congestion_daily ............ [RUN]
[0m05:49:50.537732 [debug] [Thread-1 (]: Acquiring new bigquery connection 'source.portvessel.portvessel_gold.agg_port_congestion_daily'
[0m05:49:50.537732 [info ] [Thread-2 (]: 2 of 2 START freshness of portvessel_gold.fct_anchorage_dwell .................. [RUN]
[0m05:49:50.538729 [debug] [Thread-1 (]: Began compiling node source.portvessel.portvessel_gold.agg_port_congestion_daily
[0m05:49:50.538729 [debug] [Thread-2 (]: Acquiring new bigquery connection 'source.portvessel.portvessel_gold.fct_anchorage_dwell'
[0m05:49:50.538729 [debug] [Thread-1 (]: Began executing node source.portvessel.portvessel_gold.agg_port_congestion_daily
[0m05:49:50.539728 [debug] [Thread-2 (]: Began compiling node source.portvessel.portvessel_gold.fct_anchorage_dwell
[0m05:49:50.548728 [debug] [Thread-1 (]: On source.portvessel.portvessel_gold.agg_port_congestion_daily: /* {"app": "dbt", "dbt_version": "1.12.3", "profile_name": "portvessel", "target_name": "dev", "node_id": "source.portvessel.portvessel_gold.agg_port_congestion_daily"} */
select
      max(loaded_at_utc) as max_loaded_at,
      current_timestamp() as snapshotted_at
    from `cloudprojects-506123`.`portvessel_dev_gold`.`agg_port_congestion_daily`
    
  
[0m05:49:50.549729 [debug] [Thread-2 (]: Began executing node source.portvessel.portvessel_gold.fct_anchorage_dwell
[0m05:49:50.549729 [debug] [Thread-1 (]: Opening a new connection, currently in state init
[0m05:49:50.551729 [debug] [Thread-2 (]: On source.portvessel.portvessel_gold.fct_anchorage_dwell: /* {"app": "dbt", "dbt_version": "1.12.3", "profile_name": "portvessel", "target_name": "dev", "node_id": "source.portvessel.portvessel_gold.fct_anchorage_dwell"} */
select
      max(loaded_at_utc) as max_loaded_at,
      current_timestamp() as snapshotted_at
    from `cloudprojects-506123`.`portvessel_dev_gold`.`fct_anchorage_dwell`
    
  
[0m05:49:50.552730 [debug] [Thread-2 (]: Opening a new connection, currently in state init
[0m05:49:51.224115 [debug] [Thread-2 (]: BigQuery adapter: https://console.cloud.google.com/bigquery?project=cloudprojects-506123&j=bq:europe-west3:70f8af1e-7b48-4baa-887f-91f2ea9a2af1&page=queryresults
[0m05:49:51.360896 [debug] [Thread-1 (]: BigQuery adapter: https://console.cloud.google.com/bigquery?project=cloudprojects-506123&j=bq:europe-west3:0cc23f27-bd4a-4952-8d92-bfe3413e3866&page=queryresults
[0m05:49:51.380544 [debug] [Thread-2 (]: SQL status: OK in 0.155 seconds
[0m05:49:51.539036 [debug] [Thread-1 (]: SQL status: OK in 0.178 seconds
[0m05:49:51.658504 [info ] [Thread-2 (]: 2 of 2 PASS freshness of portvessel_gold.fct_anchorage_dwell ................... [[32mPASS[0m in 1.12s]
[0m05:49:51.658504 [debug] [Thread-2 (]: Finished running node source.portvessel.portvessel_gold.fct_anchorage_dwell
[0m05:49:51.773339 [info ] [Thread-1 (]: 1 of 2 PASS freshness of portvessel_gold.agg_port_congestion_daily ............. [[32mPASS[0m in 1.24s]
[0m05:49:51.774338 [debug] [Thread-1 (]: Finished running node source.portvessel.portvessel_gold.agg_port_congestion_daily
[0m05:49:51.775340 [debug] [MainThread]: Opening a new connection, currently in state closed
[0m05:49:51.775340 [debug] [MainThread]: Connection 'master' was properly closed.
[0m05:49:51.775340 [debug] [MainThread]: Connection 'list_cloudprojects-506123_portvessel_dev_marts' was properly closed.
[0m05:49:51.776339 [debug] [MainThread]: Connection 'source.portvessel.portvessel_gold.agg_port_congestion_daily' was properly closed.
[0m05:49:51.776339 [debug] [MainThread]: Connection 'source.portvessel.portvessel_gold.fct_anchorage_dwell' was properly closed.
[0m05:49:51.776339 [info ] [MainThread]: 
[0m05:49:51.777341 [info ] [MainThread]: Finished running 2 sources in 0 hours 0 minutes and 2.78 seconds (2.78s).
[0m05:49:51.812601 [debug] [MainThread]: Wrote artifact WritableManifest to C:\Users\magic\Projects\PortVessel-lakehouse\dbt\target\manifest.json
[0m05:49:51.814938 [debug] [MainThread]: Wrote artifact SemanticManifest to C:\Users\magic\Projects\PortVessel-lakehouse\dbt\target\semantic_manifest.json
[0m05:49:51.817495 [debug] [MainThread]: Wrote artifact OsiDocument to C:\Users\magic\Projects\PortVessel-lakehouse\dbt\target\osi_document.json
[0m05:49:51.820503 [debug] [MainThread]: Wrote artifact FreshnessResult to C:\Users\magic\Projects\PortVessel-lakehouse\dbt\target\sources.json
[0m05:49:51.820503 [info ] [MainThread]: Done.
[0m05:49:51.821504 [warn ] [MainThread]: [[33mWARNING[0m][DeprecationsSummary]: Deprecated functionality
Summary of encountered deprecations:
- PropertyMovedToConfigDeprecation: 2 occurrences
- MissingArgumentsPropertyInGenericTestDeprecation: 2 occurrences
To see all deprecation instances instead of just the first occurrence of each,
run command again with the `--show-all-deprecations` flag. You may also need to
run with `--no-partial-parse` as some deprecations are only encountered during
parsing.
[0m05:49:51.822501 [debug] [MainThread]: Command `dbt source freshness` succeeded at 05:49:51.822501 after 5.16 seconds
[0m05:49:51.822501 [debug] [MainThread]: Sending event: {'category': 'dbt', 'action': 'invocation', 'label': 'end', 'context': [<snowplow_tracker.self_describing_json.SelfDescribingJson object at 0x00000287FFE51C10>, <snowplow_tracker.self_describing_json.SelfDescribingJson object at 0x00000287FFFCE540>, <snowplow_tracker.self_describing_json.SelfDescribingJson object at 0x00000287FF33B080>]}
[0m05:49:51.822501 [debug] [MainThread]: Flushing usage events
[0m05:49:52.513579 [debug] [MainThread]: An error was encountered while trying to flush usage events
[0m05:49:55.408458 [debug] [MainThread]: Sending event: {'category': 'dbt', 'action': 'invocation', 'label': 'start', 'context': [<snowplow_tracker.self_describing_json.SelfDescribingJson object at 0x000001DF1874A7B0>, <snowplow_tracker.self_describing_json.SelfDescribingJson object at 0x000001DF1571EB70>, <snowplow_tracker.self_describing_json.SelfDescribingJson object at 0x000001DF186495B0>]}


============================== 05:49:55.412458 | 0356df02-d7a3-4e50-a639-b7e616f565a5 ==============================
[0m05:49:55.412458 [info ] [MainThread]: Running with dbt=1.12.3
[0m05:49:55.412458 [debug] [MainThread]: running dbt with arguments {'static_parser': 'True', 'no_print': 'None', 'maximum_seed_size_mib': '1', 'warn_error_options': 'WarnErrorOptionsV2(error=[], warn=[], silence=[])', 'target_path': 'None', 'version_check': 'True', 'printer_width': '80', 'write_json': 'True', 'empty': 'False', 'log_cache_events': 'False', 'introspect': 'True', 'cache_selected_only': 'False', 'log_format': 'default', 'debug': 'False', 'fail_fast': 'False', 'partial_parse': 'True', 'send_anonymous_usage_stats': 'True', 'quiet': 'False', 'warn_error': 'None', 'profiles_dir': 'C:\\Users\\magic\\Projects\\PortVessel-lakehouse\\dbt', 'indirect_selection': 'eager', 'hints_enabled': 'True', 'use_colors': 'True', 'use_experimental_parser': 'False', 'invocation_command': 'dbt build --select marts', 'log_path': 'C:\\Users\\magic\\Projects\\PortVessel-lakehouse\\dbt\\logs'}
[0m05:49:56.413207 [debug] [MainThread]: Sending event: {'category': 'dbt', 'action': 'project_id', 'label': '0356df02-d7a3-4e50-a639-b7e616f565a5', 'context': [<snowplow_tracker.self_describing_json.SelfDescribingJson object at 0x000001DF18345700>]}
[0m05:49:56.463815 [debug] [MainThread]: Sending event: {'category': 'dbt', 'action': 'adapter_info', 'label': '0356df02-d7a3-4e50-a639-b7e616f565a5', 'context': [<snowplow_tracker.self_describing_json.SelfDescribingJson object at 0x000001DF4B5F6240>]}
[0m05:49:56.464816 [info ] [MainThread]: Registered adapter: bigquery=1.12.0
[0m05:49:56.804018 [debug] [MainThread]: checksum: 5f143da5afd1a6b6298bff390d2cac426bc2fa3cddb0281a2f93c038cc305c8b, vars: {}, profile: portvessel, target: dev, version: 1.12.3
[0m05:49:56.903414 [warn ] [MainThread]: [[33mWARNING[0m][PropertyMovedToConfigDeprecation]: Deprecated functionality
Found `loaded_at_field` as a top-level property of `sources[0].tables[0]` in
file `models\sources.yml`. The `loaded_at_field` top-level property should be
moved into the `config` of `sources[0].tables[0]`.
[0m05:49:56.904416 [debug] [MainThread]: Sending event: {'category': 'dbt', 'action': 'deprecation', 'label': '0356df02-d7a3-4e50-a639-b7e616f565a5', 'property_': 'warn', 'context': [<snowplow_tracker.self_describing_json.SelfDescribingJson object at 0x000001DF4CDB6F90>]}
[0m05:49:56.947977 [debug] [MainThread]: Partial parsing enabled: 0 files deleted, 0 files added, 0 files changed.
[0m05:49:56.947977 [debug] [MainThread]: Nothing changed, skipping partial parsing.
[0m05:49:56.947977 [debug] [MainThread]: Partial parsing enabled, no changes found, skipping parsing
[0m05:49:56.954976 [debug] [MainThread]: Sending event: {'category': 'dbt', 'action': 'load_project', 'label': '0356df02-d7a3-4e50-a639-b7e616f565a5', 'context': [<snowplow_tracker.self_describing_json.SelfDescribingJson object at 0x000001DF4CFC45F0>]}
[0m05:49:57.067457 [debug] [MainThread]: Wrote artifact WritableManifest to C:\Users\magic\Projects\PortVessel-lakehouse\dbt\target\manifest.json
[0m05:49:57.069456 [debug] [MainThread]: Wrote artifact SemanticManifest to C:\Users\magic\Projects\PortVessel-lakehouse\dbt\target\semantic_manifest.json
[0m05:49:57.088971 [debug] [MainThread]: Wrote artifact OsiDocument to C:\Users\magic\Projects\PortVessel-lakehouse\dbt\target\osi_document.json
[0m05:49:57.109238 [debug] [MainThread]: Sending event: {'category': 'dbt', 'action': 'resource_counts', 'label': '0356df02-d7a3-4e50-a639-b7e616f565a5', 'context': [<snowplow_tracker.self_describing_json.SelfDescribingJson object at 0x000001DF4D11A390>]}
[0m05:49:57.110239 [info ] [MainThread]: Found 2 models, 22 data tests, 4 sources, 678 macros
[0m05:49:57.111237 [info ] [MainThread]: 
[0m05:49:57.112238 [info ] [MainThread]: Concurrency: 4 threads (target='dev')
[0m05:49:57.112238 [info ] [MainThread]: 
[0m05:49:57.112238 [debug] [MainThread]: Acquiring new bigquery connection 'master'
[0m05:49:57.116236 [debug] [ThreadPool]: Acquiring new bigquery connection 'list_cloudprojects-506123'
[0m05:49:57.116236 [debug] [ThreadPool]: Opening a new connection, currently in state init
[0m05:49:58.678473 [debug] [ThreadPool]: Acquiring new bigquery connection 'list_cloudprojects-506123_portvessel_dev_marts'
[0m05:49:58.679474 [debug] [ThreadPool]: Opening a new connection, currently in state init
[0m05:49:59.151426 [debug] [MainThread]: Sending event: {'category': 'dbt', 'action': 'runnable_timing', 'label': '0356df02-d7a3-4e50-a639-b7e616f565a5', 'context': [<snowplow_tracker.self_describing_json.SelfDescribingJson object at 0x000001DF1A31DDF0>]}
[0m05:49:59.151426 [debug] [MainThread]: Opening a new connection, currently in state init
[0m05:49:59.155429 [debug] [Thread-1 (]: Began running node model.portvessel.mart_port_congestion
[0m05:49:59.155429 [debug] [Thread-2 (]: Began running node model.portvessel.mart_vessel_risk
[0m05:49:59.155429 [info ] [Thread-1 (]: 1 of 10 START sql table model portvessel_dev_marts.mart_port_congestion ........ [RUN]
[0m05:49:59.156428 [debug] [Thread-1 (]: Acquiring new bigquery connection 'model.portvessel.mart_port_congestion'
[0m05:49:59.156428 [info ] [Thread-2 (]: 2 of 10 START sql table model portvessel_dev_marts.mart_vessel_risk ............ [RUN]
[0m05:49:59.156428 [debug] [Thread-1 (]: Began compiling node model.portvessel.mart_port_congestion
[0m05:49:59.157427 [debug] [Thread-2 (]: Acquiring new bigquery connection 'model.portvessel.mart_vessel_risk'
[0m05:49:59.163675 [debug] [Thread-1 (]: Writing injected SQL for node "model.portvessel.mart_port_congestion"
[0m05:49:59.163675 [debug] [Thread-2 (]: Began compiling node model.portvessel.mart_vessel_risk
[0m05:49:59.165680 [debug] [Thread-2 (]: Writing injected SQL for node "model.portvessel.mart_vessel_risk"
[0m05:49:59.165680 [debug] [Thread-1 (]: Began executing node model.portvessel.mart_port_congestion
[0m05:49:59.180685 [debug] [Thread-1 (]: Opening a new connection, currently in state init
[0m05:49:59.181685 [debug] [Thread-2 (]: Began executing node model.portvessel.mart_vessel_risk
[0m05:49:59.182684 [debug] [Thread-2 (]: Opening a new connection, currently in state init
[0m05:49:59.604890 [debug] [Thread-2 (]: Writing runtime sql for node "model.portvessel.mart_vessel_risk"
[0m05:49:59.606891 [debug] [Thread-1 (]: Writing runtime sql for node "model.portvessel.mart_port_congestion"
[0m05:49:59.607898 [debug] [Thread-2 (]: On model.portvessel.mart_vessel_risk: /* {"app": "dbt", "dbt_version": "1.12.3", "profile_name": "portvessel", "target_name": "dev", "node_id": "model.portvessel.mart_vessel_risk"} */

  
    

    create or replace table `cloudprojects-506123`.`portvessel_dev_marts`.`mart_vessel_risk`
      
    
    cluster by mmsi, operational_flag

    
    OPTIONS(
      description="""Vessel operational risk mart."""
    )
    as (
      

with risk_data as (
    select
        mmsi,
        port_call_count,
        port_calls_with_anchorage,
        partial_port_calls,
        persistent_anchorage_episode_count,
        max_port_duration_minutes,
        mean_port_duration_minutes,
        max_persistent_anchorage_dwell_minutes,
        mean_persistent_anchorage_dwell_minutes,
        max_observation_gap_minutes,
        operational_flag,
        source_object,
        source_sha256,
        loaded_at_utc,
        ingestion_run_id
    from `cloudprojects-506123`.`portvessel_dev_gold`.`vessel_operational_risk_flags`
),

final as (
    select
        mmsi,
        port_call_count,
        port_calls_with_anchorage,
        safe_divide(
            port_calls_with_anchorage,
            nullif(port_call_count, 0)
        ) as anchorage_call_rate,
        partial_port_calls,
        persistent_anchorage_episode_count,
        max_port_duration_minutes,
        mean_port_duration_minutes,
        max_persistent_anchorage_dwell_minutes,
        mean_persistent_anchorage_dwell_minutes,
        max_observation_gap_minutes,
        operational_flag,
        source_object,
        source_sha256,
        loaded_at_utc,
        ingestion_run_id
    from risk_data
)

select * from final
    );
  
[0m05:49:59.608896 [debug] [Thread-1 (]: On model.portvessel.mart_port_congestion: /* {"app": "dbt", "dbt_version": "1.12.3", "profile_name": "portvessel", "target_name": "dev", "node_id": "model.portvessel.mart_port_congestion"} */

  
    

    create or replace table `cloudprojects-506123`.`portvessel_dev_marts`.`mart_port_congestion`
      
    partition by metric_date
    cluster by port_id

    
    OPTIONS(
      description="""Daily port congestion mart."""
    )
    as (
      

with source_data as (
    select
        metric_date,
        port_id,
        port_name,
        observed_port_calls,
        observed_vessels,
        port_calls_with_anchorage,
        median_port_duration_minutes,
        p90_port_duration_minutes,
        mean_port_duration_minutes,
        observed_with_anchorage_calls,
        partial_calls,
        source_object,
        source_sha256,
        loaded_at_utc,
        ingestion_run_id
    from `cloudprojects-506123`.`portvessel_dev_gold`.`agg_port_congestion_daily`
),

final as (
    select
        metric_date,
        port_id,
        port_name,
        observed_port_calls,
        observed_vessels,
        port_calls_with_anchorage,
        safe_divide(port_calls_with_anchorage, nullif(observed_port_calls, 0))
            as anchorage_call_rate,
        median_port_duration_minutes,
        p90_port_duration_minutes,
        mean_port_duration_minutes,
        observed_with_anchorage_calls,
        partial_calls,
        source_object,
        source_sha256,
        loaded_at_utc,
        ingestion_run_id
    from source_data
)

select * from final
    );
  
[0m05:50:00.007443 [debug] [Thread-1 (]: BigQuery adapter: https://console.cloud.google.com/bigquery?project=cloudprojects-506123&j=bq:europe-west3:6daf4d82-7526-4af4-9689-1bdbd979675d&page=queryresults
[0m05:50:00.015065 [debug] [Thread-2 (]: BigQuery adapter: https://console.cloud.google.com/bigquery?project=cloudprojects-506123&j=bq:europe-west3:be867999-36d4-4c60-9194-97337ff40072&page=queryresults
[0m05:50:01.047013 [debug] [Thread-1 (]: SQL status: OK in 1.039 seconds
[0m05:50:01.104779 [debug] [Thread-2 (]: SQL status: OK in 1.088 seconds
[0m05:50:01.870020 [debug] [Thread-2 (]: Sending event: {'category': 'dbt', 'action': 'run_model', 'label': '0356df02-d7a3-4e50-a639-b7e616f565a5', 'context': [<snowplow_tracker.self_describing_json.SelfDescribingJson object at 0x000001DF4CB0D640>]}
[0m05:50:01.871017 [info ] [Thread-2 (]: 2 of 10 OK created sql table model portvessel_dev_marts.mart_vessel_risk ....... [[32mCREATE TABLE (428.0 rows, 117.3 KiB processed)[0m in 2.71s]
[0m05:50:01.872017 [debug] [Thread-2 (]: Finished running node model.portvessel.mart_vessel_risk
[0m05:50:01.872017 [debug] [Thread-4 (]: Began running node test.portvessel.dbt_utils_expression_is_true_mart_vessel_risk_anchorage_call_rate__between_0_and_1.a744c8ae33
[0m05:50:01.873017 [debug] [Thread-3 (]: Began running node test.portvessel.not_null_mart_vessel_risk_mmsi.b745f77b30
[0m05:50:01.873017 [debug] [Thread-2 (]: Began running node test.portvessel.not_null_mart_vessel_risk_operational_flag.27efd1e7dd
[0m05:50:01.873017 [info ] [Thread-4 (]: 3 of 10 START test dbt_utils_expression_is_true_mart_vessel_risk_anchorage_call_rate__between_0_and_1  [RUN]
[0m05:50:01.873017 [info ] [Thread-3 (]: 4 of 10 START test not_null_mart_vessel_risk_mmsi .............................. [RUN]
[0m05:50:01.874017 [debug] [Thread-4 (]: Acquiring new bigquery connection 'test.portvessel.dbt_utils_expression_is_true_mart_vessel_risk_anchorage_call_rate__between_0_and_1.a744c8ae33'
[0m05:50:01.874017 [info ] [Thread-2 (]: 5 of 10 START test not_null_mart_vessel_risk_operational_flag .................. [RUN]
[0m05:50:01.875017 [debug] [Thread-3 (]: Acquiring new bigquery connection 'test.portvessel.not_null_mart_vessel_risk_mmsi.b745f77b30'
[0m05:50:01.875017 [debug] [Thread-4 (]: Began compiling node test.portvessel.dbt_utils_expression_is_true_mart_vessel_risk_anchorage_call_rate__between_0_and_1.a744c8ae33
[0m05:50:01.875017 [debug] [Thread-2 (]: Re-using an available connection from the pool (formerly model.portvessel.mart_vessel_risk, now test.portvessel.not_null_mart_vessel_risk_operational_flag.27efd1e7dd)
[0m05:50:01.876021 [debug] [Thread-3 (]: Began compiling node test.portvessel.not_null_mart_vessel_risk_mmsi.b745f77b30
[0m05:50:01.889025 [debug] [Thread-4 (]: Writing injected SQL for node "test.portvessel.dbt_utils_expression_is_true_mart_vessel_risk_anchorage_call_rate__between_0_and_1.a744c8ae33"
[0m05:50:01.889025 [debug] [Thread-2 (]: Began compiling node test.portvessel.not_null_mart_vessel_risk_operational_flag.27efd1e7dd
[0m05:50:01.895249 [debug] [Thread-3 (]: Writing injected SQL for node "test.portvessel.not_null_mart_vessel_risk_mmsi.b745f77b30"
[0m05:50:01.900249 [debug] [Thread-2 (]: Writing injected SQL for node "test.portvessel.not_null_mart_vessel_risk_operational_flag.27efd1e7dd"
[0m05:50:01.900249 [debug] [Thread-4 (]: Began executing node test.portvessel.dbt_utils_expression_is_true_mart_vessel_risk_anchorage_call_rate__between_0_and_1.a744c8ae33
[0m05:50:01.912248 [debug] [Thread-4 (]: Writing runtime sql for node "test.portvessel.dbt_utils_expression_is_true_mart_vessel_risk_anchorage_call_rate__between_0_and_1.a744c8ae33"
[0m05:50:01.913248 [debug] [Thread-3 (]: Began executing node test.portvessel.not_null_mart_vessel_risk_mmsi.b745f77b30
[0m05:50:01.915248 [debug] [Thread-1 (]: Sending event: {'category': 'dbt', 'action': 'run_model', 'label': '0356df02-d7a3-4e50-a639-b7e616f565a5', 'context': [<snowplow_tracker.self_describing_json.SelfDescribingJson object at 0x000001DF4D171910>]}
[0m05:50:01.915248 [debug] [Thread-2 (]: Began executing node test.portvessel.not_null_mart_vessel_risk_operational_flag.27efd1e7dd
[0m05:50:01.916247 [debug] [Thread-3 (]: Writing runtime sql for node "test.portvessel.not_null_mart_vessel_risk_mmsi.b745f77b30"
[0m05:50:01.917245 [debug] [Thread-2 (]: Writing runtime sql for node "test.portvessel.not_null_mart_vessel_risk_operational_flag.27efd1e7dd"
[0m05:50:01.918246 [debug] [Thread-4 (]: On test.portvessel.dbt_utils_expression_is_true_mart_vessel_risk_anchorage_call_rate__between_0_and_1.a744c8ae33: /* {"app": "dbt", "dbt_version": "1.12.3", "profile_name": "portvessel", "target_name": "dev", "node_id": "test.portvessel.dbt_utils_expression_is_true_mart_vessel_risk_anchorage_call_rate__between_0_and_1.a744c8ae33"} */

    
    select
      count(*) as failures,
      count(*) != 0 as should_warn,
      count(*) != 0 as should_error
    from (
      
    
  



select
    1
from `cloudprojects-506123`.`portvessel_dev_marts`.`mart_vessel_risk`

where not(anchorage_call_rate between 0 and 1)


  
  
      
    ) dbt_internal_test
[0m05:50:01.916247 [info ] [Thread-1 (]: 1 of 10 OK created sql table model portvessel_dev_marts.mart_port_congestion ... [[32mCREATE TABLE (4.0 rows, 1.3 KiB processed)[0m in 2.76s]
[0m05:50:01.918246 [debug] [Thread-4 (]: Opening a new connection, currently in state init
[0m05:50:01.919245 [debug] [Thread-1 (]: Finished running node model.portvessel.mart_port_congestion
[0m05:50:01.919245 [debug] [Thread-1 (]: Began running node test.portvessel.unique_mart_vessel_risk_mmsi.4f85864568
[0m05:50:01.920245 [debug] [Thread-3 (]: On test.portvessel.not_null_mart_vessel_risk_mmsi.b745f77b30: /* {"app": "dbt", "dbt_version": "1.12.3", "profile_name": "portvessel", "target_name": "dev", "node_id": "test.portvessel.not_null_mart_vessel_risk_mmsi.b745f77b30"} */

    
    select
      count(*) as failures,
      count(*) != 0 as should_warn,
      count(*) != 0 as should_error
    from (
      
    
  
    
    



select mmsi
from `cloudprojects-506123`.`portvessel_dev_marts`.`mart_vessel_risk`
where mmsi is null



  
  
      
    ) dbt_internal_test
[0m05:50:01.920245 [debug] [Thread-2 (]: On test.portvessel.not_null_mart_vessel_risk_operational_flag.27efd1e7dd: /* {"app": "dbt", "dbt_version": "1.12.3", "profile_name": "portvessel", "target_name": "dev", "node_id": "test.portvessel.not_null_mart_vessel_risk_operational_flag.27efd1e7dd"} */

    
    select
      count(*) as failures,
      count(*) != 0 as should_warn,
      count(*) != 0 as should_error
    from (
      
    
  
    
    



select operational_flag
from `cloudprojects-506123`.`portvessel_dev_marts`.`mart_vessel_risk`
where operational_flag is null



  
  
      
    ) dbt_internal_test
[0m05:50:01.920245 [info ] [Thread-1 (]: 6 of 10 START test unique_mart_vessel_risk_mmsi ................................ [RUN]
[0m05:50:01.921245 [debug] [Thread-3 (]: Opening a new connection, currently in state init
[0m05:50:01.922245 [debug] [Thread-2 (]: Opening a new connection, currently in state closed
[0m05:50:01.922245 [debug] [Thread-1 (]: Re-using an available connection from the pool (formerly model.portvessel.mart_port_congestion, now test.portvessel.unique_mart_vessel_risk_mmsi.4f85864568)
[0m05:50:01.923533 [debug] [Thread-1 (]: Began compiling node test.portvessel.unique_mart_vessel_risk_mmsi.4f85864568
[0m05:50:01.929534 [debug] [Thread-1 (]: Writing injected SQL for node "test.portvessel.unique_mart_vessel_risk_mmsi.4f85864568"
[0m05:50:01.930532 [debug] [Thread-1 (]: Began executing node test.portvessel.unique_mart_vessel_risk_mmsi.4f85864568
[0m05:50:01.931534 [debug] [Thread-1 (]: Writing runtime sql for node "test.portvessel.unique_mart_vessel_risk_mmsi.4f85864568"
[0m05:50:01.932530 [debug] [Thread-1 (]: On test.portvessel.unique_mart_vessel_risk_mmsi.4f85864568: /* {"app": "dbt", "dbt_version": "1.12.3", "profile_name": "portvessel", "target_name": "dev", "node_id": "test.portvessel.unique_mart_vessel_risk_mmsi.4f85864568"} */

    
    select
      count(*) as failures,
      count(*) != 0 as should_warn,
      count(*) != 0 as should_error
    from (
      
    
  
    
    

with dbt_test__target as (

  select mmsi as unique_field
  from `cloudprojects-506123`.`portvessel_dev_marts`.`mart_vessel_risk`
  where mmsi is not null

)

select
    unique_field,
    count(*) as n_records

from dbt_test__target
group by unique_field
having count(*) > 1



  
  
      
    ) dbt_internal_test
[0m05:50:01.932530 [debug] [Thread-1 (]: Opening a new connection, currently in state closed
[0m05:50:02.603808 [debug] [Thread-3 (]: BigQuery adapter: https://console.cloud.google.com/bigquery?project=cloudprojects-506123&j=bq:europe-west3:e9021886-a266-44cf-baa1-d4550a1168ec&page=queryresults
[0m05:50:02.610809 [debug] [Thread-1 (]: BigQuery adapter: https://console.cloud.google.com/bigquery?project=cloudprojects-506123&j=bq:europe-west3:9371e3d7-f5a7-4f78-b04c-ac359c64c08b&page=queryresults
[0m05:50:02.692621 [debug] [Thread-2 (]: BigQuery adapter: https://console.cloud.google.com/bigquery?project=cloudprojects-506123&j=bq:europe-west3:09e04a21-37c3-41c3-a1c4-7e90738e6c70&page=queryresults
[0m05:50:02.712622 [debug] [Thread-3 (]: SQL status: OK in 0.109 seconds
[0m05:50:02.755225 [debug] [Thread-1 (]: SQL status: OK in 0.144 seconds
[0m05:50:02.793884 [debug] [Thread-4 (]: BigQuery adapter: https://console.cloud.google.com/bigquery?project=cloudprojects-506123&j=bq:europe-west3:c75612d1-4360-4032-835a-e203fc799e85&page=queryresults
[0m05:50:02.807677 [debug] [Thread-2 (]: SQL status: OK in 0.115 seconds
[0m05:50:02.881424 [debug] [Thread-4 (]: SQL status: OK in 0.088 seconds
[0m05:50:02.937197 [info ] [Thread-3 (]: 4 of 10 PASS not_null_mart_vessel_risk_mmsi .................................... [[32mPASS[0m in 1.06s]
[0m05:50:02.938200 [debug] [Thread-3 (]: Finished running node test.portvessel.not_null_mart_vessel_risk_mmsi.b745f77b30
[0m05:50:02.938200 [debug] [Thread-3 (]: Began running node test.portvessel.dbt_utils_expression_is_true_mart_port_congestion_anchorage_call_rate__between_0_and_1.69e0fdf065
[0m05:50:02.939199 [info ] [Thread-3 (]: 7 of 10 START test dbt_utils_expression_is_true_mart_port_congestion_anchorage_call_rate__between_0_and_1  [RUN]
[0m05:50:02.939199 [debug] [Thread-3 (]: Re-using an available connection from the pool (formerly test.portvessel.not_null_mart_vessel_risk_mmsi.b745f77b30, now test.portvessel.dbt_utils_expression_is_true_mart_port_congestion_anchorage_call_rate__between_0_and_1.69e0fdf065)
[0m05:50:02.939199 [debug] [Thread-3 (]: Began compiling node test.portvessel.dbt_utils_expression_is_true_mart_port_congestion_anchorage_call_rate__between_0_and_1.69e0fdf065
[0m05:50:02.944200 [debug] [Thread-3 (]: Writing injected SQL for node "test.portvessel.dbt_utils_expression_is_true_mart_port_congestion_anchorage_call_rate__between_0_and_1.69e0fdf065"
[0m05:50:02.945199 [debug] [Thread-3 (]: Began executing node test.portvessel.dbt_utils_expression_is_true_mart_port_congestion_anchorage_call_rate__between_0_and_1.69e0fdf065
[0m05:50:02.946197 [debug] [Thread-3 (]: Writing runtime sql for node "test.portvessel.dbt_utils_expression_is_true_mart_port_congestion_anchorage_call_rate__between_0_and_1.69e0fdf065"
[0m05:50:02.947197 [debug] [Thread-3 (]: On test.portvessel.dbt_utils_expression_is_true_mart_port_congestion_anchorage_call_rate__between_0_and_1.69e0fdf065: /* {"app": "dbt", "dbt_version": "1.12.3", "profile_name": "portvessel", "target_name": "dev", "node_id": "test.portvessel.dbt_utils_expression_is_true_mart_port_congestion_anchorage_call_rate__between_0_and_1.69e0fdf065"} */

    
    select
      count(*) as failures,
      count(*) != 0 as should_warn,
      count(*) != 0 as should_error
    from (
      
    
  



select
    1
from `cloudprojects-506123`.`portvessel_dev_marts`.`mart_port_congestion`

where not(anchorage_call_rate between 0 and 1)


  
  
      
    ) dbt_internal_test
[0m05:50:02.947197 [debug] [Thread-3 (]: Opening a new connection, currently in state closed
[0m05:50:02.959260 [info ] [Thread-1 (]: 6 of 10 PASS unique_mart_vessel_risk_mmsi ...................................... [[32mPASS[0m in 1.04s]
[0m05:50:02.960260 [debug] [Thread-1 (]: Finished running node test.portvessel.unique_mart_vessel_risk_mmsi.4f85864568
[0m05:50:02.960260 [debug] [Thread-1 (]: Began running node test.portvessel.not_null_mart_port_congestion_anchorage_call_rate.f16ef228d1
[0m05:50:02.960260 [info ] [Thread-1 (]: 8 of 10 START test not_null_mart_port_congestion_anchorage_call_rate ........... [RUN]
[0m05:50:02.961260 [debug] [Thread-1 (]: Re-using an available connection from the pool (formerly test.portvessel.unique_mart_vessel_risk_mmsi.4f85864568, now test.portvessel.not_null_mart_port_congestion_anchorage_call_rate.f16ef228d1)
[0m05:50:02.961260 [debug] [Thread-1 (]: Began compiling node test.portvessel.not_null_mart_port_congestion_anchorage_call_rate.f16ef228d1
[0m05:50:02.966261 [debug] [Thread-1 (]: Writing injected SQL for node "test.portvessel.not_null_mart_port_congestion_anchorage_call_rate.f16ef228d1"
[0m05:50:02.967261 [debug] [Thread-1 (]: Began executing node test.portvessel.not_null_mart_port_congestion_anchorage_call_rate.f16ef228d1
[0m05:50:02.968261 [debug] [Thread-1 (]: Writing runtime sql for node "test.portvessel.not_null_mart_port_congestion_anchorage_call_rate.f16ef228d1"
[0m05:50:02.968261 [debug] [Thread-1 (]: On test.portvessel.not_null_mart_port_congestion_anchorage_call_rate.f16ef228d1: /* {"app": "dbt", "dbt_version": "1.12.3", "profile_name": "portvessel", "target_name": "dev", "node_id": "test.portvessel.not_null_mart_port_congestion_anchorage_call_rate.f16ef228d1"} */

    
    select
      count(*) as failures,
      count(*) != 0 as should_warn,
      count(*) != 0 as should_error
    from (
      
    
  
    
    



select anchorage_call_rate
from `cloudprojects-506123`.`portvessel_dev_marts`.`mart_port_congestion`
where anchorage_call_rate is null



  
  
      
    ) dbt_internal_test
[0m05:50:02.969264 [debug] [Thread-1 (]: Opening a new connection, currently in state closed
[0m05:50:03.031279 [info ] [Thread-2 (]: 5 of 10 PASS not_null_mart_vessel_risk_operational_flag ........................ [[32mPASS[0m in 1.16s]
[0m05:50:03.032280 [debug] [Thread-2 (]: Finished running node test.portvessel.not_null_mart_vessel_risk_operational_flag.27efd1e7dd
[0m05:50:03.032280 [debug] [Thread-2 (]: Began running node test.portvessel.not_null_mart_port_congestion_metric_date.7325c852e2
[0m05:50:03.032280 [info ] [Thread-2 (]: 9 of 10 START test not_null_mart_port_congestion_metric_date ................... [RUN]
[0m05:50:03.033278 [debug] [Thread-2 (]: Re-using an available connection from the pool (formerly test.portvessel.not_null_mart_vessel_risk_operational_flag.27efd1e7dd, now test.portvessel.not_null_mart_port_congestion_metric_date.7325c852e2)
[0m05:50:03.033278 [debug] [Thread-2 (]: Began compiling node test.portvessel.not_null_mart_port_congestion_metric_date.7325c852e2
[0m05:50:03.038279 [debug] [Thread-2 (]: Writing injected SQL for node "test.portvessel.not_null_mart_port_congestion_metric_date.7325c852e2"
[0m05:50:03.039814 [debug] [Thread-2 (]: Began executing node test.portvessel.not_null_mart_port_congestion_metric_date.7325c852e2
[0m05:50:03.040821 [debug] [Thread-2 (]: Writing runtime sql for node "test.portvessel.not_null_mart_port_congestion_metric_date.7325c852e2"
[0m05:50:03.041821 [debug] [Thread-2 (]: On test.portvessel.not_null_mart_port_congestion_metric_date.7325c852e2: /* {"app": "dbt", "dbt_version": "1.12.3", "profile_name": "portvessel", "target_name": "dev", "node_id": "test.portvessel.not_null_mart_port_congestion_metric_date.7325c852e2"} */

    
    select
      count(*) as failures,
      count(*) != 0 as should_warn,
      count(*) != 0 as should_error
    from (
      
    
  
    
    



select metric_date
from `cloudprojects-506123`.`portvessel_dev_marts`.`mart_port_congestion`
where metric_date is null



  
  
      
    ) dbt_internal_test
[0m05:50:03.041821 [debug] [Thread-2 (]: Opening a new connection, currently in state closed
[0m05:50:03.081180 [info ] [Thread-4 (]: 3 of 10 PASS dbt_utils_expression_is_true_mart_vessel_risk_anchorage_call_rate__between_0_and_1  [[32mPASS[0m in 1.21s]
[0m05:50:03.082180 [debug] [Thread-4 (]: Finished running node test.portvessel.dbt_utils_expression_is_true_mart_vessel_risk_anchorage_call_rate__between_0_and_1.a744c8ae33
[0m05:50:03.082180 [debug] [Thread-4 (]: Began running node test.portvessel.not_null_mart_port_congestion_port_id.85d8a4aa79
[0m05:50:03.082180 [info ] [Thread-4 (]: 10 of 10 START test not_null_mart_port_congestion_port_id ...................... [RUN]
[0m05:50:03.083180 [debug] [Thread-4 (]: Re-using an available connection from the pool (formerly test.portvessel.dbt_utils_expression_is_true_mart_vessel_risk_anchorage_call_rate__between_0_and_1.a744c8ae33, now test.portvessel.not_null_mart_port_congestion_port_id.85d8a4aa79)
[0m05:50:03.083180 [debug] [Thread-4 (]: Began compiling node test.portvessel.not_null_mart_port_congestion_port_id.85d8a4aa79
[0m05:50:03.089180 [debug] [Thread-4 (]: Writing injected SQL for node "test.portvessel.not_null_mart_port_congestion_port_id.85d8a4aa79"
[0m05:50:03.090182 [debug] [Thread-4 (]: Began executing node test.portvessel.not_null_mart_port_congestion_port_id.85d8a4aa79
[0m05:50:03.091182 [debug] [Thread-4 (]: Writing runtime sql for node "test.portvessel.not_null_mart_port_congestion_port_id.85d8a4aa79"
[0m05:50:03.092182 [debug] [Thread-4 (]: On test.portvessel.not_null_mart_port_congestion_port_id.85d8a4aa79: /* {"app": "dbt", "dbt_version": "1.12.3", "profile_name": "portvessel", "target_name": "dev", "node_id": "test.portvessel.not_null_mart_port_congestion_port_id.85d8a4aa79"} */

    
    select
      count(*) as failures,
      count(*) != 0 as should_warn,
      count(*) != 0 as should_error
    from (
      
    
  
    
    



select port_id
from `cloudprojects-506123`.`portvessel_dev_marts`.`mart_port_congestion`
where port_id is null



  
  
      
    ) dbt_internal_test
[0m05:50:03.092182 [debug] [Thread-4 (]: Opening a new connection, currently in state closed
[0m05:50:03.580945 [debug] [Thread-1 (]: BigQuery adapter: https://console.cloud.google.com/bigquery?project=cloudprojects-506123&j=bq:europe-west3:2b57cf4a-a828-4cd1-9337-6b2b61fb0011&page=queryresults
[0m05:50:03.589945 [debug] [Thread-3 (]: BigQuery adapter: https://console.cloud.google.com/bigquery?project=cloudprojects-506123&j=bq:europe-west3:e113b011-ef9c-489b-a781-f306fb0773cc&page=queryresults
[0m05:50:03.686440 [debug] [Thread-2 (]: BigQuery adapter: https://console.cloud.google.com/bigquery?project=cloudprojects-506123&j=bq:europe-west3:3e3372b7-aa95-4646-86fe-3d52fd4123b4&page=queryresults
[0m05:50:03.687440 [debug] [Thread-1 (]: SQL status: OK in 0.106 seconds
[0m05:50:03.707953 [debug] [Thread-3 (]: SQL status: OK in 0.118 seconds
[0m05:50:03.836596 [debug] [Thread-4 (]: BigQuery adapter: https://console.cloud.google.com/bigquery?project=cloudprojects-506123&j=bq:europe-west3:47f5a6f1-a405-413e-a4ac-3bdec2f974ef&page=queryresults
[0m05:50:03.868277 [debug] [Thread-2 (]: SQL status: OK in 0.182 seconds
[0m05:50:03.871339 [info ] [Thread-1 (]: 8 of 10 PASS not_null_mart_port_congestion_anchorage_call_rate ................. [[32mPASS[0m in 0.91s]
[0m05:50:03.871339 [debug] [Thread-1 (]: Finished running node test.portvessel.not_null_mart_port_congestion_anchorage_call_rate.f16ef228d1
[0m05:50:03.952137 [debug] [Thread-4 (]: SQL status: OK in 0.115 seconds
[0m05:50:03.978512 [info ] [Thread-3 (]: 7 of 10 PASS dbt_utils_expression_is_true_mart_port_congestion_anchorage_call_rate__between_0_and_1  [[32mPASS[0m in 1.04s]
[0m05:50:03.978512 [debug] [Thread-3 (]: Finished running node test.portvessel.dbt_utils_expression_is_true_mart_port_congestion_anchorage_call_rate__between_0_and_1.69e0fdf065
[0m05:50:04.068186 [info ] [Thread-2 (]: 9 of 10 PASS not_null_mart_port_congestion_metric_date ......................... [[32mPASS[0m in 1.03s]
[0m05:50:04.069186 [debug] [Thread-2 (]: Finished running node test.portvessel.not_null_mart_port_congestion_metric_date.7325c852e2
[0m05:50:04.142710 [info ] [Thread-4 (]: 10 of 10 PASS not_null_mart_port_congestion_port_id ............................ [[32mPASS[0m in 1.06s]
[0m05:50:04.143885 [debug] [Thread-4 (]: Finished running node test.portvessel.not_null_mart_port_congestion_port_id.85d8a4aa79
[0m05:50:04.144886 [debug] [MainThread]: Opening a new connection, currently in state closed
[0m05:50:04.144886 [debug] [MainThread]: Connection 'master' was properly closed.
[0m05:50:04.145884 [debug] [MainThread]: Connection 'list_cloudprojects-506123' was properly closed.
[0m05:50:04.145884 [debug] [MainThread]: Connection 'list_cloudprojects-506123_portvessel_dev_marts' was properly closed.
[0m05:50:04.145884 [debug] [MainThread]: Connection 'test.portvessel.not_null_mart_port_congestion_anchorage_call_rate.f16ef228d1' was properly closed.
[0m05:50:04.145884 [debug] [MainThread]: Connection 'test.portvessel.not_null_mart_port_congestion_metric_date.7325c852e2' was properly closed.
[0m05:50:04.146886 [debug] [MainThread]: Connection 'test.portvessel.not_null_mart_port_congestion_port_id.85d8a4aa79' was properly closed.
[0m05:50:04.146886 [debug] [MainThread]: Connection 'test.portvessel.dbt_utils_expression_is_true_mart_port_congestion_anchorage_call_rate__between_0_and_1.69e0fdf065' was properly closed.
[0m05:50:04.146886 [info ] [MainThread]: 
[0m05:50:04.147885 [info ] [MainThread]: Finished running 2 table models, 8 data tests in 0 hours 0 minutes and 7.03 seconds (7.03s).
[0m05:50:04.148886 [debug] [MainThread]: Command end result
[0m05:50:04.185082 [debug] [MainThread]: Wrote artifact WritableManifest to C:\Users\magic\Projects\PortVessel-lakehouse\dbt\target\manifest.json
[0m05:50:04.187082 [debug] [MainThread]: Wrote artifact SemanticManifest to C:\Users\magic\Projects\PortVessel-lakehouse\dbt\target\semantic_manifest.json
[0m05:50:04.190082 [debug] [MainThread]: Wrote artifact OsiDocument to C:\Users\magic\Projects\PortVessel-lakehouse\dbt\target\osi_document.json
[0m05:50:04.195283 [debug] [MainThread]: Wrote artifact RunExecutionResult to C:\Users\magic\Projects\PortVessel-lakehouse\dbt\target\run_results.json
[0m05:50:04.195283 [info ] [MainThread]: 
[0m05:50:04.196283 [info ] [MainThread]: [32mCompleted successfully[0m
[0m05:50:04.196283 [info ] [MainThread]: 
[0m05:50:04.196283 [info ] [MainThread]: Done. PASS=10 WARN=0 ERROR=0 SKIP=0 NO-OP=0 REUSED=0 TOTAL=10
[0m05:50:04.197284 [warn ] [MainThread]: [[33mWARNING[0m][DeprecationsSummary]: Deprecated functionality
Summary of encountered deprecations:
- PropertyMovedToConfigDeprecation: 2 occurrences
To see all deprecation instances instead of just the first occurrence of each,
run command again with the `--show-all-deprecations` flag. You may also need to
run with `--no-partial-parse` as some deprecations are only encountered during
parsing.
[0m05:50:04.197284 [debug] [MainThread]: Command `dbt build` succeeded at 05:50:04.197284 after 8.90 seconds
[0m05:50:04.198283 [debug] [MainThread]: Sending event: {'category': 'dbt', 'action': 'invocation', 'label': 'end', 'context': [<snowplow_tracker.self_describing_json.SelfDescribingJson object at 0x000001DF18589A00>, <snowplow_tracker.self_describing_json.SelfDescribingJson object at 0x000001DF161817F0>, <snowplow_tracker.self_describing_json.SelfDescribingJson object at 0x000001DF15E70380>]}
[0m05:50:04.198283 [debug] [MainThread]: Flushing usage events
[0m05:50:04.836381 [debug] [MainThread]: An error was encountered while trying to flush usage events
[0m05:56:36.119022 [debug] [MainThread]: Sending event: {'category': 'dbt', 'action': 'invocation', 'label': 'start', 'context': [<snowplow_tracker.self_describing_json.SelfDescribingJson object at 0x000002C593C97CE0>, <snowplow_tracker.self_describing_json.SelfDescribingJson object at 0x000002C593C95E80>, <snowplow_tracker.self_describing_json.SelfDescribingJson object at 0x000002C593C97F50>]}


============================== 05:56:36.123022 | 44a59923-c645-4551-aeee-3d7b1c11cb75 ==============================
[0m05:56:36.123022 [info ] [MainThread]: Running with dbt=1.12.3
[0m05:56:36.123022 [debug] [MainThread]: running dbt with arguments {'static_parser': 'True', 'no_print': 'None', 'maximum_seed_size_mib': '1', 'target_path': 'None', 'version_check': 'True', 'warn_error_options': 'WarnErrorOptionsV2(error=[], warn=[], silence=[])', 'printer_width': '80', 'write_json': 'True', 'introspect': 'True', 'log_cache_events': 'False', 'empty': 'None', 'cache_selected_only': 'False', 'fail_fast': 'False', 'debug': 'False', 'log_format': 'default', 'partial_parse': 'True', 'send_anonymous_usage_stats': 'True', 'quiet': 'False', 'warn_error': 'None', 'profiles_dir': 'C:\\Users\\magic\\Projects\\PortVessel-lakehouse\\dbt', 'indirect_selection': 'eager', 'hints_enabled': 'True', 'use_colors': 'True', 'use_experimental_parser': 'False', 'invocation_command': 'dbt clean', 'log_path': 'C:\\Users\\magic\\Projects\\PortVessel-lakehouse\\dbt\\logs'}
[0m05:56:36.245709 [debug] [MainThread]: Sending event: {'category': 'dbt', 'action': 'project_id', 'label': '44a59923-c645-4551-aeee-3d7b1c11cb75', 'context': [<snowplow_tracker.self_describing_json.SelfDescribingJson object at 0x000002C593CE2EA0>]}
[0m05:56:36.318785 [debug] [MainThread]: Command `dbt clean` succeeded at 05:56:36.318785 after 0.32 seconds
[0m05:56:36.318785 [debug] [MainThread]: Sending event: {'category': 'dbt', 'action': 'invocation', 'label': 'end', 'context': [<snowplow_tracker.self_describing_json.SelfDescribingJson object at 0x000002C5919F3E90>, <snowplow_tracker.self_describing_json.SelfDescribingJson object at 0x000002C593EA4470>, <snowplow_tracker.self_describing_json.SelfDescribingJson object at 0x000002C5920E2F60>]}
[0m05:56:36.319783 [debug] [MainThread]: Flushing usage events
[0m05:56:37.112020 [debug] [MainThread]: An error was encountered while trying to flush usage events
[0m05:56:40.994864 [debug] [MainThread]: Sending event: {'category': 'dbt', 'action': 'invocation', 'label': 'start', 'context': [<snowplow_tracker.self_describing_json.SelfDescribingJson object at 0x00000209A7F467E0>, <snowplow_tracker.self_describing_json.SelfDescribingJson object at 0x00000209A7F467B0>, <snowplow_tracker.self_describing_json.SelfDescribingJson object at 0x00000209A76DDD60>]}


============================== 05:56:40.998865 | 47a57cf7-77c4-44b0-b319-a80028d15c2e ==============================
[0m05:56:40.998865 [info ] [MainThread]: Running with dbt=1.12.3
[0m05:56:40.998865 [debug] [MainThread]: running dbt with arguments {'static_parser': 'True', 'no_print': 'None', 'maximum_seed_size_mib': '1', 'target_path': 'None', 'warn_error_options': 'WarnErrorOptionsV2(error=[], warn=[], silence=[])', 'version_check': 'True', 'printer_width': '80', 'write_json': 'True', 'empty': 'None', 'log_cache_events': 'False', 'introspect': 'True', 'cache_selected_only': 'False', 'log_format': 'default', 'debug': 'False', 'fail_fast': 'False', 'partial_parse': 'False', 'send_anonymous_usage_stats': 'True', 'quiet': 'False', 'warn_error': 'None', 'profiles_dir': 'C:\\Users\\magic\\Projects\\PortVessel-lakehouse\\dbt', 'indirect_selection': 'eager', 'hints_enabled': 'True', 'invocation_command': 'dbt parse --no-partial-parse', 'use_experimental_parser': 'False', 'use_colors': 'True', 'log_path': 'C:\\Users\\magic\\Projects\\PortVessel-lakehouse\\dbt\\logs'}
[0m05:56:42.240871 [debug] [MainThread]: Sending event: {'category': 'dbt', 'action': 'project_id', 'label': '47a57cf7-77c4-44b0-b319-a80028d15c2e', 'context': [<snowplow_tracker.self_describing_json.SelfDescribingJson object at 0x00000209DCFA0410>]}
[0m05:56:42.292785 [debug] [MainThread]: Sending event: {'category': 'dbt', 'action': 'adapter_info', 'label': '47a57cf7-77c4-44b0-b319-a80028d15c2e', 'context': [<snowplow_tracker.self_describing_json.SelfDescribingJson object at 0x00000209A89D5D90>]}
[0m05:56:42.293785 [info ] [MainThread]: Registered adapter: bigquery=1.12.0
[0m05:56:42.632377 [error] [MainThread]: [[31mERROR[0m]: Encountered an error:
Compilation Error
  dbt expects 1 package(s) based on packages specified in packages.yml, but found only 0 package(s) installed in dbt_packages. Following packages were not found: dbt_utils. Run "dbt deps" to install package dependencies.
[0m05:56:42.633377 [debug] [MainThread]: Command `dbt parse` failed at 05:56:42.633377 after 1.76 seconds
[0m05:56:42.633377 [debug] [MainThread]: Sending event: {'category': 'dbt', 'action': 'invocation', 'label': 'end', 'context': [<snowplow_tracker.self_describing_json.SelfDescribingJson object at 0x00000209AA4FD1F0>, <snowplow_tracker.self_describing_json.SelfDescribingJson object at 0x00000209DD231DF0>, <snowplow_tracker.self_describing_json.SelfDescribingJson object at 0x00000209DBBD2000>]}
[0m05:56:42.634377 [debug] [MainThread]: Flushing usage events
[0m05:56:43.285861 [debug] [MainThread]: An error was encountered while trying to flush usage events
[0m05:57:05.282147 [debug] [MainThread]: Sending event: {'category': 'dbt', 'action': 'invocation', 'label': 'start', 'context': [<snowplow_tracker.self_describing_json.SelfDescribingJson object at 0x000002587CC6E1E0>, <snowplow_tracker.self_describing_json.SelfDescribingJson object at 0x000002587EC5DC40>, <snowplow_tracker.self_describing_json.SelfDescribingJson object at 0x000002587D471F40>]}


============================== 05:57:05.285366 | a15caceb-33f0-42d2-89cd-6ffc89dbf412 ==============================
[0m05:57:05.285366 [info ] [MainThread]: Running with dbt=1.12.3
[0m05:57:05.286367 [debug] [MainThread]: running dbt with arguments {'static_parser': 'True', 'no_print': 'None', 'version_check': 'True', 'target_path': 'None', 'warn_error_options': 'WarnErrorOptionsV2(error=[], warn=[], silence=[])', 'maximum_seed_size_mib': '1', 'printer_width': '80', 'write_json': 'True', 'introspect': 'True', 'log_cache_events': 'False', 'empty': 'None', 'cache_selected_only': 'False', 'log_format': 'default', 'debug': 'False', 'fail_fast': 'False', 'profiles_dir': 'C:\\Users\\magic\\Projects\\PortVessel-lakehouse\\dbt', 'send_anonymous_usage_stats': 'True', 'quiet': 'False', 'warn_error': 'None', 'partial_parse': 'True', 'invocation_command': 'dbt deps', 'hints_enabled': 'True', 'use_colors': 'True', 'use_experimental_parser': 'False', 'indirect_selection': 'eager', 'log_path': 'C:\\Users\\magic\\Projects\\PortVessel-lakehouse\\dbt\\logs'}
[0m05:57:05.403948 [debug] [MainThread]: Sending event: {'category': 'dbt', 'action': 'project_id', 'label': 'a15caceb-33f0-42d2-89cd-6ffc89dbf412', 'context': [<snowplow_tracker.self_describing_json.SelfDescribingJson object at 0x000002580160C3B0>]}
[0m05:57:05.428951 [debug] [MainThread]: Set downloads directory='C:\Users\magic\AppData\Local\Temp\dbt-downloads-r_n2tw0o'
[0m05:57:05.428951 [debug] [MainThread]: Making package index registry request: GET https://hub.getdbt.com/api/v1/index.json
[0m05:57:05.756697 [debug] [MainThread]: Response from registry index: GET https://hub.getdbt.com/api/v1/index.json 200
[0m05:57:05.757697 [debug] [MainThread]: Making package registry request: GET https://hub.getdbt.com/api/v1/dbt-labs/dbt_utils.json
[0m05:57:06.018915 [debug] [MainThread]: Response from registry: GET https://hub.getdbt.com/api/v1/dbt-labs/dbt_utils.json 200
[0m05:57:06.023915 [info ] [MainThread]: Installing dbt-labs/dbt_utils
[0m05:57:07.130281 [info ] [MainThread]: Installed from version 1.4.1
[0m05:57:07.131279 [info ] [MainThread]: Up to date!
[0m05:57:07.131279 [debug] [MainThread]: Sending event: {'category': 'dbt', 'action': 'package', 'label': 'a15caceb-33f0-42d2-89cd-6ffc89dbf412', 'property_': 'install', 'context': [<snowplow_tracker.self_describing_json.SelfDescribingJson object at 0x000002580185A240>, <snowplow_tracker.self_describing_json.SelfDescribingJson object at 0x00000258017B3DA0>]}
[0m05:57:07.133280 [debug] [MainThread]: Command `dbt deps` succeeded at 05:57:07.133280 after 1.96 seconds
[0m05:57:07.133280 [debug] [MainThread]: Sending event: {'category': 'dbt', 'action': 'invocation', 'label': 'end', 'context': [<snowplow_tracker.self_describing_json.SelfDescribingJson object at 0x000002587F384470>, <snowplow_tracker.self_describing_json.SelfDescribingJson object at 0x000002587F9A6BD0>, <snowplow_tracker.self_describing_json.SelfDescribingJson object at 0x000002587EE2BCE0>]}
[0m05:57:07.133280 [debug] [MainThread]: Flushing usage events
[0m05:57:07.764419 [debug] [MainThread]: An error was encountered while trying to flush usage events
[0m05:57:14.383378 [debug] [MainThread]: Sending event: {'category': 'dbt', 'action': 'invocation', 'label': 'start', 'context': [<snowplow_tracker.self_describing_json.SelfDescribingJson object at 0x0000022310951610>, <snowplow_tracker.self_describing_json.SelfDescribingJson object at 0x00000223137FB560>, <snowplow_tracker.self_describing_json.SelfDescribingJson object at 0x0000022313265700>]}


============================== 05:57:14.386378 | d0c45fe7-476a-41cb-9246-496ec005e922 ==============================
[0m05:57:14.386378 [info ] [MainThread]: Running with dbt=1.12.3
[0m05:57:14.387378 [debug] [MainThread]: running dbt with arguments {'version_check': 'True', 'no_print': 'None', 'static_parser': 'True', 'target_path': 'None', 'warn_error_options': 'WarnErrorOptionsV2(error=[], warn=[], silence=[])', 'maximum_seed_size_mib': '1', 'printer_width': '80', 'write_json': 'True', 'introspect': 'True', 'log_cache_events': 'False', 'empty': 'None', 'cache_selected_only': 'False', 'fail_fast': 'False', 'debug': 'False', 'log_format': 'default', 'partial_parse': 'False', 'send_anonymous_usage_stats': 'True', 'quiet': 'False', 'warn_error': 'None', 'profiles_dir': 'C:\\Users\\magic\\Projects\\PortVessel-lakehouse\\dbt', 'use_colors': 'True', 'hints_enabled': 'True', 'indirect_selection': 'eager', 'use_experimental_parser': 'False', 'invocation_command': 'dbt parse --no-partial-parse', 'log_path': 'C:\\Users\\magic\\Projects\\PortVessel-lakehouse\\dbt\\logs'}
[0m05:57:15.387461 [debug] [MainThread]: Sending event: {'category': 'dbt', 'action': 'project_id', 'label': 'd0c45fe7-476a-41cb-9246-496ec005e922', 'context': [<snowplow_tracker.self_describing_json.SelfDescribingJson object at 0x0000022310CD6ED0>]}
[0m05:57:15.437320 [debug] [MainThread]: Sending event: {'category': 'dbt', 'action': 'adapter_info', 'label': 'd0c45fe7-476a-41cb-9246-496ec005e922', 'context': [<snowplow_tracker.self_describing_json.SelfDescribingJson object at 0x0000022346490FB0>]}
[0m05:57:15.438321 [info ] [MainThread]: Registered adapter: bigquery=1.12.0
[0m05:57:15.774402 [debug] [MainThread]: checksum: 5f143da5afd1a6b6298bff390d2cac426bc2fa3cddb0281a2f93c038cc305c8b, vars: {}, profile: portvessel, target: dev, version: 1.12.3
[0m05:57:15.774402 [debug] [MainThread]: Partial parsing not enabled
[0m05:57:15.781402 [warn ] [MainThread]: [[33mWARNING[0m][PropertyMovedToConfigDeprecation]: Deprecated functionality
Found `loaded_at_field` as a top-level property of `sources[0].tables[0]` in
file `models\sources.yml`. The `loaded_at_field` top-level property should be
moved into the `config` of `sources[0].tables[0]`.
[0m05:57:15.782403 [debug] [MainThread]: Sending event: {'category': 'dbt', 'action': 'deprecation', 'label': 'd0c45fe7-476a-41cb-9246-496ec005e922', 'property_': 'warn', 'context': [<snowplow_tracker.self_describing_json.SelfDescribingJson object at 0x0000022348188170>]}
[0m05:57:17.214308 [debug] [MainThread]: Sending event: {'category': 'dbt', 'action': 'load_project', 'label': 'd0c45fe7-476a-41cb-9246-496ec005e922', 'context': [<snowplow_tracker.self_describing_json.SelfDescribingJson object at 0x0000022347D33710>]}
[0m05:57:17.216821 [info ] [MainThread]: Performance info: C:\Users\magic\Projects\PortVessel-lakehouse\dbt\target\perf_info.json
[0m05:57:17.304483 [debug] [MainThread]: Wrote artifact WritableManifest to C:\Users\magic\Projects\PortVessel-lakehouse\dbt\target\manifest.json
[0m05:57:17.306485 [debug] [MainThread]: Wrote artifact SemanticManifest to C:\Users\magic\Projects\PortVessel-lakehouse\dbt\target\semantic_manifest.json
[0m05:57:17.328238 [debug] [MainThread]: Wrote artifact OsiDocument to C:\Users\magic\Projects\PortVessel-lakehouse\dbt\target\osi_document.json
[0m05:57:17.329240 [warn ] [MainThread]: [[33mWARNING[0m][DeprecationsSummary]: Deprecated functionality
Summary of encountered deprecations:
- PropertyMovedToConfigDeprecation: 2 occurrences
To see all deprecation instances instead of just the first occurrence of each,
run command again with the `--show-all-deprecations` flag. You may also need to
run with `--no-partial-parse` as some deprecations are only encountered during
parsing.
[0m05:57:17.330236 [debug] [MainThread]: Command `dbt parse` succeeded at 05:57:17.329240 after 3.06 seconds
[0m05:57:17.330236 [debug] [MainThread]: Sending event: {'category': 'dbt', 'action': 'invocation', 'label': 'end', 'context': [<snowplow_tracker.self_describing_json.SelfDescribingJson object at 0x00000223154D4AD0>, <snowplow_tracker.self_describing_json.SelfDescribingJson object at 0x00000223131B3860>, <snowplow_tracker.self_describing_json.SelfDescribingJson object at 0x00000223131B1E50>]}
[0m05:57:17.330236 [debug] [MainThread]: Flushing usage events
[0m05:57:17.969084 [debug] [MainThread]: An error was encountered while trying to flush usage events
[0m05:57:23.844766 [debug] [MainThread]: Sending event: {'category': 'dbt', 'action': 'invocation', 'label': 'start', 'context': [<snowplow_tracker.self_describing_json.SelfDescribingJson object at 0x0000020715CA3140>, <snowplow_tracker.self_describing_json.SelfDescribingJson object at 0x00000207148D9220>, <snowplow_tracker.self_describing_json.SelfDescribingJson object at 0x0000020715A34470>]}


============================== 05:57:23.847764 | a6839c08-ba0c-45f5-8a6c-50f6834bdfce ==============================
[0m05:57:23.847764 [info ] [MainThread]: Running with dbt=1.12.3
[0m05:57:23.848764 [debug] [MainThread]: running dbt with arguments {'maximum_seed_size_mib': '1', 'no_print': 'None', 'static_parser': 'True', 'target_path': 'None', 'warn_error_options': 'WarnErrorOptionsV2(error=[], warn=[], silence=[])', 'version_check': 'True', 'printer_width': '80', 'write_json': 'True', 'introspect': 'True', 'log_cache_events': 'False', 'empty': 'None', 'cache_selected_only': 'False', 'fail_fast': 'False', 'debug': 'False', 'log_format': 'default', 'profiles_dir': 'C:\\Users\\magic\\Projects\\PortVessel-lakehouse\\dbt', 'send_anonymous_usage_stats': 'True', 'quiet': 'False', 'warn_error': 'None', 'partial_parse': 'True', 'use_colors': 'True', 'hints_enabled': 'True', 'invocation_command': 'dbt source freshness', 'use_experimental_parser': 'False', 'indirect_selection': 'eager', 'log_path': 'C:\\Users\\magic\\Projects\\PortVessel-lakehouse\\dbt\\logs'}
[0m05:57:25.009371 [debug] [MainThread]: Sending event: {'category': 'dbt', 'action': 'project_id', 'label': 'a6839c08-ba0c-45f5-8a6c-50f6834bdfce', 'context': [<snowplow_tracker.self_describing_json.SelfDescribingJson object at 0x0000020749DD6F00>]}
[0m05:57:25.067631 [debug] [MainThread]: Sending event: {'category': 'dbt', 'action': 'adapter_info', 'label': 'a6839c08-ba0c-45f5-8a6c-50f6834bdfce', 'context': [<snowplow_tracker.self_describing_json.SelfDescribingJson object at 0x000002074A01DBB0>]}
[0m05:57:25.069160 [info ] [MainThread]: Registered adapter: bigquery=1.12.0
[0m05:57:25.562209 [debug] [MainThread]: checksum: 5f143da5afd1a6b6298bff390d2cac426bc2fa3cddb0281a2f93c038cc305c8b, vars: {}, profile: portvessel, target: dev, version: 1.12.3
[0m05:57:25.735246 [debug] [MainThread]: Partial parsing enabled: 0 files deleted, 0 files added, 0 files changed.
[0m05:57:25.735246 [debug] [MainThread]: Nothing changed, skipping partial parsing.
[0m05:57:25.736247 [debug] [MainThread]: Partial parsing enabled, no changes found, skipping parsing
[0m05:57:25.745246 [debug] [MainThread]: Sending event: {'category': 'dbt', 'action': 'load_project', 'label': 'a6839c08-ba0c-45f5-8a6c-50f6834bdfce', 'context': [<snowplow_tracker.self_describing_json.SelfDescribingJson object at 0x00000207130FDA00>]}
[0m05:57:25.895326 [debug] [MainThread]: Wrote artifact WritableManifest to C:\Users\magic\Projects\PortVessel-lakehouse\dbt\target\manifest.json
[0m05:57:25.899327 [debug] [MainThread]: Wrote artifact SemanticManifest to C:\Users\magic\Projects\PortVessel-lakehouse\dbt\target\semantic_manifest.json
[0m05:57:25.927408 [debug] [MainThread]: Wrote artifact OsiDocument to C:\Users\magic\Projects\PortVessel-lakehouse\dbt\target\osi_document.json
[0m05:57:25.943409 [debug] [MainThread]: Sending event: {'category': 'dbt', 'action': 'resource_counts', 'label': 'a6839c08-ba0c-45f5-8a6c-50f6834bdfce', 'context': [<snowplow_tracker.self_describing_json.SelfDescribingJson object at 0x000002074A76D6A0>]}
[0m05:57:25.943409 [info ] [MainThread]: Found 2 models, 22 data tests, 4 sources, 678 macros
[0m05:57:25.944410 [debug] [MainThread]: Sending event: {'category': 'dbt', 'action': 'runnable_timing', 'label': 'a6839c08-ba0c-45f5-8a6c-50f6834bdfce', 'context': [<snowplow_tracker.self_describing_json.SelfDescribingJson object at 0x000002074A3A0DA0>]}
[0m05:57:25.946408 [info ] [MainThread]: 
[0m05:57:25.947407 [info ] [MainThread]: Concurrency: 4 threads (target='dev')
[0m05:57:25.947407 [info ] [MainThread]: 
[0m05:57:25.948407 [debug] [MainThread]: Acquiring new bigquery connection 'master'
[0m05:57:25.951409 [debug] [ThreadPool]: Acquiring new bigquery connection 'list_cloudprojects-506123_portvessel_dev_marts'
[0m05:57:25.952409 [debug] [ThreadPool]: Opening a new connection, currently in state init
[0m05:57:27.799185 [debug] [MainThread]: Sending event: {'category': 'dbt', 'action': 'runnable_timing', 'label': 'a6839c08-ba0c-45f5-8a6c-50f6834bdfce', 'context': [<snowplow_tracker.self_describing_json.SelfDescribingJson object at 0x000002074A58CB30>]}
[0m05:57:27.800184 [debug] [MainThread]: Opening a new connection, currently in state init
[0m05:57:27.800184 [info ] [MainThread]: Pulling freshness from warehouse metadata tables for 0 sources
[0m05:57:27.808188 [debug] [MainThread]: BigQuery adapter: Unhandled error while running:
macro get_relation_last_modified
[0m05:57:27.809197 [debug] [MainThread]: BigQuery adapter: Compilation Error
  list object has no element 0
  
  > in macro get_relation_last_modified (macros\adapters\metadata.sql)
  > called by <Unknown>
[0m05:57:27.809197 [warn ] [MainThread]: Metadata freshness could not be computed in batch: Compilation Error
  list object has no element 0
  
  > in macro get_relation_last_modified (macros\adapters\metadata.sql)
  > called by <Unknown>
[0m05:57:27.809197 [info ] [MainThread]: 1 of 2 SKIP source agg_port_congestion_daily ................................... [[33mSKIP[0m]
[0m05:57:27.810196 [info ] [MainThread]: 2 of 2 SKIP source fct_anchorage_dwell ......................................... [[33mSKIP[0m]
[0m05:57:27.810196 [debug] [MainThread]: Connection 'master' was properly closed.
[0m05:57:27.811193 [debug] [MainThread]: Connection 'list_cloudprojects-506123_portvessel_dev_marts' was properly closed.
[0m05:57:27.811193 [info ] [MainThread]: 
[0m05:57:27.811193 [info ] [MainThread]: Finished running 2 sources in 0 hours 0 minutes and 1.86 seconds (1.86s).
[0m05:57:27.849064 [debug] [MainThread]: Wrote artifact WritableManifest to C:\Users\magic\Projects\PortVessel-lakehouse\dbt\target\manifest.json
[0m05:57:27.852066 [debug] [MainThread]: Wrote artifact SemanticManifest to C:\Users\magic\Projects\PortVessel-lakehouse\dbt\target\semantic_manifest.json
[0m05:57:27.855065 [debug] [MainThread]: Wrote artifact OsiDocument to C:\Users\magic\Projects\PortVessel-lakehouse\dbt\target\osi_document.json
[0m05:57:27.857063 [debug] [MainThread]: Wrote artifact FreshnessResult to C:\Users\magic\Projects\PortVessel-lakehouse\dbt\target\sources.json
[0m05:57:27.858064 [info ] [MainThread]: Done.
[0m05:57:27.858064 [debug] [MainThread]: Command `dbt source freshness` failed at 05:57:27.858064 after 4.12 seconds
[0m05:57:27.859063 [debug] [MainThread]: Sending event: {'category': 'dbt', 'action': 'invocation', 'label': 'end', 'context': [<snowplow_tracker.self_describing_json.SelfDescribingJson object at 0x00000207176B6E70>, <snowplow_tracker.self_describing_json.SelfDescribingJson object at 0x0000020714F3A0C0>, <snowplow_tracker.self_describing_json.SelfDescribingJson object at 0x0000020712E2C4A0>]}
[0m05:57:27.859063 [debug] [MainThread]: Flushing usage events
[0m05:57:28.500981 [debug] [MainThread]: An error was encountered while trying to flush usage events
[0m05:57:34.804448 [debug] [MainThread]: Sending event: {'category': 'dbt', 'action': 'invocation', 'label': 'start', 'context': [<snowplow_tracker.self_describing_json.SelfDescribingJson object at 0x000001FA2D68C170>, <snowplow_tracker.self_describing_json.SelfDescribingJson object at 0x000001FA2F55EC60>, <snowplow_tracker.self_describing_json.SelfDescribingJson object at 0x000001FA2F55E600>]}


============================== 05:57:34.808448 | 1fbdc365-f5fe-41f9-9011-c833170b352d ==============================
[0m05:57:34.808448 [info ] [MainThread]: Running with dbt=1.12.3
[0m05:57:34.808448 [debug] [MainThread]: running dbt with arguments {'maximum_seed_size_mib': '1', 'no_print': 'None', 'version_check': 'True', 'target_path': 'None', 'static_parser': 'True', 'warn_error_options': 'WarnErrorOptionsV2(error=[], warn=[], silence=[])', 'printer_width': '80', 'write_json': 'True', 'introspect': 'True', 'log_cache_events': 'False', 'empty': 'False', 'cache_selected_only': 'False', 'fail_fast': 'False', 'debug': 'False', 'log_format': 'default', 'profiles_dir': 'C:\\Users\\magic\\Projects\\PortVessel-lakehouse\\dbt', 'send_anonymous_usage_stats': 'True', 'quiet': 'False', 'warn_error': 'None', 'partial_parse': 'True', 'indirect_selection': 'eager', 'hints_enabled': 'True', 'invocation_command': 'dbt build', 'use_experimental_parser': 'False', 'use_colors': 'True', 'log_path': 'C:\\Users\\magic\\Projects\\PortVessel-lakehouse\\dbt\\logs'}
[0m05:57:35.795146 [debug] [MainThread]: Sending event: {'category': 'dbt', 'action': 'project_id', 'label': '1fbdc365-f5fe-41f9-9011-c833170b352d', 'context': [<snowplow_tracker.self_describing_json.SelfDescribingJson object at 0x000001FA6383A4B0>]}
[0m05:57:35.844427 [debug] [MainThread]: Sending event: {'category': 'dbt', 'action': 'adapter_info', 'label': '1fbdc365-f5fe-41f9-9011-c833170b352d', 'context': [<snowplow_tracker.self_describing_json.SelfDescribingJson object at 0x000001FA649D2180>]}
[0m05:57:35.845428 [info ] [MainThread]: Registered adapter: bigquery=1.12.0
[0m05:57:36.182553 [debug] [MainThread]: checksum: 5f143da5afd1a6b6298bff390d2cac426bc2fa3cddb0281a2f93c038cc305c8b, vars: {}, profile: portvessel, target: dev, version: 1.12.3
[0m05:57:36.312072 [debug] [MainThread]: Partial parsing enabled: 0 files deleted, 0 files added, 0 files changed.
[0m05:57:36.312072 [debug] [MainThread]: Nothing changed, skipping partial parsing.
[0m05:57:36.312072 [debug] [MainThread]: Partial parsing enabled, no changes found, skipping parsing
[0m05:57:36.319078 [debug] [MainThread]: Sending event: {'category': 'dbt', 'action': 'load_project', 'label': '1fbdc365-f5fe-41f9-9011-c833170b352d', 'context': [<snowplow_tracker.self_describing_json.SelfDescribingJson object at 0x000001FA2DC1B680>]}
[0m05:57:36.428099 [debug] [MainThread]: Wrote artifact WritableManifest to C:\Users\magic\Projects\PortVessel-lakehouse\dbt\target\manifest.json
[0m05:57:36.431100 [debug] [MainThread]: Wrote artifact SemanticManifest to C:\Users\magic\Projects\PortVessel-lakehouse\dbt\target\semantic_manifest.json
[0m05:57:36.449214 [debug] [MainThread]: Wrote artifact OsiDocument to C:\Users\magic\Projects\PortVessel-lakehouse\dbt\target\osi_document.json
[0m05:57:36.470090 [debug] [MainThread]: Sending event: {'category': 'dbt', 'action': 'resource_counts', 'label': '1fbdc365-f5fe-41f9-9011-c833170b352d', 'context': [<snowplow_tracker.self_describing_json.SelfDescribingJson object at 0x000001FA65538B30>]}
[0m05:57:36.470090 [info ] [MainThread]: Found 2 models, 22 data tests, 4 sources, 678 macros
[0m05:57:36.473090 [info ] [MainThread]: 
[0m05:57:36.473090 [info ] [MainThread]: Concurrency: 4 threads (target='dev')
[0m05:57:36.474090 [info ] [MainThread]: 
[0m05:57:36.474090 [debug] [MainThread]: Acquiring new bigquery connection 'master'
[0m05:57:36.477091 [debug] [ThreadPool]: Acquiring new bigquery connection 'list_cloudprojects-506123'
[0m05:57:36.477091 [debug] [ThreadPool]: Opening a new connection, currently in state init
[0m05:57:37.956119 [debug] [ThreadPool]: Acquiring new bigquery connection 'list_cloudprojects-506123_portvessel_dev_marts'
[0m05:57:37.956119 [debug] [ThreadPool]: Opening a new connection, currently in state init
[0m05:57:38.482174 [debug] [MainThread]: Sending event: {'category': 'dbt', 'action': 'runnable_timing', 'label': '1fbdc365-f5fe-41f9-9011-c833170b352d', 'context': [<snowplow_tracker.self_describing_json.SelfDescribingJson object at 0x000001FA64E600B0>]}
[0m05:57:38.482174 [debug] [MainThread]: Opening a new connection, currently in state init
[0m05:57:38.487172 [debug] [Thread-1 (]: Began running node test.portvessel.source_not_null_portvessel_gold_agg_port_congestion_daily_metric_date.48383edd63
[0m05:57:38.487172 [debug] [Thread-2 (]: Began running node test.portvessel.source_not_null_portvessel_gold_agg_port_congestion_daily_port_id.f09a7249f2
[0m05:57:38.487172 [debug] [Thread-3 (]: Began running node test.portvessel.source_not_null_portvessel_gold_fct_anchorage_dwell_anchorage_dwell_id.f53942bfac
[0m05:57:38.488173 [debug] [Thread-4 (]: Began running node test.portvessel.source_not_null_portvessel_gold_fct_anchorage_dwell_entry_observed_at_utc.246bf70a3b
[0m05:57:38.488173 [info ] [Thread-1 (]: 1 of 24 START test source_not_null_portvessel_gold_agg_port_congestion_daily_metric_date  [RUN]
[0m05:57:38.488173 [info ] [Thread-2 (]: 2 of 24 START test source_not_null_portvessel_gold_agg_port_congestion_daily_port_id  [RUN]
[0m05:57:38.489174 [info ] [Thread-3 (]: 3 of 24 START test source_not_null_portvessel_gold_fct_anchorage_dwell_anchorage_dwell_id  [RUN]
[0m05:57:38.490172 [debug] [Thread-1 (]: Acquiring new bigquery connection 'test.portvessel.source_not_null_portvessel_gold_agg_port_congestion_daily_metric_date.48383edd63'
[0m05:57:38.489174 [info ] [Thread-4 (]: 4 of 24 START test source_not_null_portvessel_gold_fct_anchorage_dwell_entry_observed_at_utc  [RUN]
[0m05:57:38.490172 [debug] [Thread-2 (]: Acquiring new bigquery connection 'test.portvessel.source_not_null_portvessel_gold_agg_port_congestion_daily_port_id.f09a7249f2'
[0m05:57:38.490172 [debug] [Thread-3 (]: Acquiring new bigquery connection 'test.portvessel.source_not_null_portvessel_gold_fct_anchorage_dwell_anchorage_dwell_id.f53942bfac'
[0m05:57:38.491172 [debug] [Thread-1 (]: Began compiling node test.portvessel.source_not_null_portvessel_gold_agg_port_congestion_daily_metric_date.48383edd63
[0m05:57:38.491172 [debug] [Thread-4 (]: Acquiring new bigquery connection 'test.portvessel.source_not_null_portvessel_gold_fct_anchorage_dwell_entry_observed_at_utc.246bf70a3b'
[0m05:57:38.491172 [debug] [Thread-2 (]: Began compiling node test.portvessel.source_not_null_portvessel_gold_agg_port_congestion_daily_port_id.f09a7249f2
[0m05:57:38.492175 [debug] [Thread-3 (]: Began compiling node test.portvessel.source_not_null_portvessel_gold_fct_anchorage_dwell_anchorage_dwell_id.f53942bfac
[0m05:57:38.505402 [debug] [Thread-1 (]: Writing injected SQL for node "test.portvessel.source_not_null_portvessel_gold_agg_port_congestion_daily_metric_date.48383edd63"
[0m05:57:38.506403 [debug] [Thread-4 (]: Began compiling node test.portvessel.source_not_null_portvessel_gold_fct_anchorage_dwell_entry_observed_at_utc.246bf70a3b
[0m05:57:38.510918 [debug] [Thread-2 (]: Writing injected SQL for node "test.portvessel.source_not_null_portvessel_gold_agg_port_congestion_daily_port_id.f09a7249f2"
[0m05:57:38.515914 [debug] [Thread-3 (]: Writing injected SQL for node "test.portvessel.source_not_null_portvessel_gold_fct_anchorage_dwell_anchorage_dwell_id.f53942bfac"
[0m05:57:38.519924 [debug] [Thread-4 (]: Writing injected SQL for node "test.portvessel.source_not_null_portvessel_gold_fct_anchorage_dwell_entry_observed_at_utc.246bf70a3b"
[0m05:57:38.524565 [debug] [Thread-2 (]: Began executing node test.portvessel.source_not_null_portvessel_gold_agg_port_congestion_daily_port_id.f09a7249f2
[0m05:57:38.524565 [debug] [Thread-4 (]: Began executing node test.portvessel.source_not_null_portvessel_gold_fct_anchorage_dwell_entry_observed_at_utc.246bf70a3b
[0m05:57:38.540072 [debug] [Thread-2 (]: Writing runtime sql for node "test.portvessel.source_not_null_portvessel_gold_agg_port_congestion_daily_port_id.f09a7249f2"
[0m05:57:38.540072 [debug] [Thread-1 (]: Began executing node test.portvessel.source_not_null_portvessel_gold_agg_port_congestion_daily_metric_date.48383edd63
[0m05:57:38.541074 [debug] [Thread-4 (]: Writing runtime sql for node "test.portvessel.source_not_null_portvessel_gold_fct_anchorage_dwell_entry_observed_at_utc.246bf70a3b"
[0m05:57:38.542073 [debug] [Thread-3 (]: Began executing node test.portvessel.source_not_null_portvessel_gold_fct_anchorage_dwell_anchorage_dwell_id.f53942bfac
[0m05:57:38.543074 [debug] [Thread-1 (]: Writing runtime sql for node "test.portvessel.source_not_null_portvessel_gold_agg_port_congestion_daily_metric_date.48383edd63"
[0m05:57:38.544073 [debug] [Thread-3 (]: Writing runtime sql for node "test.portvessel.source_not_null_portvessel_gold_fct_anchorage_dwell_anchorage_dwell_id.f53942bfac"
[0m05:57:38.547074 [debug] [Thread-2 (]: On test.portvessel.source_not_null_portvessel_gold_agg_port_congestion_daily_port_id.f09a7249f2: /* {"app": "dbt", "dbt_version": "1.12.3", "profile_name": "portvessel", "target_name": "dev", "node_id": "test.portvessel.source_not_null_portvessel_gold_agg_port_congestion_daily_port_id.f09a7249f2"} */

    
    select
      count(*) as failures,
      count(*) != 0 as should_warn,
      count(*) != 0 as should_error
    from (
      
    
  
    
    



select port_id
from `cloudprojects-506123`.`portvessel_dev_gold`.`agg_port_congestion_daily`
where port_id is null



  
  
      
    ) dbt_internal_test
[0m05:57:38.547074 [debug] [Thread-2 (]: Opening a new connection, currently in state init
[0m05:57:38.548073 [debug] [Thread-4 (]: On test.portvessel.source_not_null_portvessel_gold_fct_anchorage_dwell_entry_observed_at_utc.246bf70a3b: /* {"app": "dbt", "dbt_version": "1.12.3", "profile_name": "portvessel", "target_name": "dev", "node_id": "test.portvessel.source_not_null_portvessel_gold_fct_anchorage_dwell_entry_observed_at_utc.246bf70a3b"} */

    
    select
      count(*) as failures,
      count(*) != 0 as should_warn,
      count(*) != 0 as should_error
    from (
      
    
  
    
    



select entry_observed_at_utc
from `cloudprojects-506123`.`portvessel_dev_gold`.`fct_anchorage_dwell`
where entry_observed_at_utc is null



  
  
      
    ) dbt_internal_test
[0m05:57:38.548073 [debug] [Thread-4 (]: Opening a new connection, currently in state init
[0m05:57:38.549075 [debug] [Thread-1 (]: On test.portvessel.source_not_null_portvessel_gold_agg_port_congestion_daily_metric_date.48383edd63: /* {"app": "dbt", "dbt_version": "1.12.3", "profile_name": "portvessel", "target_name": "dev", "node_id": "test.portvessel.source_not_null_portvessel_gold_agg_port_congestion_daily_metric_date.48383edd63"} */

    
    select
      count(*) as failures,
      count(*) != 0 as should_warn,
      count(*) != 0 as should_error
    from (
      
    
  
    
    



select metric_date
from `cloudprojects-506123`.`portvessel_dev_gold`.`agg_port_congestion_daily`
where metric_date is null



  
  
      
    ) dbt_internal_test
[0m05:57:38.549075 [debug] [Thread-3 (]: On test.portvessel.source_not_null_portvessel_gold_fct_anchorage_dwell_anchorage_dwell_id.f53942bfac: /* {"app": "dbt", "dbt_version": "1.12.3", "profile_name": "portvessel", "target_name": "dev", "node_id": "test.portvessel.source_not_null_portvessel_gold_fct_anchorage_dwell_anchorage_dwell_id.f53942bfac"} */

    
    select
      count(*) as failures,
      count(*) != 0 as should_warn,
      count(*) != 0 as should_error
    from (
      
    
  
    
    



select anchorage_dwell_id
from `cloudprojects-506123`.`portvessel_dev_gold`.`fct_anchorage_dwell`
where anchorage_dwell_id is null



  
  
      
    ) dbt_internal_test
[0m05:57:38.550072 [debug] [Thread-1 (]: Opening a new connection, currently in state init
[0m05:57:38.550072 [debug] [Thread-3 (]: Opening a new connection, currently in state init
[0m05:57:39.231144 [debug] [Thread-3 (]: BigQuery adapter: https://console.cloud.google.com/bigquery?project=cloudprojects-506123&j=bq:europe-west3:741b9133-7d61-4ca5-84fb-091cb3a834d8&page=queryresults
[0m05:57:39.235651 [debug] [Thread-2 (]: BigQuery adapter: https://console.cloud.google.com/bigquery?project=cloudprojects-506123&j=bq:europe-west3:b1cbe058-6048-4663-af65-a01ed4e793fe&page=queryresults
[0m05:57:39.247345 [debug] [Thread-1 (]: BigQuery adapter: https://console.cloud.google.com/bigquery?project=cloudprojects-506123&j=bq:europe-west3:f28ef389-b7fc-4e26-ac4d-f74d28a5551e&page=queryresults
[0m05:57:39.262983 [debug] [Thread-4 (]: BigQuery adapter: https://console.cloud.google.com/bigquery?project=cloudprojects-506123&j=bq:europe-west3:1f1e03c1-a32e-43f6-83d3-69b667351f6e&page=queryresults
[0m05:57:39.399233 [debug] [Thread-2 (]: SQL status: OK in 0.163 seconds
[0m05:57:39.399233 [debug] [Thread-3 (]: SQL status: OK in 0.168 seconds
[0m05:57:39.401231 [debug] [Thread-1 (]: SQL status: OK in 0.153 seconds
[0m05:57:39.412231 [debug] [Thread-4 (]: SQL status: OK in 0.148 seconds
[0m05:57:39.657842 [info ] [Thread-2 (]: 2 of 24 PASS source_not_null_portvessel_gold_agg_port_congestion_daily_port_id . [[32mPASS[0m in 1.17s]
[0m05:57:39.658841 [debug] [Thread-2 (]: Finished running node test.portvessel.source_not_null_portvessel_gold_agg_port_congestion_daily_port_id.f09a7249f2
[0m05:57:39.659837 [debug] [Thread-2 (]: Began running node test.portvessel.source_not_null_portvessel_gold_fct_anchorage_dwell_exit_observed_at_utc.4ce86b2423
[0m05:57:39.659837 [info ] [Thread-2 (]: 5 of 24 START test source_not_null_portvessel_gold_fct_anchorage_dwell_exit_observed_at_utc  [RUN]
[0m05:57:39.659837 [debug] [Thread-2 (]: Re-using an available connection from the pool (formerly test.portvessel.source_not_null_portvessel_gold_agg_port_congestion_daily_port_id.f09a7249f2, now test.portvessel.source_not_null_portvessel_gold_fct_anchorage_dwell_exit_observed_at_utc.4ce86b2423)
[0m05:57:39.660838 [debug] [Thread-2 (]: Began compiling node test.portvessel.source_not_null_portvessel_gold_fct_anchorage_dwell_exit_observed_at_utc.4ce86b2423
[0m05:57:39.666020 [debug] [Thread-2 (]: Writing injected SQL for node "test.portvessel.source_not_null_portvessel_gold_fct_anchorage_dwell_exit_observed_at_utc.4ce86b2423"
[0m05:57:39.667022 [debug] [Thread-2 (]: Began executing node test.portvessel.source_not_null_portvessel_gold_fct_anchorage_dwell_exit_observed_at_utc.4ce86b2423
[0m05:57:39.668020 [debug] [Thread-2 (]: Writing runtime sql for node "test.portvessel.source_not_null_portvessel_gold_fct_anchorage_dwell_exit_observed_at_utc.4ce86b2423"
[0m05:57:39.669019 [debug] [Thread-2 (]: On test.portvessel.source_not_null_portvessel_gold_fct_anchorage_dwell_exit_observed_at_utc.4ce86b2423: /* {"app": "dbt", "dbt_version": "1.12.3", "profile_name": "portvessel", "target_name": "dev", "node_id": "test.portvessel.source_not_null_portvessel_gold_fct_anchorage_dwell_exit_observed_at_utc.4ce86b2423"} */

    
    select
      count(*) as failures,
      count(*) != 0 as should_warn,
      count(*) != 0 as should_error
    from (
      
    
  
    
    



select exit_observed_at_utc
from `cloudprojects-506123`.`portvessel_dev_gold`.`fct_anchorage_dwell`
where exit_observed_at_utc is null



  
  
      
    ) dbt_internal_test
[0m05:57:39.669019 [debug] [Thread-2 (]: Opening a new connection, currently in state closed
[0m05:57:39.711822 [info ] [Thread-1 (]: 1 of 24 PASS source_not_null_portvessel_gold_agg_port_congestion_daily_metric_date  [[32mPASS[0m in 1.22s]
[0m05:57:39.711822 [debug] [Thread-1 (]: Finished running node test.portvessel.source_not_null_portvessel_gold_agg_port_congestion_daily_metric_date.48383edd63
[0m05:57:39.712828 [debug] [Thread-1 (]: Began running node test.portvessel.source_not_null_portvessel_gold_fct_anchorage_dwell_mmsi.22b13e5ded
[0m05:57:39.712828 [info ] [Thread-1 (]: 6 of 24 START test source_not_null_portvessel_gold_fct_anchorage_dwell_mmsi .... [RUN]
[0m05:57:39.713827 [debug] [Thread-1 (]: Re-using an available connection from the pool (formerly test.portvessel.source_not_null_portvessel_gold_agg_port_congestion_daily_metric_date.48383edd63, now test.portvessel.source_not_null_portvessel_gold_fct_anchorage_dwell_mmsi.22b13e5ded)
[0m05:57:39.713827 [debug] [Thread-1 (]: Began compiling node test.portvessel.source_not_null_portvessel_gold_fct_anchorage_dwell_mmsi.22b13e5ded
[0m05:57:39.719425 [debug] [Thread-1 (]: Writing injected SQL for node "test.portvessel.source_not_null_portvessel_gold_fct_anchorage_dwell_mmsi.22b13e5ded"
[0m05:57:39.720426 [debug] [Thread-1 (]: Began executing node test.portvessel.source_not_null_portvessel_gold_fct_anchorage_dwell_mmsi.22b13e5ded
[0m05:57:39.721425 [debug] [Thread-1 (]: Writing runtime sql for node "test.portvessel.source_not_null_portvessel_gold_fct_anchorage_dwell_mmsi.22b13e5ded"
[0m05:57:39.722426 [debug] [Thread-1 (]: On test.portvessel.source_not_null_portvessel_gold_fct_anchorage_dwell_mmsi.22b13e5ded: /* {"app": "dbt", "dbt_version": "1.12.3", "profile_name": "portvessel", "target_name": "dev", "node_id": "test.portvessel.source_not_null_portvessel_gold_fct_anchorage_dwell_mmsi.22b13e5ded"} */

    
    select
      count(*) as failures,
      count(*) != 0 as should_warn,
      count(*) != 0 as should_error
    from (
      
    
  
    
    



select mmsi
from `cloudprojects-506123`.`portvessel_dev_gold`.`fct_anchorage_dwell`
where mmsi is null



  
  
      
    ) dbt_internal_test
[0m05:57:39.722426 [debug] [Thread-1 (]: Opening a new connection, currently in state closed
[0m05:57:39.735238 [info ] [Thread-4 (]: 4 of 24 PASS source_not_null_portvessel_gold_fct_anchorage_dwell_entry_observed_at_utc  [[32mPASS[0m in 1.24s]
[0m05:57:39.735238 [debug] [Thread-4 (]: Finished running node test.portvessel.source_not_null_portvessel_gold_fct_anchorage_dwell_entry_observed_at_utc.246bf70a3b
[0m05:57:39.736239 [debug] [Thread-4 (]: Began running node test.portvessel.source_not_null_portvessel_gold_fct_port_call_arrival_observed_at_utc.912518b878
[0m05:57:39.736239 [info ] [Thread-4 (]: 7 of 24 START test source_not_null_portvessel_gold_fct_port_call_arrival_observed_at_utc  [RUN]
[0m05:57:39.737238 [debug] [Thread-4 (]: Re-using an available connection from the pool (formerly test.portvessel.source_not_null_portvessel_gold_fct_anchorage_dwell_entry_observed_at_utc.246bf70a3b, now test.portvessel.source_not_null_portvessel_gold_fct_port_call_arrival_observed_at_utc.912518b878)
[0m05:57:39.737238 [debug] [Thread-4 (]: Began compiling node test.portvessel.source_not_null_portvessel_gold_fct_port_call_arrival_observed_at_utc.912518b878
[0m05:57:39.743238 [debug] [Thread-4 (]: Writing injected SQL for node "test.portvessel.source_not_null_portvessel_gold_fct_port_call_arrival_observed_at_utc.912518b878"
[0m05:57:39.744239 [debug] [Thread-4 (]: Began executing node test.portvessel.source_not_null_portvessel_gold_fct_port_call_arrival_observed_at_utc.912518b878
[0m05:57:39.745239 [debug] [Thread-4 (]: Writing runtime sql for node "test.portvessel.source_not_null_portvessel_gold_fct_port_call_arrival_observed_at_utc.912518b878"
[0m05:57:39.746239 [debug] [Thread-4 (]: On test.portvessel.source_not_null_portvessel_gold_fct_port_call_arrival_observed_at_utc.912518b878: /* {"app": "dbt", "dbt_version": "1.12.3", "profile_name": "portvessel", "target_name": "dev", "node_id": "test.portvessel.source_not_null_portvessel_gold_fct_port_call_arrival_observed_at_utc.912518b878"} */

    
    select
      count(*) as failures,
      count(*) != 0 as should_warn,
      count(*) != 0 as should_error
    from (
      
    
  
    
    



select arrival_observed_at_utc
from `cloudprojects-506123`.`portvessel_dev_gold`.`fct_port_call`
where arrival_observed_at_utc is null



  
  
      
    ) dbt_internal_test
[0m05:57:39.746239 [debug] [Thread-4 (]: Opening a new connection, currently in state closed
[0m05:57:39.781239 [info ] [Thread-3 (]: 3 of 24 PASS source_not_null_portvessel_gold_fct_anchorage_dwell_anchorage_dwell_id  [[32mPASS[0m in 1.29s]
[0m05:57:39.782238 [debug] [Thread-3 (]: Finished running node test.portvessel.source_not_null_portvessel_gold_fct_anchorage_dwell_anchorage_dwell_id.f53942bfac
[0m05:57:39.782238 [debug] [Thread-3 (]: Began running node test.portvessel.source_not_null_portvessel_gold_fct_port_call_mmsi.a3782606f6
[0m05:57:39.783239 [info ] [Thread-3 (]: 8 of 24 START test source_not_null_portvessel_gold_fct_port_call_mmsi .......... [RUN]
[0m05:57:39.783239 [debug] [Thread-3 (]: Re-using an available connection from the pool (formerly test.portvessel.source_not_null_portvessel_gold_fct_anchorage_dwell_anchorage_dwell_id.f53942bfac, now test.portvessel.source_not_null_portvessel_gold_fct_port_call_mmsi.a3782606f6)
[0m05:57:39.783239 [debug] [Thread-3 (]: Began compiling node test.portvessel.source_not_null_portvessel_gold_fct_port_call_mmsi.a3782606f6
[0m05:57:39.789533 [debug] [Thread-3 (]: Writing injected SQL for node "test.portvessel.source_not_null_portvessel_gold_fct_port_call_mmsi.a3782606f6"
[0m05:57:39.790532 [debug] [Thread-3 (]: Began executing node test.portvessel.source_not_null_portvessel_gold_fct_port_call_mmsi.a3782606f6
[0m05:57:39.791533 [debug] [Thread-3 (]: Writing runtime sql for node "test.portvessel.source_not_null_portvessel_gold_fct_port_call_mmsi.a3782606f6"
[0m05:57:39.792534 [debug] [Thread-3 (]: On test.portvessel.source_not_null_portvessel_gold_fct_port_call_mmsi.a3782606f6: /* {"app": "dbt", "dbt_version": "1.12.3", "profile_name": "portvessel", "target_name": "dev", "node_id": "test.portvessel.source_not_null_portvessel_gold_fct_port_call_mmsi.a3782606f6"} */

    
    select
      count(*) as failures,
      count(*) != 0 as should_warn,
      count(*) != 0 as should_error
    from (
      
    
  
    
    



select mmsi
from `cloudprojects-506123`.`portvessel_dev_gold`.`fct_port_call`
where mmsi is null



  
  
      
    ) dbt_internal_test
[0m05:57:39.792534 [debug] [Thread-3 (]: Opening a new connection, currently in state closed
[0m05:57:40.234837 [debug] [Thread-2 (]: BigQuery adapter: https://console.cloud.google.com/bigquery?project=cloudprojects-506123&j=bq:europe-west3:3f1f54d6-2106-48a7-afee-bb3ad379dec0&page=queryresults
[0m05:57:40.250494 [debug] [Thread-1 (]: BigQuery adapter: https://console.cloud.google.com/bigquery?project=cloudprojects-506123&j=bq:europe-west3:62896a82-c606-4527-9577-5f45ccc60983&page=queryresults
[0m05:57:40.322700 [debug] [Thread-1 (]: SQL status: OK in 0.072 seconds
[0m05:57:40.363645 [debug] [Thread-2 (]: SQL status: OK in 0.129 seconds
[0m05:57:40.374644 [debug] [Thread-4 (]: BigQuery adapter: https://console.cloud.google.com/bigquery?project=cloudprojects-506123&j=bq:europe-west3:420a4fed-d5bd-4710-a853-7bbe45ceb949&page=queryresults
[0m05:57:40.385944 [debug] [Thread-3 (]: BigQuery adapter: https://console.cloud.google.com/bigquery?project=cloudprojects-506123&j=bq:europe-west3:95574ff9-a30f-4a97-9005-19584843a196&page=queryresults
[0m05:57:40.494577 [debug] [Thread-3 (]: SQL status: OK in 0.109 seconds
[0m05:57:40.518227 [debug] [Thread-4 (]: SQL status: OK in 0.143 seconds
[0m05:57:40.585467 [info ] [Thread-2 (]: 5 of 24 PASS source_not_null_portvessel_gold_fct_anchorage_dwell_exit_observed_at_utc  [[32mPASS[0m in 0.93s]
[0m05:57:40.586467 [debug] [Thread-2 (]: Finished running node test.portvessel.source_not_null_portvessel_gold_fct_anchorage_dwell_exit_observed_at_utc.4ce86b2423
[0m05:57:40.586467 [debug] [Thread-2 (]: Began running node test.portvessel.source_not_null_portvessel_gold_fct_port_call_port_call_id.7a5ddefa85
[0m05:57:40.586467 [info ] [Thread-2 (]: 9 of 24 START test source_not_null_portvessel_gold_fct_port_call_port_call_id .. [RUN]
[0m05:57:40.587468 [debug] [Thread-2 (]: Re-using an available connection from the pool (formerly test.portvessel.source_not_null_portvessel_gold_fct_anchorage_dwell_exit_observed_at_utc.4ce86b2423, now test.portvessel.source_not_null_portvessel_gold_fct_port_call_port_call_id.7a5ddefa85)
[0m05:57:40.587468 [debug] [Thread-2 (]: Began compiling node test.portvessel.source_not_null_portvessel_gold_fct_port_call_port_call_id.7a5ddefa85
[0m05:57:40.592468 [debug] [Thread-2 (]: Writing injected SQL for node "test.portvessel.source_not_null_portvessel_gold_fct_port_call_port_call_id.7a5ddefa85"
[0m05:57:40.593624 [info ] [Thread-1 (]: 6 of 24 PASS source_not_null_portvessel_gold_fct_anchorage_dwell_mmsi .......... [[32mPASS[0m in 0.88s]
[0m05:57:40.594626 [debug] [Thread-1 (]: Finished running node test.portvessel.source_not_null_portvessel_gold_fct_anchorage_dwell_mmsi.22b13e5ded
[0m05:57:40.594626 [debug] [Thread-1 (]: Began running node test.portvessel.source_not_null_portvessel_gold_vessel_operational_risk_flags_mmsi.5de8d6a52f
[0m05:57:40.595626 [info ] [Thread-1 (]: 10 of 24 START test source_not_null_portvessel_gold_vessel_operational_risk_flags_mmsi  [RUN]
[0m05:57:40.595626 [debug] [Thread-1 (]: Re-using an available connection from the pool (formerly test.portvessel.source_not_null_portvessel_gold_fct_anchorage_dwell_mmsi.22b13e5ded, now test.portvessel.source_not_null_portvessel_gold_vessel_operational_risk_flags_mmsi.5de8d6a52f)
[0m05:57:40.596624 [debug] [Thread-2 (]: Began executing node test.portvessel.source_not_null_portvessel_gold_fct_port_call_port_call_id.7a5ddefa85
[0m05:57:40.596624 [debug] [Thread-1 (]: Began compiling node test.portvessel.source_not_null_portvessel_gold_vessel_operational_risk_flags_mmsi.5de8d6a52f
[0m05:57:40.597623 [debug] [Thread-2 (]: Writing runtime sql for node "test.portvessel.source_not_null_portvessel_gold_fct_port_call_port_call_id.7a5ddefa85"
[0m05:57:40.602623 [debug] [Thread-1 (]: Writing injected SQL for node "test.portvessel.source_not_null_portvessel_gold_vessel_operational_risk_flags_mmsi.5de8d6a52f"
[0m05:57:40.603625 [debug] [Thread-1 (]: Began executing node test.portvessel.source_not_null_portvessel_gold_vessel_operational_risk_flags_mmsi.5de8d6a52f
[0m05:57:40.604623 [debug] [Thread-2 (]: On test.portvessel.source_not_null_portvessel_gold_fct_port_call_port_call_id.7a5ddefa85: /* {"app": "dbt", "dbt_version": "1.12.3", "profile_name": "portvessel", "target_name": "dev", "node_id": "test.portvessel.source_not_null_portvessel_gold_fct_port_call_port_call_id.7a5ddefa85"} */

    
    select
      count(*) as failures,
      count(*) != 0 as should_warn,
      count(*) != 0 as should_error
    from (
      
    
  
    
    



select port_call_id
from `cloudprojects-506123`.`portvessel_dev_gold`.`fct_port_call`
where port_call_id is null



  
  
      
    ) dbt_internal_test
[0m05:57:40.605626 [debug] [Thread-1 (]: Writing runtime sql for node "test.portvessel.source_not_null_portvessel_gold_vessel_operational_risk_flags_mmsi.5de8d6a52f"
[0m05:57:40.605626 [debug] [Thread-2 (]: Opening a new connection, currently in state closed
[0m05:57:40.606622 [debug] [Thread-1 (]: On test.portvessel.source_not_null_portvessel_gold_vessel_operational_risk_flags_mmsi.5de8d6a52f: /* {"app": "dbt", "dbt_version": "1.12.3", "profile_name": "portvessel", "target_name": "dev", "node_id": "test.portvessel.source_not_null_portvessel_gold_vessel_operational_risk_flags_mmsi.5de8d6a52f"} */

    
    select
      count(*) as failures,
      count(*) != 0 as should_warn,
      count(*) != 0 as should_error
    from (
      
    
  
    
    



select mmsi
from `cloudprojects-506123`.`portvessel_dev_gold`.`vessel_operational_risk_flags`
where mmsi is null



  
  
      
    ) dbt_internal_test
[0m05:57:40.607622 [debug] [Thread-1 (]: Opening a new connection, currently in state closed
[0m05:57:40.678631 [info ] [Thread-3 (]: 8 of 24 PASS source_not_null_portvessel_gold_fct_port_call_mmsi ................ [[32mPASS[0m in 0.90s]
[0m05:57:40.679633 [debug] [Thread-3 (]: Finished running node test.portvessel.source_not_null_portvessel_gold_fct_port_call_mmsi.a3782606f6
[0m05:57:40.679633 [debug] [Thread-3 (]: Began running node test.portvessel.source_not_null_portvessel_gold_vessel_operational_risk_flags_operational_flag.0da4b168a1
[0m05:57:40.679633 [info ] [Thread-3 (]: 11 of 24 START test source_not_null_portvessel_gold_vessel_operational_risk_flags_operational_flag  [RUN]
[0m05:57:40.680631 [debug] [Thread-3 (]: Re-using an available connection from the pool (formerly test.portvessel.source_not_null_portvessel_gold_fct_port_call_mmsi.a3782606f6, now test.portvessel.source_not_null_portvessel_gold_vessel_operational_risk_flags_operational_flag.0da4b168a1)
[0m05:57:40.680631 [debug] [Thread-3 (]: Began compiling node test.portvessel.source_not_null_portvessel_gold_vessel_operational_risk_flags_operational_flag.0da4b168a1
[0m05:57:40.685907 [debug] [Thread-3 (]: Writing injected SQL for node "test.portvessel.source_not_null_portvessel_gold_vessel_operational_risk_flags_operational_flag.0da4b168a1"
[0m05:57:40.686906 [debug] [Thread-3 (]: Began executing node test.portvessel.source_not_null_portvessel_gold_vessel_operational_risk_flags_operational_flag.0da4b168a1
[0m05:57:40.687906 [debug] [Thread-3 (]: Writing runtime sql for node "test.portvessel.source_not_null_portvessel_gold_vessel_operational_risk_flags_operational_flag.0da4b168a1"
[0m05:57:40.688907 [debug] [Thread-3 (]: On test.portvessel.source_not_null_portvessel_gold_vessel_operational_risk_flags_operational_flag.0da4b168a1: /* {"app": "dbt", "dbt_version": "1.12.3", "profile_name": "portvessel", "target_name": "dev", "node_id": "test.portvessel.source_not_null_portvessel_gold_vessel_operational_risk_flags_operational_flag.0da4b168a1"} */

    
    select
      count(*) as failures,
      count(*) != 0 as should_warn,
      count(*) != 0 as should_error
    from (
      
    
  
    
    



select operational_flag
from `cloudprojects-506123`.`portvessel_dev_gold`.`vessel_operational_risk_flags`
where operational_flag is null



  
  
      
    ) dbt_internal_test
[0m05:57:40.689906 [debug] [Thread-3 (]: Opening a new connection, currently in state closed
[0m05:57:40.816095 [info ] [Thread-4 (]: 7 of 24 PASS source_not_null_portvessel_gold_fct_port_call_arrival_observed_at_utc  [[32mPASS[0m in 1.08s]
[0m05:57:40.817096 [debug] [Thread-4 (]: Finished running node test.portvessel.source_not_null_portvessel_gold_fct_port_call_arrival_observed_at_utc.912518b878
[0m05:57:40.817096 [debug] [Thread-4 (]: Began running node test.portvessel.source_unique_portvessel_gold_fct_anchorage_dwell_anchorage_dwell_id.c6b3ee12e6
[0m05:57:40.817096 [info ] [Thread-4 (]: 12 of 24 START test source_unique_portvessel_gold_fct_anchorage_dwell_anchorage_dwell_id  [RUN]
[0m05:57:40.818094 [debug] [Thread-4 (]: Re-using an available connection from the pool (formerly test.portvessel.source_not_null_portvessel_gold_fct_port_call_arrival_observed_at_utc.912518b878, now test.portvessel.source_unique_portvessel_gold_fct_anchorage_dwell_anchorage_dwell_id.c6b3ee12e6)
[0m05:57:40.818094 [debug] [Thread-4 (]: Began compiling node test.portvessel.source_unique_portvessel_gold_fct_anchorage_dwell_anchorage_dwell_id.c6b3ee12e6
[0m05:57:40.825100 [debug] [Thread-4 (]: Writing injected SQL for node "test.portvessel.source_unique_portvessel_gold_fct_anchorage_dwell_anchorage_dwell_id.c6b3ee12e6"
[0m05:57:40.826099 [debug] [Thread-4 (]: Began executing node test.portvessel.source_unique_portvessel_gold_fct_anchorage_dwell_anchorage_dwell_id.c6b3ee12e6
[0m05:57:40.827100 [debug] [Thread-4 (]: Writing runtime sql for node "test.portvessel.source_unique_portvessel_gold_fct_anchorage_dwell_anchorage_dwell_id.c6b3ee12e6"
[0m05:57:40.828099 [debug] [Thread-4 (]: On test.portvessel.source_unique_portvessel_gold_fct_anchorage_dwell_anchorage_dwell_id.c6b3ee12e6: /* {"app": "dbt", "dbt_version": "1.12.3", "profile_name": "portvessel", "target_name": "dev", "node_id": "test.portvessel.source_unique_portvessel_gold_fct_anchorage_dwell_anchorage_dwell_id.c6b3ee12e6"} */

    
    select
      count(*) as failures,
      count(*) != 0 as should_warn,
      count(*) != 0 as should_error
    from (
      
    
  
    
    

with dbt_test__target as (

  select anchorage_dwell_id as unique_field
  from `cloudprojects-506123`.`portvessel_dev_gold`.`fct_anchorage_dwell`
  where anchorage_dwell_id is not null

)

select
    unique_field,
    count(*) as n_records

from dbt_test__target
group by unique_field
having count(*) > 1



  
  
      
    ) dbt_internal_test
[0m05:57:40.828099 [debug] [Thread-4 (]: Opening a new connection, currently in state closed
[0m05:57:41.162870 [debug] [Thread-2 (]: BigQuery adapter: https://console.cloud.google.com/bigquery?project=cloudprojects-506123&j=bq:europe-west3:7f89c69e-d8f9-47bf-87a8-9069c0a7d9ed&page=queryresults
[0m05:57:41.230140 [debug] [Thread-1 (]: BigQuery adapter: https://console.cloud.google.com/bigquery?project=cloudprojects-506123&j=bq:europe-west3:12fd759f-a22d-4d23-8f46-2043baf146aa&page=queryresults
[0m05:57:41.269598 [debug] [Thread-3 (]: BigQuery adapter: https://console.cloud.google.com/bigquery?project=cloudprojects-506123&j=bq:europe-west3:12f1d06d-299c-4831-ab40-b6f289b92570&page=queryresults
[0m05:57:41.305877 [debug] [Thread-2 (]: SQL status: OK in 0.143 seconds
[0m05:57:41.314534 [debug] [Thread-1 (]: SQL status: OK in 0.084 seconds
[0m05:57:41.414595 [debug] [Thread-3 (]: SQL status: OK in 0.144 seconds
[0m05:57:41.432599 [debug] [Thread-4 (]: BigQuery adapter: https://console.cloud.google.com/bigquery?project=cloudprojects-506123&j=bq:europe-west3:d1a7ccaf-7125-47c7-ac14-875386234de7&page=queryresults
[0m05:57:41.472011 [info ] [Thread-2 (]: 9 of 24 PASS source_not_null_portvessel_gold_fct_port_call_port_call_id ........ [[32mPASS[0m in 0.88s]
[0m05:57:41.473011 [debug] [Thread-2 (]: Finished running node test.portvessel.source_not_null_portvessel_gold_fct_port_call_port_call_id.7a5ddefa85
[0m05:57:41.473011 [debug] [Thread-2 (]: Began running node test.portvessel.source_unique_portvessel_gold_fct_port_call_port_call_id.953d20cae7
[0m05:57:41.473011 [info ] [Thread-2 (]: 13 of 24 START test source_unique_portvessel_gold_fct_port_call_port_call_id ... [RUN]
[0m05:57:41.474013 [debug] [Thread-2 (]: Re-using an available connection from the pool (formerly test.portvessel.source_not_null_portvessel_gold_fct_port_call_port_call_id.7a5ddefa85, now test.portvessel.source_unique_portvessel_gold_fct_port_call_port_call_id.953d20cae7)
[0m05:57:41.474013 [debug] [Thread-2 (]: Began compiling node test.portvessel.source_unique_portvessel_gold_fct_port_call_port_call_id.953d20cae7
[0m05:57:41.479015 [debug] [Thread-2 (]: Writing injected SQL for node "test.portvessel.source_unique_portvessel_gold_fct_port_call_port_call_id.953d20cae7"
[0m05:57:41.484063 [info ] [Thread-1 (]: 10 of 24 PASS source_not_null_portvessel_gold_vessel_operational_risk_flags_mmsi  [[32mPASS[0m in 0.89s]
[0m05:57:41.484063 [debug] [Thread-1 (]: Finished running node test.portvessel.source_not_null_portvessel_gold_vessel_operational_risk_flags_mmsi.5de8d6a52f
[0m05:57:41.484063 [debug] [Thread-1 (]: Began running node test.portvessel.source_unique_portvessel_gold_vessel_operational_risk_flags_mmsi.2659b8de7c
[0m05:57:41.485576 [info ] [Thread-1 (]: 14 of 24 START test source_unique_portvessel_gold_vessel_operational_risk_flags_mmsi  [RUN]
[0m05:57:41.485576 [debug] [Thread-1 (]: Re-using an available connection from the pool (formerly test.portvessel.source_not_null_portvessel_gold_vessel_operational_risk_flags_mmsi.5de8d6a52f, now test.portvessel.source_unique_portvessel_gold_vessel_operational_risk_flags_mmsi.2659b8de7c)
[0m05:57:41.485576 [debug] [Thread-1 (]: Began compiling node test.portvessel.source_unique_portvessel_gold_vessel_operational_risk_flags_mmsi.2659b8de7c
[0m05:57:41.490619 [debug] [Thread-1 (]: Writing injected SQL for node "test.portvessel.source_unique_portvessel_gold_vessel_operational_risk_flags_mmsi.2659b8de7c"
[0m05:57:41.491620 [debug] [Thread-2 (]: Began executing node test.portvessel.source_unique_portvessel_gold_fct_port_call_port_call_id.953d20cae7
[0m05:57:41.492950 [debug] [Thread-2 (]: Writing runtime sql for node "test.portvessel.source_unique_portvessel_gold_fct_port_call_port_call_id.953d20cae7"
[0m05:57:41.492950 [debug] [Thread-1 (]: Began executing node test.portvessel.source_unique_portvessel_gold_vessel_operational_risk_flags_mmsi.2659b8de7c
[0m05:57:41.493953 [debug] [Thread-1 (]: Writing runtime sql for node "test.portvessel.source_unique_portvessel_gold_vessel_operational_risk_flags_mmsi.2659b8de7c"
[0m05:57:41.494953 [debug] [Thread-2 (]: On test.portvessel.source_unique_portvessel_gold_fct_port_call_port_call_id.953d20cae7: /* {"app": "dbt", "dbt_version": "1.12.3", "profile_name": "portvessel", "target_name": "dev", "node_id": "test.portvessel.source_unique_portvessel_gold_fct_port_call_port_call_id.953d20cae7"} */

    
    select
      count(*) as failures,
      count(*) != 0 as should_warn,
      count(*) != 0 as should_error
    from (
      
    
  
    
    

with dbt_test__target as (

  select port_call_id as unique_field
  from `cloudprojects-506123`.`portvessel_dev_gold`.`fct_port_call`
  where port_call_id is not null

)

select
    unique_field,
    count(*) as n_records

from dbt_test__target
group by unique_field
having count(*) > 1



  
  
      
    ) dbt_internal_test
[0m05:57:41.494953 [debug] [Thread-2 (]: Opening a new connection, currently in state closed
[0m05:57:41.495952 [debug] [Thread-1 (]: On test.portvessel.source_unique_portvessel_gold_vessel_operational_risk_flags_mmsi.2659b8de7c: /* {"app": "dbt", "dbt_version": "1.12.3", "profile_name": "portvessel", "target_name": "dev", "node_id": "test.portvessel.source_unique_portvessel_gold_vessel_operational_risk_flags_mmsi.2659b8de7c"} */

    
    select
      count(*) as failures,
      count(*) != 0 as should_warn,
      count(*) != 0 as should_error
    from (
      
    
  
    
    

with dbt_test__target as (

  select mmsi as unique_field
  from `cloudprojects-506123`.`portvessel_dev_gold`.`vessel_operational_risk_flags`
  where mmsi is not null

)

select
    unique_field,
    count(*) as n_records

from dbt_test__target
group by unique_field
having count(*) > 1



  
  
      
    ) dbt_internal_test
[0m05:57:41.495952 [debug] [Thread-1 (]: Opening a new connection, currently in state closed
[0m05:57:41.527541 [debug] [Thread-4 (]: SQL status: OK in 0.094 seconds
[0m05:57:41.598443 [info ] [Thread-3 (]: 11 of 24 PASS source_not_null_portvessel_gold_vessel_operational_risk_flags_operational_flag  [[32mPASS[0m in 0.92s]
[0m05:57:41.599444 [debug] [Thread-3 (]: Finished running node test.portvessel.source_not_null_portvessel_gold_vessel_operational_risk_flags_operational_flag.0da4b168a1
[0m05:57:41.599444 [debug] [Thread-3 (]: Began running node model.portvessel.mart_port_congestion
[0m05:57:41.600444 [info ] [Thread-3 (]: 15 of 24 START sql table model portvessel_dev_marts.mart_port_congestion ....... [RUN]
[0m05:57:41.600444 [debug] [Thread-3 (]: Re-using an available connection from the pool (formerly test.portvessel.source_not_null_portvessel_gold_vessel_operational_risk_flags_operational_flag.0da4b168a1, now model.portvessel.mart_port_congestion)
[0m05:57:41.600444 [debug] [Thread-3 (]: Began compiling node model.portvessel.mart_port_congestion
[0m05:57:41.603443 [debug] [Thread-3 (]: Writing injected SQL for node "model.portvessel.mart_port_congestion"
[0m05:57:41.604444 [debug] [Thread-3 (]: Began executing node model.portvessel.mart_port_congestion
[0m05:57:41.618709 [debug] [Thread-3 (]: Opening a new connection, currently in state closed
[0m05:57:41.701767 [info ] [Thread-4 (]: 12 of 24 PASS source_unique_portvessel_gold_fct_anchorage_dwell_anchorage_dwell_id  [[32mPASS[0m in 0.88s]
[0m05:57:41.702768 [debug] [Thread-4 (]: Finished running node test.portvessel.source_unique_portvessel_gold_fct_anchorage_dwell_anchorage_dwell_id.c6b3ee12e6
[0m05:57:42.020225 [debug] [Thread-3 (]: Writing runtime sql for node "model.portvessel.mart_port_congestion"
[0m05:57:42.021224 [debug] [Thread-1 (]: BigQuery adapter: https://console.cloud.google.com/bigquery?project=cloudprojects-506123&j=bq:europe-west3:b27112eb-37fd-49f1-bc18-9c034b8eb7c2&page=queryresults
[0m05:57:42.022224 [debug] [Thread-3 (]: On model.portvessel.mart_port_congestion: /* {"app": "dbt", "dbt_version": "1.12.3", "profile_name": "portvessel", "target_name": "dev", "node_id": "model.portvessel.mart_port_congestion"} */

  
    

    create or replace table `cloudprojects-506123`.`portvessel_dev_marts`.`mart_port_congestion`
      
    partition by metric_date
    cluster by port_id

    
    OPTIONS(
      description="""Daily port congestion mart."""
    )
    as (
      

with source_data as (
    select
        metric_date,
        port_id,
        port_name,
        observed_port_calls,
        observed_vessels,
        port_calls_with_anchorage,
        median_port_duration_minutes,
        p90_port_duration_minutes,
        mean_port_duration_minutes,
        observed_with_anchorage_calls,
        partial_calls,
        source_object,
        source_sha256,
        loaded_at_utc,
        ingestion_run_id
    from `cloudprojects-506123`.`portvessel_dev_gold`.`agg_port_congestion_daily`
),

final as (
    select
        metric_date,
        port_id,
        port_name,
        observed_port_calls,
        observed_vessels,
        port_calls_with_anchorage,
        safe_divide(port_calls_with_anchorage, nullif(observed_port_calls, 0))
            as anchorage_call_rate,
        median_port_duration_minutes,
        p90_port_duration_minutes,
        mean_port_duration_minutes,
        observed_with_anchorage_calls,
        partial_calls,
        source_object,
        source_sha256,
        loaded_at_utc,
        ingestion_run_id
    from source_data
)

select * from final
    );
  
[0m05:57:42.065709 [debug] [Thread-2 (]: BigQuery adapter: https://console.cloud.google.com/bigquery?project=cloudprojects-506123&j=bq:europe-west3:63458995-7bbf-4976-a3a5-3715ae818777&page=queryresults
[0m05:57:42.091625 [debug] [Thread-1 (]: SQL status: OK in 0.070 seconds
[0m05:57:42.160074 [debug] [Thread-2 (]: SQL status: OK in 0.094 seconds
[0m05:57:42.236935 [info ] [Thread-1 (]: 14 of 24 PASS source_unique_portvessel_gold_vessel_operational_risk_flags_mmsi . [[32mPASS[0m in 0.75s]
[0m05:57:42.236935 [debug] [Thread-1 (]: Finished running node test.portvessel.source_unique_portvessel_gold_vessel_operational_risk_flags_mmsi.2659b8de7c
[0m05:57:42.237937 [debug] [Thread-4 (]: Began running node model.portvessel.mart_vessel_risk
[0m05:57:42.237937 [info ] [Thread-4 (]: 16 of 24 START sql table model portvessel_dev_marts.mart_vessel_risk ........... [RUN]
[0m05:57:42.238935 [debug] [Thread-4 (]: Re-using an available connection from the pool (formerly test.portvessel.source_unique_portvessel_gold_fct_anchorage_dwell_anchorage_dwell_id.c6b3ee12e6, now model.portvessel.mart_vessel_risk)
[0m05:57:42.238935 [debug] [Thread-4 (]: Began compiling node model.portvessel.mart_vessel_risk
[0m05:57:42.240935 [debug] [Thread-4 (]: Writing injected SQL for node "model.portvessel.mart_vessel_risk"
[0m05:57:42.241936 [debug] [Thread-4 (]: Began executing node model.portvessel.mart_vessel_risk
[0m05:57:42.242936 [debug] [Thread-4 (]: Opening a new connection, currently in state closed
[0m05:57:42.361566 [debug] [Thread-3 (]: BigQuery adapter: https://console.cloud.google.com/bigquery?project=cloudprojects-506123&j=bq:europe-west3:914db88f-e590-4be9-85e3-dddcf355343f&page=queryresults
[0m05:57:42.365745 [info ] [Thread-2 (]: 13 of 24 PASS source_unique_portvessel_gold_fct_port_call_port_call_id ......... [[32mPASS[0m in 0.89s]
[0m05:57:42.365745 [debug] [Thread-2 (]: Finished running node test.portvessel.source_unique_portvessel_gold_fct_port_call_port_call_id.953d20cae7
[0m05:57:42.563009 [debug] [Thread-4 (]: Writing runtime sql for node "model.portvessel.mart_vessel_risk"
[0m05:57:42.564008 [debug] [Thread-4 (]: On model.portvessel.mart_vessel_risk: /* {"app": "dbt", "dbt_version": "1.12.3", "profile_name": "portvessel", "target_name": "dev", "node_id": "model.portvessel.mart_vessel_risk"} */

  
    

    create or replace table `cloudprojects-506123`.`portvessel_dev_marts`.`mart_vessel_risk`
      
    
    cluster by mmsi, operational_flag

    
    OPTIONS(
      description="""Vessel operational risk mart."""
    )
    as (
      

with risk_data as (
    select
        mmsi,
        port_call_count,
        port_calls_with_anchorage,
        partial_port_calls,
        persistent_anchorage_episode_count,
        max_port_duration_minutes,
        mean_port_duration_minutes,
        max_persistent_anchorage_dwell_minutes,
        mean_persistent_anchorage_dwell_minutes,
        max_observation_gap_minutes,
        operational_flag,
        source_object,
        source_sha256,
        loaded_at_utc,
        ingestion_run_id
    from `cloudprojects-506123`.`portvessel_dev_gold`.`vessel_operational_risk_flags`
),

final as (
    select
        mmsi,
        port_call_count,
        port_calls_with_anchorage,
        safe_divide(
            port_calls_with_anchorage,
            nullif(port_call_count, 0)
        ) as anchorage_call_rate,
        partial_port_calls,
        persistent_anchorage_episode_count,
        max_port_duration_minutes,
        mean_port_duration_minutes,
        max_persistent_anchorage_dwell_minutes,
        mean_persistent_anchorage_dwell_minutes,
        max_observation_gap_minutes,
        operational_flag,
        source_object,
        source_sha256,
        loaded_at_utc,
        ingestion_run_id
    from risk_data
)

select * from final
    );
  
[0m05:57:42.818079 [debug] [Thread-4 (]: BigQuery adapter: https://console.cloud.google.com/bigquery?project=cloudprojects-506123&j=bq:europe-west3:e4087b73-956c-455c-b1e8-69150ffef57f&page=queryresults
[0m05:57:43.413340 [debug] [Thread-3 (]: SQL status: OK in 1.052 seconds
[0m05:57:43.830328 [debug] [Thread-4 (]: SQL status: OK in 1.012 seconds
[0m05:57:44.231153 [debug] [Thread-3 (]: Sending event: {'category': 'dbt', 'action': 'run_model', 'label': '1fbdc365-f5fe-41f9-9011-c833170b352d', 'context': [<snowplow_tracker.self_describing_json.SelfDescribingJson object at 0x000001FA6559F0B0>]}
[0m05:57:44.231153 [info ] [Thread-3 (]: 15 of 24 OK created sql table model portvessel_dev_marts.mart_port_congestion .. [[32mCREATE TABLE (4.0 rows, 1.3 KiB processed)[0m in 2.63s]
[0m05:57:44.232155 [debug] [Thread-3 (]: Finished running node model.portvessel.mart_port_congestion
[0m05:57:44.233154 [debug] [Thread-1 (]: Began running node test.portvessel.dbt_utils_expression_is_true_mart_port_congestion_anchorage_call_rate__between_0_and_1.69e0fdf065
[0m05:57:44.233154 [debug] [Thread-2 (]: Began running node test.portvessel.not_null_mart_port_congestion_anchorage_call_rate.f16ef228d1
[0m05:57:44.233154 [debug] [Thread-3 (]: Began running node test.portvessel.not_null_mart_port_congestion_metric_date.7325c852e2
[0m05:57:44.233154 [info ] [Thread-1 (]: 17 of 24 START test dbt_utils_expression_is_true_mart_port_congestion_anchorage_call_rate__between_0_and_1  [RUN]
[0m05:57:44.234153 [info ] [Thread-2 (]: 18 of 24 START test not_null_mart_port_congestion_anchorage_call_rate .......... [RUN]
[0m05:57:44.234153 [debug] [Thread-1 (]: Re-using an available connection from the pool (formerly test.portvessel.source_unique_portvessel_gold_vessel_operational_risk_flags_mmsi.2659b8de7c, now test.portvessel.dbt_utils_expression_is_true_mart_port_congestion_anchorage_call_rate__between_0_and_1.69e0fdf065)
[0m05:57:44.235154 [debug] [Thread-2 (]: Re-using an available connection from the pool (formerly test.portvessel.source_unique_portvessel_gold_fct_port_call_port_call_id.953d20cae7, now test.portvessel.not_null_mart_port_congestion_anchorage_call_rate.f16ef228d1)
[0m05:57:44.234153 [info ] [Thread-3 (]: 19 of 24 START test not_null_mart_port_congestion_metric_date .................. [RUN]
[0m05:57:44.235154 [debug] [Thread-1 (]: Began compiling node test.portvessel.dbt_utils_expression_is_true_mart_port_congestion_anchorage_call_rate__between_0_and_1.69e0fdf065
[0m05:57:44.235154 [debug] [Thread-2 (]: Began compiling node test.portvessel.not_null_mart_port_congestion_anchorage_call_rate.f16ef228d1
[0m05:57:44.236155 [debug] [Thread-3 (]: Re-using an available connection from the pool (formerly model.portvessel.mart_port_congestion, now test.portvessel.not_null_mart_port_congestion_metric_date.7325c852e2)
[0m05:57:44.245666 [debug] [Thread-1 (]: Writing injected SQL for node "test.portvessel.dbt_utils_expression_is_true_mart_port_congestion_anchorage_call_rate__between_0_and_1.69e0fdf065"
[0m05:57:44.251665 [debug] [Thread-2 (]: Writing injected SQL for node "test.portvessel.not_null_mart_port_congestion_anchorage_call_rate.f16ef228d1"
[0m05:57:44.252666 [debug] [Thread-3 (]: Began compiling node test.portvessel.not_null_mart_port_congestion_metric_date.7325c852e2
[0m05:57:44.256665 [debug] [Thread-3 (]: Writing injected SQL for node "test.portvessel.not_null_mart_port_congestion_metric_date.7325c852e2"
[0m05:57:44.257667 [debug] [Thread-2 (]: Began executing node test.portvessel.not_null_mart_port_congestion_anchorage_call_rate.f16ef228d1
[0m05:57:44.258363 [debug] [Thread-2 (]: Writing runtime sql for node "test.portvessel.not_null_mart_port_congestion_anchorage_call_rate.f16ef228d1"
[0m05:57:44.259367 [debug] [Thread-2 (]: On test.portvessel.not_null_mart_port_congestion_anchorage_call_rate.f16ef228d1: /* {"app": "dbt", "dbt_version": "1.12.3", "profile_name": "portvessel", "target_name": "dev", "node_id": "test.portvessel.not_null_mart_port_congestion_anchorage_call_rate.f16ef228d1"} */

    
    select
      count(*) as failures,
      count(*) != 0 as should_warn,
      count(*) != 0 as should_error
    from (
      
    
  
    
    



select anchorage_call_rate
from `cloudprojects-506123`.`portvessel_dev_marts`.`mart_port_congestion`
where anchorage_call_rate is null



  
  
      
    ) dbt_internal_test
[0m05:57:44.259367 [debug] [Thread-2 (]: Opening a new connection, currently in state closed
[0m05:57:44.266969 [debug] [Thread-1 (]: Began executing node test.portvessel.dbt_utils_expression_is_true_mart_port_congestion_anchorage_call_rate__between_0_and_1.69e0fdf065
[0m05:57:44.267976 [debug] [Thread-1 (]: Writing runtime sql for node "test.portvessel.dbt_utils_expression_is_true_mart_port_congestion_anchorage_call_rate__between_0_and_1.69e0fdf065"
[0m05:57:44.267976 [debug] [Thread-3 (]: Began executing node test.portvessel.not_null_mart_port_congestion_metric_date.7325c852e2
[0m05:57:44.269974 [debug] [Thread-3 (]: Writing runtime sql for node "test.portvessel.not_null_mart_port_congestion_metric_date.7325c852e2"
[0m05:57:44.269974 [debug] [Thread-1 (]: On test.portvessel.dbt_utils_expression_is_true_mart_port_congestion_anchorage_call_rate__between_0_and_1.69e0fdf065: /* {"app": "dbt", "dbt_version": "1.12.3", "profile_name": "portvessel", "target_name": "dev", "node_id": "test.portvessel.dbt_utils_expression_is_true_mart_port_congestion_anchorage_call_rate__between_0_and_1.69e0fdf065"} */

    
    select
      count(*) as failures,
      count(*) != 0 as should_warn,
      count(*) != 0 as should_error
    from (
      
    
  



select
    1
from `cloudprojects-506123`.`portvessel_dev_marts`.`mart_port_congestion`

where not(anchorage_call_rate between 0 and 1)


  
  
      
    ) dbt_internal_test
[0m05:57:44.270975 [debug] [Thread-1 (]: Opening a new connection, currently in state closed
[0m05:57:44.270975 [debug] [Thread-3 (]: On test.portvessel.not_null_mart_port_congestion_metric_date.7325c852e2: /* {"app": "dbt", "dbt_version": "1.12.3", "profile_name": "portvessel", "target_name": "dev", "node_id": "test.portvessel.not_null_mart_port_congestion_metric_date.7325c852e2"} */

    
    select
      count(*) as failures,
      count(*) != 0 as should_warn,
      count(*) != 0 as should_error
    from (
      
    
  
    
    



select metric_date
from `cloudprojects-506123`.`portvessel_dev_marts`.`mart_port_congestion`
where metric_date is null



  
  
      
    ) dbt_internal_test
[0m05:57:44.271975 [debug] [Thread-3 (]: Opening a new connection, currently in state closed
[0m05:57:44.631568 [debug] [Thread-4 (]: Sending event: {'category': 'dbt', 'action': 'run_model', 'label': '1fbdc365-f5fe-41f9-9011-c833170b352d', 'context': [<snowplow_tracker.self_describing_json.SelfDescribingJson object at 0x000001FA65539FD0>]}
[0m05:57:44.632568 [info ] [Thread-4 (]: 16 of 24 OK created sql table model portvessel_dev_marts.mart_vessel_risk ...... [[32mCREATE TABLE (428.0 rows, 117.3 KiB processed)[0m in 2.39s]
[0m05:57:44.632568 [debug] [Thread-4 (]: Finished running node model.portvessel.mart_vessel_risk
[0m05:57:44.632568 [debug] [Thread-4 (]: Began running node test.portvessel.not_null_mart_port_congestion_port_id.85d8a4aa79
[0m05:57:44.633567 [info ] [Thread-4 (]: 20 of 24 START test not_null_mart_port_congestion_port_id ...................... [RUN]
[0m05:57:44.633567 [debug] [Thread-4 (]: Re-using an available connection from the pool (formerly model.portvessel.mart_vessel_risk, now test.portvessel.not_null_mart_port_congestion_port_id.85d8a4aa79)
[0m05:57:44.634567 [debug] [Thread-4 (]: Began compiling node test.portvessel.not_null_mart_port_congestion_port_id.85d8a4aa79
[0m05:57:44.638649 [debug] [Thread-4 (]: Writing injected SQL for node "test.portvessel.not_null_mart_port_congestion_port_id.85d8a4aa79"
[0m05:57:44.639650 [debug] [Thread-4 (]: Began executing node test.portvessel.not_null_mart_port_congestion_port_id.85d8a4aa79
[0m05:57:44.640652 [debug] [Thread-4 (]: Writing runtime sql for node "test.portvessel.not_null_mart_port_congestion_port_id.85d8a4aa79"
[0m05:57:44.641650 [debug] [Thread-4 (]: On test.portvessel.not_null_mart_port_congestion_port_id.85d8a4aa79: /* {"app": "dbt", "dbt_version": "1.12.3", "profile_name": "portvessel", "target_name": "dev", "node_id": "test.portvessel.not_null_mart_port_congestion_port_id.85d8a4aa79"} */

    
    select
      count(*) as failures,
      count(*) != 0 as should_warn,
      count(*) != 0 as should_error
    from (
      
    
  
    
    



select port_id
from `cloudprojects-506123`.`portvessel_dev_marts`.`mart_port_congestion`
where port_id is null



  
  
      
    ) dbt_internal_test
[0m05:57:44.641650 [debug] [Thread-4 (]: Opening a new connection, currently in state closed
[0m05:57:44.831435 [debug] [Thread-2 (]: BigQuery adapter: https://console.cloud.google.com/bigquery?project=cloudprojects-506123&j=bq:europe-west3:68b0e7a4-77cf-4af0-869a-23d82451b3a6&page=queryresults
[0m05:57:44.885358 [debug] [Thread-3 (]: BigQuery adapter: https://console.cloud.google.com/bigquery?project=cloudprojects-506123&j=bq:europe-west3:345f4263-3c78-4175-af0e-77c3a6b4a079&page=queryresults
[0m05:57:44.896358 [debug] [Thread-1 (]: BigQuery adapter: https://console.cloud.google.com/bigquery?project=cloudprojects-506123&j=bq:europe-west3:c69f884a-f12a-40f2-8873-63d7e20e380c&page=queryresults
[0m05:57:44.959577 [debug] [Thread-3 (]: SQL status: OK in 0.074 seconds
[0m05:57:44.994864 [debug] [Thread-2 (]: SQL status: OK in 0.163 seconds
[0m05:57:45.008038 [debug] [Thread-1 (]: SQL status: OK in 0.112 seconds
[0m05:57:45.135976 [debug] [Thread-4 (]: BigQuery adapter: https://console.cloud.google.com/bigquery?project=cloudprojects-506123&j=bq:europe-west3:86144f56-f506-4cc5-8c71-db483b2b7308&page=queryresults
[0m05:57:45.150003 [info ] [Thread-2 (]: 18 of 24 PASS not_null_mart_port_congestion_anchorage_call_rate ................ [[32mPASS[0m in 0.91s]
[0m05:57:45.151004 [debug] [Thread-2 (]: Finished running node test.portvessel.not_null_mart_port_congestion_anchorage_call_rate.f16ef228d1
[0m05:57:45.151004 [debug] [Thread-2 (]: Began running node test.portvessel.dbt_utils_expression_is_true_mart_vessel_risk_anchorage_call_rate__between_0_and_1.a744c8ae33
[0m05:57:45.152004 [info ] [Thread-2 (]: 21 of 24 START test dbt_utils_expression_is_true_mart_vessel_risk_anchorage_call_rate__between_0_and_1  [RUN]
[0m05:57:45.152004 [debug] [Thread-2 (]: Re-using an available connection from the pool (formerly test.portvessel.not_null_mart_port_congestion_anchorage_call_rate.f16ef228d1, now test.portvessel.dbt_utils_expression_is_true_mart_vessel_risk_anchorage_call_rate__between_0_and_1.a744c8ae33)
[0m05:57:45.153004 [debug] [Thread-2 (]: Began compiling node test.portvessel.dbt_utils_expression_is_true_mart_vessel_risk_anchorage_call_rate__between_0_and_1.a744c8ae33
[0m05:57:45.157177 [debug] [Thread-2 (]: Writing injected SQL for node "test.portvessel.dbt_utils_expression_is_true_mart_vessel_risk_anchorage_call_rate__between_0_and_1.a744c8ae33"
[0m05:57:45.158178 [debug] [Thread-2 (]: Began executing node test.portvessel.dbt_utils_expression_is_true_mart_vessel_risk_anchorage_call_rate__between_0_and_1.a744c8ae33
[0m05:57:45.160179 [debug] [Thread-2 (]: Writing runtime sql for node "test.portvessel.dbt_utils_expression_is_true_mart_vessel_risk_anchorage_call_rate__between_0_and_1.a744c8ae33"
[0m05:57:45.162179 [info ] [Thread-3 (]: 19 of 24 PASS not_null_mart_port_congestion_metric_date ........................ [[32mPASS[0m in 0.93s]
[0m05:57:45.162179 [debug] [Thread-2 (]: On test.portvessel.dbt_utils_expression_is_true_mart_vessel_risk_anchorage_call_rate__between_0_and_1.a744c8ae33: /* {"app": "dbt", "dbt_version": "1.12.3", "profile_name": "portvessel", "target_name": "dev", "node_id": "test.portvessel.dbt_utils_expression_is_true_mart_vessel_risk_anchorage_call_rate__between_0_and_1.a744c8ae33"} */

    
    select
      count(*) as failures,
      count(*) != 0 as should_warn,
      count(*) != 0 as should_error
    from (
      
    
  



select
    1
from `cloudprojects-506123`.`portvessel_dev_marts`.`mart_vessel_risk`

where not(anchorage_call_rate between 0 and 1)


  
  
      
    ) dbt_internal_test
[0m05:57:45.163179 [debug] [Thread-3 (]: Finished running node test.portvessel.not_null_mart_port_congestion_metric_date.7325c852e2
[0m05:57:45.163179 [debug] [Thread-2 (]: Opening a new connection, currently in state closed
[0m05:57:45.164182 [debug] [Thread-3 (]: Began running node test.portvessel.not_null_mart_vessel_risk_mmsi.b745f77b30
[0m05:57:45.164182 [info ] [Thread-3 (]: 22 of 24 START test not_null_mart_vessel_risk_mmsi ............................. [RUN]
[0m05:57:45.165180 [debug] [Thread-3 (]: Re-using an available connection from the pool (formerly test.portvessel.not_null_mart_port_congestion_metric_date.7325c852e2, now test.portvessel.not_null_mart_vessel_risk_mmsi.b745f77b30)
[0m05:57:45.166178 [debug] [Thread-3 (]: Began compiling node test.portvessel.not_null_mart_vessel_risk_mmsi.b745f77b30
[0m05:57:45.171179 [debug] [Thread-3 (]: Writing injected SQL for node "test.portvessel.not_null_mart_vessel_risk_mmsi.b745f77b30"
[0m05:57:45.172178 [debug] [Thread-3 (]: Began executing node test.portvessel.not_null_mart_vessel_risk_mmsi.b745f77b30
[0m05:57:45.173180 [debug] [Thread-3 (]: Writing runtime sql for node "test.portvessel.not_null_mart_vessel_risk_mmsi.b745f77b30"
[0m05:57:45.174178 [debug] [Thread-3 (]: On test.portvessel.not_null_mart_vessel_risk_mmsi.b745f77b30: /* {"app": "dbt", "dbt_version": "1.12.3", "profile_name": "portvessel", "target_name": "dev", "node_id": "test.portvessel.not_null_mart_vessel_risk_mmsi.b745f77b30"} */

    
    select
      count(*) as failures,
      count(*) != 0 as should_warn,
      count(*) != 0 as should_error
    from (
      
    
  
    
    



select mmsi
from `cloudprojects-506123`.`portvessel_dev_marts`.`mart_vessel_risk`
where mmsi is null



  
  
      
    ) dbt_internal_test
[0m05:57:45.174178 [debug] [Thread-3 (]: Opening a new connection, currently in state closed
[0m05:57:45.211524 [debug] [Thread-4 (]: SQL status: OK in 0.075 seconds
[0m05:57:45.211524 [info ] [Thread-1 (]: 17 of 24 PASS dbt_utils_expression_is_true_mart_port_congestion_anchorage_call_rate__between_0_and_1  [[32mPASS[0m in 0.98s]
[0m05:57:45.212524 [debug] [Thread-1 (]: Finished running node test.portvessel.dbt_utils_expression_is_true_mart_port_congestion_anchorage_call_rate__between_0_and_1.69e0fdf065
[0m05:57:45.213752 [debug] [Thread-1 (]: Began running node test.portvessel.not_null_mart_vessel_risk_operational_flag.27efd1e7dd
[0m05:57:45.213752 [info ] [Thread-1 (]: 23 of 24 START test not_null_mart_vessel_risk_operational_flag ................. [RUN]
[0m05:57:45.213752 [debug] [Thread-1 (]: Re-using an available connection from the pool (formerly test.portvessel.dbt_utils_expression_is_true_mart_port_congestion_anchorage_call_rate__between_0_and_1.69e0fdf065, now test.portvessel.not_null_mart_vessel_risk_operational_flag.27efd1e7dd)
[0m05:57:45.214752 [debug] [Thread-1 (]: Began compiling node test.portvessel.not_null_mart_vessel_risk_operational_flag.27efd1e7dd
[0m05:57:45.219751 [debug] [Thread-1 (]: Writing injected SQL for node "test.portvessel.not_null_mart_vessel_risk_operational_flag.27efd1e7dd"
[0m05:57:45.220750 [debug] [Thread-1 (]: Began executing node test.portvessel.not_null_mart_vessel_risk_operational_flag.27efd1e7dd
[0m05:57:45.221751 [debug] [Thread-1 (]: Writing runtime sql for node "test.portvessel.not_null_mart_vessel_risk_operational_flag.27efd1e7dd"
[0m05:57:45.222751 [debug] [Thread-1 (]: On test.portvessel.not_null_mart_vessel_risk_operational_flag.27efd1e7dd: /* {"app": "dbt", "dbt_version": "1.12.3", "profile_name": "portvessel", "target_name": "dev", "node_id": "test.portvessel.not_null_mart_vessel_risk_operational_flag.27efd1e7dd"} */

    
    select
      count(*) as failures,
      count(*) != 0 as should_warn,
      count(*) != 0 as should_error
    from (
      
    
  
    
    



select operational_flag
from `cloudprojects-506123`.`portvessel_dev_marts`.`mart_vessel_risk`
where operational_flag is null



  
  
      
    ) dbt_internal_test
[0m05:57:45.222751 [debug] [Thread-1 (]: Opening a new connection, currently in state closed
[0m05:57:45.358672 [info ] [Thread-4 (]: 20 of 24 PASS not_null_mart_port_congestion_port_id ............................ [[32mPASS[0m in 0.72s]
[0m05:57:45.358672 [debug] [Thread-4 (]: Finished running node test.portvessel.not_null_mart_port_congestion_port_id.85d8a4aa79
[0m05:57:45.359673 [debug] [Thread-4 (]: Began running node test.portvessel.unique_mart_vessel_risk_mmsi.4f85864568
[0m05:57:45.359673 [info ] [Thread-4 (]: 24 of 24 START test unique_mart_vessel_risk_mmsi ............................... [RUN]
[0m05:57:45.360673 [debug] [Thread-4 (]: Re-using an available connection from the pool (formerly test.portvessel.not_null_mart_port_congestion_port_id.85d8a4aa79, now test.portvessel.unique_mart_vessel_risk_mmsi.4f85864568)
[0m05:57:45.360673 [debug] [Thread-4 (]: Began compiling node test.portvessel.unique_mart_vessel_risk_mmsi.4f85864568
[0m05:57:45.365942 [debug] [Thread-4 (]: Writing injected SQL for node "test.portvessel.unique_mart_vessel_risk_mmsi.4f85864568"
[0m05:57:45.366941 [debug] [Thread-4 (]: Began executing node test.portvessel.unique_mart_vessel_risk_mmsi.4f85864568
[0m05:57:45.367942 [debug] [Thread-4 (]: Writing runtime sql for node "test.portvessel.unique_mart_vessel_risk_mmsi.4f85864568"
[0m05:57:45.367942 [debug] [Thread-4 (]: On test.portvessel.unique_mart_vessel_risk_mmsi.4f85864568: /* {"app": "dbt", "dbt_version": "1.12.3", "profile_name": "portvessel", "target_name": "dev", "node_id": "test.portvessel.unique_mart_vessel_risk_mmsi.4f85864568"} */

    
    select
      count(*) as failures,
      count(*) != 0 as should_warn,
      count(*) != 0 as should_error
    from (
      
    
  
    
    

with dbt_test__target as (

  select mmsi as unique_field
  from `cloudprojects-506123`.`portvessel_dev_marts`.`mart_vessel_risk`
  where mmsi is not null

)

select
    unique_field,
    count(*) as n_records

from dbt_test__target
group by unique_field
having count(*) > 1



  
  
      
    ) dbt_internal_test
[0m05:57:45.368942 [debug] [Thread-4 (]: Opening a new connection, currently in state closed
[0m05:57:45.712004 [debug] [Thread-3 (]: BigQuery adapter: https://console.cloud.google.com/bigquery?project=cloudprojects-506123&j=bq:europe-west3:78ad163b-dfed-49e7-a9e1-bf9187247bc5&page=queryresults
[0m05:57:45.806562 [debug] [Thread-3 (]: SQL status: OK in 0.094 seconds
[0m05:57:45.829227 [debug] [Thread-2 (]: BigQuery adapter: https://console.cloud.google.com/bigquery?project=cloudprojects-506123&j=bq:europe-west3:a312c23b-04de-4012-8a29-849f3cb83151&page=queryresults
[0m05:57:45.849197 [debug] [Thread-1 (]: BigQuery adapter: https://console.cloud.google.com/bigquery?project=cloudprojects-506123&j=bq:europe-west3:04d4d000-ef5a-4418-a5cd-85fb6ea018d2&page=queryresults
[0m05:57:45.889096 [debug] [Thread-2 (]: SQL status: OK in 0.059 seconds
[0m05:57:45.899744 [debug] [Thread-4 (]: BigQuery adapter: https://console.cloud.google.com/bigquery?project=cloudprojects-506123&j=bq:europe-west3:7abb2a07-3577-443c-b638-8c423030d50c&page=queryresults
[0m05:57:45.916264 [debug] [Thread-1 (]: SQL status: OK in 0.067 seconds
[0m05:57:45.971546 [debug] [Thread-4 (]: SQL status: OK in 0.071 seconds
[0m05:57:45.970547 [info ] [Thread-3 (]: 22 of 24 PASS not_null_mart_vessel_risk_mmsi ................................... [[32mPASS[0m in 0.81s]
[0m05:57:45.972547 [debug] [Thread-3 (]: Finished running node test.portvessel.not_null_mart_vessel_risk_mmsi.b745f77b30
[0m05:57:46.037765 [info ] [Thread-2 (]: 21 of 24 PASS dbt_utils_expression_is_true_mart_vessel_risk_anchorage_call_rate__between_0_and_1  [[32mPASS[0m in 0.89s]
[0m05:57:46.038764 [debug] [Thread-2 (]: Finished running node test.portvessel.dbt_utils_expression_is_true_mart_vessel_risk_anchorage_call_rate__between_0_and_1.a744c8ae33
[0m05:57:46.059258 [info ] [Thread-1 (]: 23 of 24 PASS not_null_mart_vessel_risk_operational_flag ....................... [[32mPASS[0m in 0.85s]
[0m05:57:46.060258 [debug] [Thread-1 (]: Finished running node test.portvessel.not_null_mart_vessel_risk_operational_flag.27efd1e7dd
[0m05:57:46.113356 [info ] [Thread-4 (]: 24 of 24 PASS unique_mart_vessel_risk_mmsi ..................................... [[32mPASS[0m in 0.75s]
[0m05:57:46.114355 [debug] [Thread-4 (]: Finished running node test.portvessel.unique_mart_vessel_risk_mmsi.4f85864568
[0m05:57:46.115355 [debug] [MainThread]: Opening a new connection, currently in state closed
[0m05:57:46.115355 [debug] [MainThread]: Connection 'master' was properly closed.
[0m05:57:46.116355 [debug] [MainThread]: Connection 'list_cloudprojects-506123' was properly closed.
[0m05:57:46.116355 [debug] [MainThread]: Connection 'list_cloudprojects-506123_portvessel_dev_marts' was properly closed.
[0m05:57:46.116355 [debug] [MainThread]: Connection 'test.portvessel.not_null_mart_vessel_risk_operational_flag.27efd1e7dd' was properly closed.
[0m05:57:46.116355 [debug] [MainThread]: Connection 'test.portvessel.dbt_utils_expression_is_true_mart_vessel_risk_anchorage_call_rate__between_0_and_1.a744c8ae33' was properly closed.
[0m05:57:46.116355 [debug] [MainThread]: Connection 'test.portvessel.not_null_mart_vessel_risk_mmsi.b745f77b30' was properly closed.
[0m05:57:46.117354 [debug] [MainThread]: Connection 'test.portvessel.unique_mart_vessel_risk_mmsi.4f85864568' was properly closed.
[0m05:57:46.117354 [info ] [MainThread]: 
[0m05:57:46.117354 [info ] [MainThread]: Finished running 2 table models, 22 data tests in 0 hours 0 minutes and 9.64 seconds (9.64s).
[0m05:57:46.120860 [debug] [MainThread]: Command end result
[0m05:57:46.157236 [debug] [MainThread]: Wrote artifact WritableManifest to C:\Users\magic\Projects\PortVessel-lakehouse\dbt\target\manifest.json
[0m05:57:46.160236 [debug] [MainThread]: Wrote artifact SemanticManifest to C:\Users\magic\Projects\PortVessel-lakehouse\dbt\target\semantic_manifest.json
[0m05:57:46.162236 [debug] [MainThread]: Wrote artifact OsiDocument to C:\Users\magic\Projects\PortVessel-lakehouse\dbt\target\osi_document.json
[0m05:57:46.168236 [debug] [MainThread]: Wrote artifact RunExecutionResult to C:\Users\magic\Projects\PortVessel-lakehouse\dbt\target\run_results.json
[0m05:57:46.168236 [info ] [MainThread]: 
[0m05:57:46.169236 [info ] [MainThread]: [32mCompleted successfully[0m
[0m05:57:46.169236 [info ] [MainThread]: 
[0m05:57:46.170236 [info ] [MainThread]: Done. PASS=24 WARN=0 ERROR=0 SKIP=0 NO-OP=0 REUSED=0 TOTAL=24
[0m05:57:46.170236 [debug] [MainThread]: Command `dbt build` succeeded at 05:57:46.170236 after 11.47 seconds
[0m05:57:46.171236 [debug] [MainThread]: Sending event: {'category': 'dbt', 'action': 'invocation', 'label': 'end', 'context': [<snowplow_tracker.self_describing_json.SelfDescribingJson object at 0x000001FA32303C20>, <snowplow_tracker.self_describing_json.SelfDescribingJson object at 0x000001FA64E97FB0>, <snowplow_tracker.self_describing_json.SelfDescribingJson object at 0x000001FA63877230>]}
[0m05:57:46.171236 [debug] [MainThread]: Flushing usage events
[0m05:57:46.844965 [debug] [MainThread]: An error was encountered while trying to flush usage events
