{"type":"FeatureCollection","features":[{"type":"Feature","id":305,"geometry":{"type":"Polygon","coordinates":[[[-118.28288570000001,33.713453399999992],[-118.28288570000001,33.713489600000003],[-118.28287499999999,33.713527699999986],[-118.28285369999998,33.713547300000016],[-118.28281440000001,33.713548100000025],[-118.28279609999998,33.713535700000023],[-118.28278999999998,33.713517000000024],[-118.28278690000002,33.713507499999992],[-118.2827853,33.713479500000005],[-118.28278929999999,33.713444200000026],[-118.28278440000003,33.713396400000022],[-118.28278499999999,33.71338609999998],[-118.28278590000002,33.713372699999979],[-118.28278660000001,33.713361399999997],[-118.2827881,33.713309200000026],[-118.28279149999997,33.713264600000002],[-118.28278390000003,33.713206200000002],[-118.28278499999999,33.71316680000001],[-118.2827858,33.713141399999984],[-118.28279040000001,33.713079199999981],[-118.2827858,33.713010899999972],[-118.2827772,33.712941699999988],[-118.28278660000001,33.712916099999973],[-118.28278710000001,33.712914699999999],[-118.28280799999999,33.712910899999997],[-118.28281229999999,33.712910099999988],[-118.28284339999999,33.71291389999999],[-118.28288300000003,33.712928799999986],[-118.28290579999998,33.712936300000024],[-118.28291999999999,33.712940899999978],[-118.28292090000002,33.712941100000023],[-118.28293339999999,33.712943800000005],[-118.28296449999999,33.712950400000011],[-118.28296779999999,33.712951099999998],[-118.28301340000002,33.712960099999975],[-118.28303110000002,33.712904999999978],[-118.28304229999998,33.712854199999981],[-118.2830606,33.712794299999985],[-118.28306459999999,33.712754899999993],[-118.28306689999999,33.712731799999972],[-118.28306709999998,33.712725599999999],[-118.28306809999998,33.712664000000018],[-118.28307239999998,33.712622300000021],[-118.2830745,33.712601500000005],[-118.28307710000001,33.712553899999989],[-118.28307640000003,33.712478499999975],[-118.2830773,33.712447199999986],[-118.28308279999999,33.712265399999978],[-118.2830697,33.712039800000014],[-118.28306709999998,33.712006499999973],[-118.28304910000003,33.711774900000023],[-118.28303510000001,33.711606700000004],[-118.2830318,33.711567800000012],[-118.2830151,33.711413499999992],[-118.28300469999999,33.711317300000019],[-118.28297470000001,33.711123600000008],[-118.2829385,33.710903499999972],[-118.28287879999999,33.710738100000015],[-118.28277800000001,33.710565599999995],[-118.28265219999997,33.710432000000026],[-118.28263650000002,33.710415300000022],[-118.28257760000002,33.710376100000019],[-118.28246840000003,33.710303500000009],[-118.28242879999999,33.710279700000001],[-118.28224349999999,33.710168300000021],[-118.2822433,33.710168199999998],[-118.28208749999999,33.710087999999985],[-118.28208569999998,33.71008710000001],[-118.28206319999998,33.710075500000016],[-118.28198859999998,33.710037100000022],[-118.28177030000001,33.709893299999976],[-118.28158359999998,33.709793199999979],[-118.2813835,33.709747100000016],[-118.28119770000001,33.709731099999999],[-118.2810005,33.709727100000009],[-118.28099989999998,33.709727100000009],[-118.28096779999998,33.709726400000022],[-118.28089349999999,33.709730400000012],[-118.2807952,33.709735799999976],[-118.28060859999999,33.709747199999981],[-118.28041999999999,33.709745399999974],[-118.28027309999999,33.709726999999987],[-118.28014760000002,33.709692899999993],[-118.28003649999999,33.709654399999977],[-118.28003159999997,33.709652699999992],[-118.28000109999999,33.709642099999996],[-118.27997110000001,33.709625800000026],[-118.27996639999998,33.70962320000001],[-118.27979649999997,33.709530500000028],[-118.27976660000002,33.709508400000004],[-118.27967139999998,33.709437700000024],[-118.27959950000002,33.709386800000004],[-118.27959329999999,33.709382399999981],[-118.2795653,33.709362499999997],[-118.27946809999997,33.709305799999981],[-118.2793661,33.709233600000005],[-118.2792867,33.70918260000002],[-118.27922339999998,33.709138499999995],[-118.2791464,33.709085000000016],[-118.2789095,33.708956100000023],[-118.27867689999999,33.708834200000013],[-118.27850940000002,33.708755499999995],[-118.27835900000002,33.708672999999976],[-118.27790470000002,33.708423600000003],[-118.2773517,33.708120099999974],[-118.27721509999998,33.708294799999976],[-118.27717669999998,33.708353100000011],[-118.27726230000002,33.708411800000022],[-118.27722169999998,33.708458500000006],[-118.27676530000002,33.708213399999977],[-118.27633470000001,33.70798289999999],[-118.27634690000002,33.708044299999983],[-118.27636890000002,33.708101800000009],[-118.27638769999999,33.708150900000021],[-118.27639310000001,33.708165099999974],[-118.2764042,33.708194100000014],[-118.27643039999998,33.708262900000022],[-118.27648540000001,33.708406299999979],[-118.2765741,33.708639000000005],[-118.27660589999999,33.708733699999982],[-118.2768092,33.709279100000003],[-118.2769548,33.709669200000008],[-118.27736140000002,33.7107752],[-118.27746760000002,33.711063599999989],[-118.27835140000002,33.713488700000028],[-118.27842909999998,33.71369820000001],[-118.27843159999998,33.713700300000028],[-118.27843789999997,33.713721899999996],[-118.27861360000003,33.714195599999982],[-118.27862229999999,33.71421909999998],[-118.27864340000002,33.714275999999984],[-118.2787108,33.714457799999991],[-118.2787687,33.714613900000018],[-118.27877480000001,33.71463030000001],[-118.27891790000001,33.715016100000014],[-118.27904599999999,33.715381100000002],[-118.27904699999999,33.715383900000006],[-118.27904949999999,33.715390800000023],[-118.27905449999997,33.715405200000021],[-118.27907260000001,33.715450200000021],[-118.27908359999998,33.715477700000008],[-118.280328,33.715463600000021],[-118.28062,33.715600999999992],[-118.28067859999999,33.715628600000002],[-118.28081659999998,33.715693699999974],[-118.2808172,33.715693999999985],[-118.28092750000002,33.715746000000024],[-118.28099120000002,33.715775000000008],[-118.2815875,33.716046899999981],[-118.28158819999999,33.716047199999991],[-118.28160539999999,33.716054999999983],[-118.28160860000003,33.716060900000002],[-118.28172669999998,33.716278499999987],[-118.2818618,33.716609000000005],[-118.28190910000001,33.716641999999979],[-118.2819958,33.716668500000026],[-118.28213950000003,33.7167058],[-118.2822865,33.716741000000013],[-118.28241150000002,33.716766399999983],[-118.2825631,33.716819199999975],[-118.2825856,33.716827000000023],[-118.28259509999998,33.716826900000001],[-118.28278119999999,33.716824299999985],[-118.28303299999999,33.716816800000004],[-118.28311259999998,33.716812399999981],[-118.28318389999998,33.716805899999997],[-118.28327059999998,33.716814600000021],[-118.28331270000001,33.716827000000023],[-118.28334890000002,33.716838999999993],[-118.28336189999999,33.716843299999994],[-118.2833943,33.716845400000011],[-118.2834082,33.71684479999999],[-118.28344349999998,33.716843299999994],[-118.28349079999998,33.716833500000007],[-118.28351020000002,33.716824299999985],[-118.28353279999999,33.71681030000002],[-118.28353870000001,33.716803700000014],[-118.28354969999998,33.716791300000011],[-118.28355269999997,33.716783200000009],[-118.28356389999999,33.716752900000017],[-118.28359180000001,33.716688499999975],[-118.28360600000002,33.716664600000001],[-118.28363639999998,33.716613300000006],[-118.28369859999998,33.716487700000016],[-118.28372450000001,33.716435300000001],[-118.28373870000001,33.716418599999997],[-118.28377239999998,33.716379099999983],[-118.28380909999998,33.716309700000011],[-118.28381250000001,33.716303299999993],[-118.283863,33.716216900000006],[-118.28398149999998,33.716014400000006],[-118.28400090000002,33.715992200000017],[-118.28401259999998,33.715970599999991],[-118.28404819999997,33.715906700000005],[-118.28406539999997,33.715877799999987],[-118.28411039999997,33.715802300000007],[-118.28419709999997,33.715670299999999],[-118.28429160000002,33.715532800000005],[-118.2843441,33.715440300000012],[-118.28440360000002,33.715315299999986],[-118.28442680000001,33.715256599999975],[-118.28443670000001,33.715231500000016],[-118.2844723,33.715148199999987],[-118.28447870000002,33.715024799999981],[-118.28448259999999,33.714972299999999],[-118.28452470000002,33.714501600000006],[-118.28455450000001,33.71413419999999],[-118.2845681,33.713818800000013],[-118.2845681,33.713753800000006],[-118.28454670000002,33.713721899999996],[-118.2845428,33.713719799999978],[-118.28453910000002,33.713714799999991],[-118.28453380000002,33.713707800000009],[-118.28452859999999,33.713694299999986],[-118.28452729999998,33.713680300000021],[-118.2845312,33.713664600000016],[-118.284539,33.713648299999988],[-118.28450980000002,33.713502199999994],[-118.28448259999999,33.713502199999994],[-118.28439980000002,33.713503300000013],[-118.2843221,33.713508699999977],[-118.28422879999999,33.7135131],[-118.28409809999999,33.713516299999981],[-118.28403909999997,33.713518500000021],[-118.2840301,33.713518500000021],[-118.2839692,33.713521700000001],[-118.28395749999999,33.713529199999982],[-118.28393620000003,33.713542800000027],[-118.28391160000001,33.713552600000014],[-118.28387470000001,33.713554699999975],[-118.28383910000002,33.713562799999977],[-118.28383020000001,33.713566800000024],[-118.28380479999998,33.713577999999984],[-118.28380090000002,33.713580999999976],[-118.28377499999999,33.713601299999993],[-118.28372580000001,33.713634300000024],[-118.28369859999998,33.713646200000028],[-118.28367070000002,33.713646200000028],[-118.28366169999998,33.713643999999988],[-118.28366649999998,33.713626299999987],[-118.28366699999998,33.713624700000025],[-118.28367070000002,33.713611000000014],[-118.28367730000002,33.71360420000002],[-118.28370760000001,33.71357260000002],[-118.28380479999998,33.713496799999973],[-118.28383710000003,33.713473599999986],[-118.28385070000002,33.7134638],[-118.28385980000002,33.713462400000026],[-118.2838812,33.713459],[-118.28389989999999,33.713459999999998],[-118.28389859999999,33.713293399999998],[-118.28389989999999,33.713243599999998],[-118.28369859999998,33.71318789999998],[-118.28349459999998,33.713141399999984],[-118.28338000000002,33.713118399999985],[-118.28332469999998,33.713110200000017],[-118.28331350000002,33.713108499999976],[-118.28323239999997,33.713093300000025],[-118.28317659999999,33.713081400000021],[-118.28312770000002,33.713066700000013],[-118.28308449999997,33.713052600000026],[-118.2830477,33.71304090000001],[-118.28304350000002,33.713039600000002],[-118.28303790000001,33.713038499999982],[-118.2830371,33.713038299999994],[-118.28299390000001,33.713029699999993],[-118.2829036,33.713008300000013],[-118.28288609999998,33.713016999999979],[-118.28288090000001,33.713019599999996],[-118.2828786,33.713020700000015],[-118.28288049999998,33.713038299999994],[-118.28288259999999,33.713057800000001],[-118.28287970000002,33.713078100000018],[-118.28287719999997,33.713094899999987],[-118.28287890000001,33.713110799999981],[-118.28288120000002,33.713131900000008],[-118.28288329999998,33.713151499999981],[-118.28288520000001,33.713168900000028],[-118.28288809999998,33.713209300000017],[-118.28288889999999,33.713248399999998],[-118.28288429999998,33.713288599999998],[-118.28288509999999,33.713327800000002],[-118.28287999999998,33.713380599999994],[-118.28287799999998,33.713400499999977],[-118.28287640000002,33.713417400000026],[-118.28287760000001,33.71342199999998],[-118.28287829999999,33.713424700000019],[-118.28288479999998,33.713449700000012],[-118.28288570000001,33.713453399999992]]]},"properties":{"OBJECTID":305,"OBJL":"4","THEMELAYER":null,"INFORM":"33 CFR 110.214","OBJNAM":"Los Angeles Harbor Anchorage N","SHAPE.AREA":3.767863505e-05,"SHAPE.LEN":0.030486123077446303}},{"type":"Feature","id":68,"geometry":{"type":"Polygon","coordinates":[[[-118.23844939999998,33.706693099999995],[-118.23454340000001,33.704447800000025],[-118.23388290000003,33.704068099999972],[-118.23221180000002,33.703107499999987],[-118.23220859999998,33.703105600000015],[-118.23005000000001,33.701864699999987],[-118.21728080000003,33.694524399999978],[-118.2165943,33.694753300000002],[-118.21266120000001,33.695994400000018],[-118.20203099999998,33.699348799999996],[-118.19343270000002,33.702475300000003],[-118.1898329,33.714063399999986],[-118.18978220000002,33.714226600000018],[-118.18887000000001,33.717163299999982],[-118.18860949999998,33.718001800000025],[-118.20517810000001,33.717889899999989],[-118.23844939999998,33.706693099999995]]]},"properties":{"OBJECTID":68,"OBJL":"4","THEMELAYER":null,"INFORM":"Commercial anchorage, 33 CFR 110.214. Vessels are prohibited from entering ANCHORAGE G unless bound for a berth in that anchorage.","OBJNAM":"Outside Breakwater Anchorage Area G","SHAPE.AREA":0.00068280790730500002,"SHAPE.LEN":0.117493025131073}},{"type":"Feature","id":67,"geometry":{"type":"Polygon","coordinates":[[[-118.17683369999997,33.718104499999981],[-118.17627529999999,33.717367400000001],[-118.17627440000001,33.717366299999981],[-118.17615819999997,33.717212899999993],[-118.1664912,33.704453100000023],[-118.16527050000002,33.702840299999991],[-118.164917,33.702373799999975],[-118.15139219999998,33.684470099999999],[-118.14287030000003,33.673085500000013],[-118.14188969999998,33.671775500000024],[-118.13605749999999,33.664124300000026],[-118.1274363,33.652500799999984],[-118.1166667,33.638194399999975],[-118.11631899999998,33.638959999999997],[-118.11016899999998,33.652500799999984],[-118.10443249999997,33.665217299999995],[-118.10081250000002,33.6731628],[-118.10780110000002,33.682956900000022],[-118.11202659999998,33.688814700000023],[-118.11287709999999,33.689994000000013],[-118.11504969999999,33.693005900000003],[-118.11615760000001,33.694541700000002],[-118.1179573,33.697036700000012],[-118.12037459999999,33.700417899999991],[-118.12138160000001,33.701826499999981],[-118.12766099999999,33.710609900000009],[-118.13015799999999,33.714120400000013],[-118.13304069999998,33.718172900000013],[-118.13593839999999,33.718113399999993],[-118.1455062,33.718135200000006],[-118.15105790000001,33.718172900000013],[-118.15305139999998,33.718172900000013],[-118.1654274,33.718115399999988],[-118.16722119999997,33.718132200000014],[-118.17600520000002,33.718106900000009],[-118.17683369999997,33.718104499999981]]]},"properties":{"OBJECTID":67,"OBJL":"4","THEMELAYER":null,"INFORM":"Commercial anchorage, 33 CFR 110.214","OBJNAM":"Outside Breakwater Anchorage Area F","SHAPE.AREA":0.0026662036574349999,"SHAPE.LEN":0.23757652187886902}},{"type":"Feature","id":303,"geometry":{"type":"Polygon","coordinates":[[[-118.16111110000003,33.748611100000005],[-118.16163899999998,33.748773500000027],[-118.16173029999999,33.748801599999979],[-118.16308459999999,33.749218299999995],[-118.1636542,33.749393600000019],[-118.1641242,33.749538200000018],[-118.1643095,33.749595199999987],[-118.16468689999999,33.749711400000024],[-118.16486350000002,33.749765700000012],[-118.16643060000001,33.750247899999977],[-118.1689298,33.751016900000025],[-118.17283700000002,33.752219099999991],[-118.17450559999997,33.752732499999979],[-118.1755556,33.753055599999982],[-118.1755556,33.753049099999998],[-118.1755556,33.751802699999985],[-118.1755556,33.751258500000006],[-118.1755556,33.750967300000013],[-118.1755556,33.749875099999997],[-118.1755556,33.749555999999984],[-118.1755556,33.747777799999994],[-118.1634722,33.74361110000001],[-118.16127210000002,33.748270199999979],[-118.1612116,33.748398300000019],[-118.16115689999998,33.748514100000023],[-118.16111110000003,33.748611100000005]]]},"properties":{"OBJECTID":303,"OBJL":"4","THEMELAYER":null,"INFORM":"Special anchorage area, 33 CFR 110.1, 110.100","OBJNAM":"Los Angeles and Long Beach Harbor Anchorage Area E-1","SHAPE.AREA":7.3245066550000002e-05,"SHAPE.LEN":0.038701687549638}},{"type":"Feature","id":307,"geometry":{"type":"Polygon","coordinates":[[[-118.15105790000001,33.694753300000002],[-118.15105790000001,33.706557900000007],[-118.15105790000001,33.711218400000007],[-118.15105790000001,33.714705700000025],[-118.15105790000001,33.714766300000008],[-118.15105790000001,33.718071399999985],[-118.15105790000001,33.718083299999989],[-118.16709470000001,33.718083299999989],[-118.17368169999997,33.718083299999989],[-118.17680560000002,33.718083299999989],[-118.17630209999999,33.717414599999984],[-118.17093290000003,33.710282099999972],[-118.15924310000003,33.694753300000002],[-118.15843960000001,33.694753300000002],[-118.15105790000001,33.694753300000002]]]},"properties":{"OBJECTID":307,"OBJL":"4","THEMELAYER":null,"INFORM":"33 CFR 110.214","OBJNAM":"Commercial Anchorage F (outside of Long Beach Breakwater)","SHAPE.AREA":0.00039582610564500002,"SHAPE.LEN":0.086464446303879297}},{"type":"Feature","id":300,"geometry":{"type":"Polygon","coordinates":[[[-118.09390680000001,33.733709599999997],[-118.0938013,33.733857199999989],[-118.09368929999999,33.733946899999978],[-118.09370000000001,33.733948600000019],[-118.09381450000001,33.733973900000024],[-118.09382699999998,33.733976700000028],[-118.09383320000001,33.733978100000002],[-118.09393669999997,33.733954200000028],[-118.0940339,33.733931700000028],[-118.09410050000002,33.733916299999976],[-118.0941206,33.733911700000021],[-118.09436199999999,33.73362659999998],[-118.09436210000001,33.733626500000014],[-118.09436579999999,33.733622200000013],[-118.09452720000002,33.733431499999995],[-118.09489459999998,33.733008799999993],[-118.0954314,33.732391000000007],[-118.09654360000002,33.731104500000015],[-118.09736830000003,33.730145999999991],[-118.0989922,33.728244500000017],[-118.09967779999999,33.727437699999996],[-118.0997984,33.727295900000001],[-118.10008790000001,33.72695520000002],[-118.10003310000002,33.726917800000024],[-118.0999918,33.726889599999993],[-118.09995550000002,33.726864700000021],[-118.09987999999998,33.726813199999981],[-118.09984980000002,33.726792499999988],[-118.09976669999998,33.726821700000016],[-118.09928619999999,33.726989199999991],[-118.09879599999999,33.727162700000008],[-118.09865120000001,33.727213800000015],[-118.09842409999999,33.727293900000006],[-118.0981754,33.727382700000021],[-118.09792909999999,33.727469400000018],[-118.09768759999997,33.727554199999986],[-118.09743159999999,33.72764699999999],[-118.09721430000002,33.727723700000013],[-118.09698969999999,33.727804400000025],[-118.09677240000002,33.727878999999973],[-118.09662750000001,33.727917400000024],[-118.0964247,33.727989999999977],[-118.09619049999998,33.728074699999979],[-118.09592720000001,33.728169600000001],[-118.09576299999998,33.728226099999972],[-118.0954926,33.728322900000023],[-118.09527530000003,33.728401599999984],[-118.09500000000003,33.728498399999978],[-118.09478510000002,33.728573100000006],[-118.09457980000002,33.728641700000026],[-118.0944518,33.728684100000009],[-118.09435280000002,33.728728499999988],[-118.09423450000003,33.728760700000009],[-118.094022,33.728839400000027],[-118.09390300000001,33.728879600000027],[-118.093795,33.728916099999992],[-118.09371290000001,33.728944300000023],[-118.09353179999999,33.729008899999997],[-118.0933483,33.729079500000012],[-118.09319859999999,33.729133999999988],[-118.09312879999999,33.729157799999996],[-118.09298890000002,33.729205400000012],[-118.09293780000002,33.729222800000002],[-118.0928629,33.729246999999987],[-118.09265729999998,33.729303500000015],[-118.09228289999999,33.729437700000005],[-118.09187320000001,33.729581399999972],[-118.09144409999999,33.729726900000003],[-118.0910859,33.729854900000021],[-118.09067290000002,33.730009100000018],[-118.09082599999999,33.730018500000028],[-118.09126739999999,33.729918999999995],[-118.09127050000001,33.729918300000008],[-118.0913716,33.729906799999981],[-118.09144600000002,33.729921999999988],[-118.09148069999998,33.730018799999982],[-118.09146609999999,33.730118899999979],[-118.09142530000003,33.730253600000026],[-118.09136649999999,33.730449799999974],[-118.09129589999998,33.730644400000017],[-118.09126049999998,33.730772699999989],[-118.09120680000001,33.730950099999973],[-118.09116879999999,33.73109740000001],[-118.09117359999999,33.731301900000005],[-118.09117659999998,33.731341799999996],[-118.09118599999999,33.731470600000023],[-118.09122339999999,33.731635400000016],[-118.09127899999999,33.73180769999999],[-118.0913056,33.731861600000002],[-118.09137349999997,33.731999099999996],[-118.09148529999999,33.732252700000004],[-118.09149230000003,33.73226440000002],[-118.0916095,33.732461000000001],[-118.0917331,33.732627999999977],[-118.09204410000001,33.732772099999977],[-118.09231199999999,33.732924799999978],[-118.09265729999998,33.733082400000001],[-118.09288780000003,33.733194000000026],[-118.09322220000001,33.733386699999983],[-118.09343730000001,33.733488099999988],[-118.09387470000001,33.733694500000013],[-118.09390680000001,33.733709599999997]]]},"properties":{"OBJECTID":300,"OBJL":"4","THEMELAYER":null,"INFORM":"33 CFR 110.215","OBJNAM":"Anaheim Bay Harbor East Side Naval Explosives Anchorage Area","SHAPE.AREA":2.6818418699999998e-05,"SHAPE.LEN":0.026055430301654702}},{"type":"Feature","id":294,"geometry":{"type":"Polygon","coordinates":[[[-118.21847150000002,33.694753300000002],[-118.21819149999999,33.694584899999995],[-118.21808449999997,33.69453470000002],[-118.21759270000001,33.694693099999995],[-118.21745720000001,33.694753300000002],[-118.21847150000002,33.694753300000002]]]},"properties":{"OBJECTID":294,"OBJL":"4","THEMELAYER":null,"INFORM":"Commercial Anchorage, Vessels are prohibited from entering Anchorage G unless bound for a berth in that anchorage. 33 CFR 110.214","OBJNAM":"Long Beach Harbor Anchorage Area G","SHAPE.AREA":1.1691597e-07,"SHAPE.LEN":0.0021241805709398599}},{"type":"Feature","id":295,"geometry":{"type":"Polygon","coordinates":[[[-118.14058779999999,33.738893299999972],[-118.14058779999999,33.739342700000009],[-118.14058779999999,33.7396344],[-118.14058779999999,33.739743099999998],[-118.14060089999998,33.739777899999979],[-118.14067820000002,33.739921100000004],[-118.14070950000001,33.740029100000015],[-118.14074479999999,33.740106500000024],[-118.14077609999998,33.740176299999973],[-118.140739,33.740327700000023],[-118.14073780000001,33.740327999999977],[-118.14067899999998,33.74034180000001],[-118.14060590000003,33.74033750000001],[-118.14057020000001,33.740327400000012],[-118.14054390000001,33.740323699999976],[-118.14070609999999,33.740389600000015],[-118.14083890000001,33.740444299999979],[-118.14656980000001,33.742803600000002],[-118.14709260000001,33.743015000000014],[-118.14726059999998,33.74308289999999],[-118.147648,33.743239500000016],[-118.14780039999999,33.743310199999996],[-118.1478328,33.743323499999974],[-118.14827680000002,33.743506299999979],[-118.14842659999999,33.743567999999982],[-118.14900490000002,33.743806099999972],[-118.1491618,33.743870700000002],[-118.14943299999999,33.743982300000027],[-118.14965419999999,33.744073399999991],[-118.14998400000002,33.7442092],[-118.15069080000001,33.744500200000004],[-118.15094429999999,33.744605499999977],[-118.15105790000001,33.744651400000009],[-118.15105790000001,33.742712799999993],[-118.15105790000001,33.742542599999979],[-118.15105790000001,33.739439600000026],[-118.15105399999999,33.739439600000026],[-118.15101520000002,33.739438699999994],[-118.14935400000002,33.739352999999994],[-118.142673,33.739008599999977],[-118.14204260000002,33.738976100000002],[-118.14179539999998,33.738963300000023],[-118.14138759999997,33.738935099999992],[-118.14096000000001,33.73891279999998],[-118.14058779999999,33.738893299999972]]]},"properties":{"OBJECTID":295,"OBJL":"4","THEMELAYER":null,"INFORM":"Commercial anchorage, 33 CFR 110.214 and Special anchorage, 33 CFR 110.1, 110.100","OBJNAM":"Long Beach Harbor Anchorage Area C-1","SHAPE.AREA":3.4748381760000002e-05,"SHAPE.LEN":0.028744377813525901}},{"type":"Feature","id":309,"geometry":{"type":"Polygon","coordinates":[[[-118.16700580000003,33.717939199999989],[-118.1669655,33.717901100000006],[-118.16695900000002,33.717891899999984],[-118.1669435,33.717874600000016],[-118.16693509999999,33.717864899999995],[-118.16692860000001,33.717855699999973],[-118.1669053,33.717829199999983],[-118.1668904,33.717810799999995],[-118.16686709999999,33.717784199999983],[-118.16685999999999,33.717775599999982],[-118.1668444,33.717757699999993],[-118.16683669999998,33.717747999999972],[-118.16682109999999,33.717730700000004],[-118.16681399999999,33.717721499999982],[-118.16680150000002,33.717707500000017],[-118.1667668,33.717669000000001],[-118.16675900000001,33.71765929999998],[-118.16675249999997,33.717650100000014],[-118.16646830000002,33.717333600000018],[-118.16645140000003,33.717317299999991],[-118.1664035,33.717264300000011],[-118.16639450000002,33.717255599999987],[-118.16637889999998,33.717237800000021],[-118.16637120000001,33.717230200000017],[-118.16635500000001,33.717212899999993],[-118.16634590000001,33.717203700000027],[-118.1663226,33.717177699999979],[-118.16630509999999,33.717160999999976],[-118.16627340000002,33.717125800000019],[-118.16626430000002,33.717118200000016],[-118.16624039999999,33.717091700000026],[-118.16622360000002,33.7170749],[-118.16620799999998,33.717057599999976],[-118.16619830000002,33.717048999999975],[-118.16619050000003,33.717040300000008],[-118.1661737,33.717023499999982],[-118.1661575,33.717006200000014],[-118.1661484,33.716998100000012],[-118.16612509999999,33.716972100000021],[-118.16611540000002,33.716964000000019],[-118.16609990000001,33.716946699999994],[-118.16607329999999,33.716921300000024],[-118.16606560000002,33.716912600000001],[-118.16604869999998,33.716895799999975],[-118.16603259999999,33.716878500000007],[-118.16602349999999,33.716871000000026],[-118.1660157,33.716861800000004],[-118.16599889999998,33.716845499999977],[-118.16599050000002,33.716836899999976],[-118.1659646,33.716811399999983],[-118.1659568,33.716802799999982],[-118.16594709999998,33.71679469999998],[-118.16593160000002,33.716777400000012],[-118.16592250000002,33.716769800000009],[-118.16591469999997,33.716760599999986],[-118.16587070000003,33.716718899999989],[-118.16586289999998,33.716710299999988],[-118.1658539,33.716702699999985],[-118.16584610000001,33.716693500000019],[-118.16583700000001,33.716685900000016],[-118.1658286,33.716677300000015],[-118.16570819999998,33.71656089999999],[-118.16569850000002,33.716552799999988],[-118.16569070000003,33.716544199999987],[-118.16568160000003,33.716536599999984],[-118.1656739,33.716527900000017],[-118.1656648,33.716519800000015],[-118.16563830000001,33.716494899999987],[-118.16562920000001,33.716487400000005],[-118.1656208,33.716478199999983],[-118.1656117,33.71647059999998],[-118.16560390000001,33.716461900000013],[-118.16559489999997,33.716454399999975],[-118.16557740000002,33.716437600000006],[-118.16556830000002,33.716430000000003],[-118.16554180000003,33.716404599999976],[-118.16553270000003,33.716396999999972],[-118.1655159,33.716380200000003],[-118.1655068,33.716372700000022],[-118.16548030000001,33.716347199999973],[-118.16547120000001,33.716339699999992],[-118.1654537,33.716323400000022],[-118.16544470000002,33.716315300000019],[-118.16544470000002,33.716314199999999],[-118.16542650000002,33.716299100000015],[-118.16540909999998,33.716282799999988],[-118.16539089999998,33.716267200000004],[-118.16538320000001,33.716258499999981],[-118.16537349999999,33.716250899999977],[-118.16536439999999,33.716241700000012],[-118.16534630000001,33.716226600000027],[-118.16533850000002,33.716217900000004],[-118.16531070000002,33.716194700000017],[-118.16530160000002,33.716185999999993],[-118.1652919,33.716177899999991],[-118.16527500000001,33.716161600000021],[-118.16525689999997,33.716145999999981],[-118.16524720000001,33.716137300000014],[-118.16523810000001,33.71612970000001],[-118.16523039999998,33.716122100000007],[-118.16522129999998,33.716114600000026],[-118.16521160000002,33.716105400000004],[-118.16518439999999,33.716082700000015],[-118.16517529999999,33.716073499999993],[-118.16515659999999,33.716058299999986],[-118.1651488,33.716050699999982],[-118.1651397,33.716041500000017],[-118.1651028,33.716011200000025],[-118.16509380000002,33.716002000000003],[-118.16505690000002,33.715971200000013],[-118.16504709999998,33.715962499999989],[-118.16499210000001,33.715916499999992],[-118.16498309999997,33.715907899999991],[-118.16491830000001,33.715853799999991],[-118.16490920000001,33.715845100000024],[-118.16483540000002,33.715783499999986],[-118.16482509999997,33.715775899999983],[-118.16471309999997,33.715682300000026],[-118.16470399999997,33.715675799999985],[-118.16468589999999,33.71566009999998],[-118.16467490000002,33.715652499999976],[-118.16463859999999,33.715621699999986],[-118.16462760000002,33.715614099999982],[-118.16459070000002,33.715583299999992],[-118.16458030000001,33.715575699999988],[-118.16454340000001,33.715544799999975],[-118.16453310000003,33.715538400000014],[-118.16450520000001,33.715515100000005],[-118.16449490000002,33.715507500000001],[-118.164467,33.715484199999992],[-118.16444760000002,33.715470200000027],[-118.16443859999998,33.715462600000023],[-118.16442749999999,33.715454500000021],[-118.16440039999998,33.715431799999976],[-118.16438929999998,33.715424700000028],[-118.16437120000001,33.715409599999987],[-118.16436090000002,33.715401999999983],[-118.16435180000002,33.71539439999998],[-118.16433169999999,33.715379799999994],[-118.16431360000001,33.715364700000009],[-118.1642832,33.71534250000002],[-118.16426439999998,33.715327300000013],[-118.16425400000003,33.715320799999972],[-118.16423589999999,33.715305199999989],[-118.16420549999998,33.715282999999999],[-118.16418670000002,33.715267799999992],[-118.16417630000001,33.715261300000009],[-118.16416729999997,33.715253800000028],[-118.16413679999999,33.715231599999981],[-118.16412780000002,33.715223999999978],[-118.16410839999998,33.715209399999992],[-118.16409859999999,33.715201799999988],[-118.1640883,33.715195300000005],[-118.1640792,33.715187700000001],[-118.16404879999999,33.715165599999978],[-118.16403969999999,33.715157999999974],[-118.1640294,33.71515149999999],[-118.1640203,33.715143399999988],[-118.16396980000002,33.715107100000012],[-118.16396070000002,33.715099599999974],[-118.16395039999998,33.71509309999999],[-118.16394129999998,33.715085499999986],[-118.1639303,33.715078500000004],[-118.1639212,33.715070900000001],[-118.16385129999998,33.715020600000003],[-118.16384099999999,33.715014100000019],[-118.16383189999999,33.715006000000017],[-118.16382149999998,33.714999499999976],[-118.16381180000002,33.714991899999973],[-118.16380149999998,33.714985399999989],[-118.16378200000003,33.714970800000003],[-118.16375160000001,33.714949100000013],[-118.16374130000003,33.714942599999972],[-118.16373149999998,33.714934500000027],[-118.1637212,33.714927999999986],[-118.1637121,33.714920500000005],[-118.16370180000001,33.714914000000022],[-118.16367129999998,33.714891799999975],[-118.16366099999999,33.714885299999992],[-118.16365189999999,33.714877699999988],[-118.16363050000001,33.714864200000022],[-118.16362149999998,33.714856600000019],[-118.1636105,33.714850099999978],[-118.16359110000002,33.714835499999992],[-118.16358070000001,33.714829000000009],[-118.1635503,33.714806800000019],[-118.16352890000002,33.714793900000018],[-118.16351980000002,33.714786300000014],[-118.16349910000002,33.71477329999999],[-118.16349009999999,33.714765199999988],[-118.16346870000001,33.714752200000021],[-118.16344930000002,33.714738099999977],[-118.1634383,33.714731099999995],[-118.16342789999999,33.714723499999991],[-118.16341749999998,33.714717000000007],[-118.16339749999997,33.714702999999986],[-118.16336639999997,33.714682900000014],[-118.16335670000001,33.714675399999976],[-118.16333600000002,33.714661799999988],[-118.16331589999999,33.714647800000023],[-118.16329519999999,33.714634199999978],[-118.16328479999999,33.714626699999997],[-118.16326340000001,33.714613699999973],[-118.16325440000003,33.714607199999989],[-118.16323299999999,33.714592600000003],[-118.16320189999999,33.714573099999996],[-118.16318189999998,33.71455850000001],[-118.1631294,33.714525499999979],[-118.1631094,33.714511399999992],[-118.16305690000002,33.714478400000019],[-118.16304659999997,33.714470800000015],[-118.1630045,33.714444300000025],[-118.1629954,33.714437799999985],[-118.1629216,33.714391799999987],[-118.16291059999998,33.714383699999985],[-118.16277400000001,33.714298199999973],[-118.16276360000001,33.71429280000001],[-118.16268980000001,33.714246300000013],[-118.16267820000002,33.714239799999973],[-118.16263609999999,33.714213299999983],[-118.16262569999998,33.714207900000019],[-118.16256229999999,33.714168400000005],[-118.16255059999997,33.714161900000022],[-118.1625396,33.714156500000001],[-118.16248719999999,33.714123500000028],[-118.16246519999999,33.714111000000003],[-118.1624334,33.714091600000017],[-118.16242310000001,33.714086099999975],[-118.16241209999998,33.714079099999992],[-118.16240040000002,33.714072600000009],[-118.16239000000002,33.714066100000025],[-118.16237969999997,33.714060700000005],[-118.16234800000001,33.714040699999998],[-118.16233629999999,33.714035299999978],[-118.16230460000003,33.714015300000028],[-118.1622936,33.714009900000008],[-118.16228189999998,33.714003400000024],[-118.1622716,33.713996899999984],[-118.16226119999999,33.71399150000002],[-118.1622385,33.713977899999975],[-118.16222820000002,33.713972500000011],[-118.16220679999998,33.713959499999987],[-118.16219519999999,33.713954100000024],[-118.16217449999999,33.713940600000001],[-118.1621634,33.71393519999998],[-118.1621518,33.713928699999997],[-118.1621414,33.713922200000013],[-118.16213110000001,33.713916799999993],[-118.16212009999998,33.71390980000001],[-118.16210840000002,33.713903300000027],[-118.16209809999998,33.713897900000006],[-118.16208699999999,33.713891400000023],[-118.1620767,33.713886000000002],[-118.16206499999998,33.713879500000019],[-118.16204370000003,33.713866999999993],[-118.16203200000001,33.71386050000001],[-118.16202170000003,33.713855099999989],[-118.16201130000002,33.713848600000006],[-118.16199899999998,33.713842699999987],[-118.16198859999997,33.713836200000003],[-118.16197829999999,33.713830799999982],[-118.16196660000003,33.713824299999999],[-118.1619556,33.713817800000015],[-118.16194530000001,33.713812399999995],[-118.1619336,33.71380529999999],[-118.16192260000003,33.713799900000026],[-118.16191220000002,33.713793399999986],[-118.16190060000002,33.713788000000022],[-118.16189020000002,33.713781499999982],[-118.16187919999999,33.713776100000018],[-118.16186759999999,33.713769099999979],[-118.16185719999999,33.713763700000015],[-118.16184679999998,33.713757199999975],[-118.1618345,33.713751800000011],[-118.16182420000001,33.713746399999991],[-118.1618125,33.713739900000007],[-118.16179119999998,33.713727399999982],[-118.16177950000002,33.713722000000018],[-118.16176919999998,33.713715499999978],[-118.16175809999999,33.713710100000014],[-118.16174649999999,33.713703099999975],[-118.16173609999998,33.713697700000012],[-118.16172449999999,33.713692299999991],[-118.16171350000002,33.713685800000007],[-118.1617018,33.713680300000021],[-118.16169150000002,33.713673900000003],[-118.16168110000001,33.713667900000019],[-118.16166879999997,33.713662499999998],[-118.16165840000002,33.713656000000015],[-118.16164680000003,33.713650599999994],[-118.16162409999998,33.713638100000026],[-118.1616138,33.713632700000005],[-118.16160339999999,33.713626200000022],[-118.16159110000001,33.713620800000001],[-118.1615807,33.713615399999981],[-118.16156910000001,33.713608899999997],[-118.1615587,33.713603499999977],[-118.16154640000002,33.713597600000014],[-118.16153609999998,33.713592199999994],[-118.16152440000002,33.71358570000001],[-118.1615018,33.713574800000004],[-118.16149139999999,33.71356830000002],[-118.1614687,33.71355699999998],[-118.16145710000001,33.713551600000017],[-118.1614467,33.713545099999976],[-118.16143510000001,33.713539700000013],[-118.16142409999998,33.713534299999992],[-118.16141240000002,33.713527199999987],[-118.16140209999998,33.713521800000024],[-118.16136770000003,33.713505600000019],[-118.16135739999999,33.71349859999998],[-118.16134510000001,33.713493099999994],[-118.1613347,33.713487699999973],[-118.1613231,33.71348230000001],[-118.16130040000002,33.713470400000006],[-118.16127840000001,33.713459100000023],[-118.16126609999998,33.71345359999998],[-118.16125570000003,33.713448200000016],[-118.16124409999998,33.713441699999976],[-118.16123370000003,33.713436300000012],[-118.16120979999999,33.713424999999972],[-118.16119939999999,33.713419600000009],[-118.1611767,33.713408700000002],[-118.16116510000001,33.713403299999982],[-118.1611547,33.713396799999998],[-118.16113080000002,33.713385500000015],[-118.16112040000002,33.713380099999995],[-118.16109649999999,33.713369199999988],[-118.16106409999998,33.713352499999985],[-118.16104009999998,33.713341599999978],[-118.16102979999999,33.713336200000015],[-118.1610058,33.713324899999975],[-118.16099550000001,33.713319500000011],[-118.16097150000002,33.713308600000005],[-118.16096110000001,33.713303199999984],[-118.16093719999998,33.713291900000002],[-118.16092680000003,33.713286499999981],[-118.16090350000002,33.713275599999974],[-118.16086919999998,33.713258900000028],[-118.16085889999999,33.713253399999985],[-118.1608349,33.713242600000001],[-118.16082449999999,33.71323719999998],[-118.16080060000002,33.713225899999998],[-118.16079020000001,33.713220400000012],[-118.16075460000002,33.713204200000007],[-118.16074429999998,33.713199900000006],[-118.16070860000002,33.713183099999981],[-118.16069829999998,33.713177700000017],[-118.16067429999998,33.713166899999976],[-118.160664,33.713161500000012],[-118.16065229999998,33.713157099999989],[-118.16062840000001,33.713145800000007],[-118.160618,33.713140399999986],[-118.16060570000002,33.713135000000023],[-118.160594,33.7131306],[-118.16054810000003,33.71310840000001],[-118.16053640000001,33.71310410000001],[-118.16052409999998,33.713098699999989],[-118.16051379999999,33.713093300000025],[-118.16049049999998,33.71308190000002],[-118.1604782,33.71307760000002],[-118.16046649999998,33.713072199999999],[-118.16045609999998,33.713066799999979],[-118.16044449999998,33.713062400000013],[-118.16040889999999,33.713045700000009],[-118.16039660000001,33.713041299999986],[-118.1603862,33.713035900000023],[-118.16037460000001,33.713030500000002],[-118.1603629,33.713026200000002],[-118.16033900000002,33.713014799999996],[-118.16032730000001,33.713010499999996],[-118.16031629999998,33.713005099999975],[-118.16030460000002,33.712999700000012],[-118.16029300000002,33.712995400000011],[-118.16026900000003,33.712984500000005],[-118.16025739999998,33.712979700000005],[-118.16024570000002,33.712974299999985],[-118.16023469999999,33.712968799999999],[-118.1602231,33.712964499999998],[-118.16021139999998,33.712959099999978],[-118.16019979999999,33.712954799999977],[-118.16017579999999,33.712943399999972],[-118.16016409999997,33.712939100000028],[-118.16015179999999,33.712933700000008],[-118.1601402,33.712929299999985],[-118.16012979999999,33.712923900000021],[-118.1601182,33.712919600000021],[-118.1600942,33.712908200000015],[-118.16008260000001,33.712903900000015],[-118.16007029999997,33.712898499999994],[-118.16005860000001,33.712894199999994],[-118.16004700000002,33.712888799999973],[-118.1600353,33.712884400000007],[-118.16002300000002,33.712878499999988],[-118.16001130000001,33.712874199999987],[-118.16000100000002,33.712868700000001],[-118.15998869999999,33.712864400000001],[-118.15997700000003,33.71285899999998],[-118.15996539999998,33.71285469999998],[-118.1599531,33.712849300000016],[-118.15994139999998,33.712844399999994],[-118.15992979999999,33.712838999999974],[-118.15990579999999,33.712830300000007],[-118.1598942,33.712824899999987],[-118.15988249999998,33.712820599999986],[-118.15987089999999,33.712814600000002],[-118.15985860000001,33.712810300000001],[-118.15984689999999,33.712804899999981],[-118.15982289999999,33.712796200000014],[-118.1598113,33.712790799999993],[-118.15979959999999,33.712786499999993],[-118.15978799999999,33.712781099999972],[-118.159764,33.712771900000007],[-118.1597524,33.712766499999987],[-118.15972840000001,33.71275780000002],[-118.15971680000001,33.712752399999999],[-118.15969280000002,33.712743799999998],[-118.15968120000002,33.712737800000014],[-118.15965720000003,33.71272909999999],[-118.15964550000001,33.712723700000026],[-118.15962159999998,33.712715100000025],[-118.15960990000002,33.712709700000005],[-118.15957429999997,33.712696100000016],[-118.15956269999998,33.712690699999996],[-118.15952709999999,33.712677699999972],[-118.15951539999998,33.71267180000001],[-118.1594915,33.712663099999986],[-118.15947849999998,33.712658799999986],[-118.15946689999998,33.712653400000022],[-118.15941959999998,33.712635499999976],[-118.1594073,33.712630100000013],[-118.1593484,33.712607900000023],[-118.15933539999997,33.712602500000003],[-118.1592402,33.712567400000012],[-118.1592273,33.712561999999991],[-118.15915610000002,33.712535399999979],[-118.15914309999999,33.712531099999978],[-118.15908359999997,33.71250950000001],[-118.15907060000001,33.712505099999987],[-118.15901170000001,33.71248300000002],[-118.15899810000002,33.712478599999997],[-118.15895080000001,33.712460799999974],[-118.15893790000001,33.712456400000008],[-118.15891390000002,33.712447800000007],[-118.15890230000002,33.712444500000004],[-118.15882979999998,33.712418000000014],[-118.15881680000001,33.712413700000013],[-118.15880520000002,33.712409400000013],[-118.15879289999998,33.71240610000001],[-118.15878120000002,33.71240130000001],[-118.15875599999998,33.712392599999987],[-118.15873269999997,33.71238390000002],[-118.15872100000001,33.712380699999983],[-118.15870740000003,33.712376399999982],[-118.15867179999998,33.712362799999994],[-118.15865880000001,33.712359600000013],[-118.15863489999998,33.71235089999999],[-118.15862190000001,33.712346599999989],[-118.15861030000002,33.712342299999989],[-118.1585986,33.712338999999986],[-118.15858630000002,33.712334699999985],[-118.15857340000002,33.71232980000002],[-118.15856170000001,33.712326599999983],[-118.15853779999998,33.712317900000016],[-118.15852480000001,33.712313600000016],[-118.15851320000002,33.712310399999978],[-118.15850089999998,33.712306000000012],[-118.15848790000001,33.712301700000012],[-118.15847630000002,33.712298499999974],[-118.15845230000002,33.712289300000009],[-118.15843940000002,33.712286000000006],[-118.15841540000002,33.712277400000005],[-118.15840250000002,33.712274100000002],[-118.15837850000003,33.712265399999978],[-118.15836560000002,33.712261699999999],[-118.15834160000003,33.712252999999976],[-118.1583286,33.712249799999995],[-118.15831700000001,33.712245399999972],[-118.15830469999997,33.712242199999991],[-118.15829170000001,33.712237899999991],[-118.15828010000001,33.712233500000025],[-118.15825480000001,33.712225400000023],[-118.15824320000002,33.712222199999985],[-118.1582315,33.712217800000019],[-118.15821790000001,33.712214599999982],[-118.15820630000002,33.712210299999981],[-118.1581946,33.712206999999978],[-118.15818100000001,33.712202699999978],[-118.15816940000002,33.712198399999977],[-118.1581448,33.712190200000009],[-118.15813250000002,33.712186999999972],[-118.1581195,33.712182700000028],[-118.1581079,33.712179400000025],[-118.15809560000002,33.712175100000024],[-118.1580826,33.712171800000021],[-118.15807100000001,33.712167500000021],[-118.15805929999999,33.712164299999984],[-118.1580457,33.712160999999981],[-118.15803410000001,33.712156100000016],[-118.15802109999998,33.712152899999978],[-118.1580088,33.712148599999978],[-118.15799720000001,33.712145299999975],[-118.15798419999999,33.712140999999974],[-118.15795900000001,33.712134499999991],[-118.15794729999999,33.71213019999999],[-118.15793500000001,33.712126899999987],[-118.15792210000001,33.712122099999988],[-118.15791039999999,33.712118799999985],[-118.15789749999999,33.712115600000004],[-118.15788520000001,33.712111199999981],[-118.15787349999999,33.712108000000001],[-118.15786050000003,33.7121037],[-118.15784819999999,33.712100399999997],[-118.15783529999999,33.712097200000017],[-118.15782359999997,33.712092799999994],[-118.15779839999999,33.712085800000011],[-118.15778669999997,33.712081500000011],[-118.15776149999999,33.712075000000027],[-118.15774850000003,33.712070700000027],[-118.15773689999997,33.712067400000024],[-118.15772329999999,33.712064199999986],[-118.15771160000003,33.712060899999983],[-118.15769870000003,33.712056099999984],[-118.15767469999997,33.7120496],[-118.15766180000003,33.712046299999997],[-118.15764949999999,33.712041999999997],[-118.15761190000001,33.71203220000001],[-118.15759960000003,33.71202790000001],[-118.15758670000002,33.712024699999972],[-118.15757500000001,33.712020900000027],[-118.15756140000002,33.712017600000024],[-118.15754980000003,33.712014399999987],[-118.1575368,33.712010099999986],[-118.15752450000002,33.712006799999983],[-118.15751160000002,33.712003600000003],[-118.15748830000001,33.711997100000019],[-118.15746300000001,33.711989000000017],[-118.1573879,33.711969500000009],[-118.157375,33.711965099999986],[-118.15736329999999,33.711961900000006],[-118.1573497,33.711958700000025],[-118.1573381,33.711955400000022],[-118.15731149999999,33.711948399999983],[-118.1572999,33.71194509999998],[-118.15726169999999,33.711935400000016],[-118.15724999999998,33.711932100000013],[-118.15723639999999,33.711928899999975],[-118.15722479999999,33.711925699999995],[-118.15721180000003,33.711922399999992],[-118.15717489999997,33.711912100000006],[-118.15709850000002,33.711892599999999],[-118.15708690000002,33.711889400000018],[-118.1570739,33.711886199999981],[-118.15706160000002,33.711882399999979],[-118.15704870000002,33.711879099999976],[-118.157037,33.711875899999995],[-118.15701050000001,33.711869400000012],[-118.1569988,33.711866100000009],[-118.15698520000001,33.711863999999991],[-118.15697360000001,33.711860699999988],[-118.15696059999999,33.711857500000008],[-118.15694830000001,33.711854200000005],[-118.15692239999998,33.711847200000022],[-118.15691079999999,33.711843900000019],[-118.1568972,33.711840699999982],[-118.15688549999999,33.711838499999999],[-118.156859,33.711832000000015],[-118.15684729999998,33.711828799999978],[-118.15683439999998,33.711825599999997],[-118.1568221,33.711822299999994],[-118.15680909999998,33.711820100000011],[-118.15678450000001,33.711813099999972],[-118.15677090000003,33.711809899999992],[-118.15675929999998,33.711807700000008],[-118.15673270000002,33.711801200000025],[-118.15672110000003,33.711797999999987],[-118.1567081,33.711794699999984],[-118.15669580000002,33.711792500000001],[-118.15663169999999,33.711776900000018],[-118.15661940000001,33.711773600000015],[-118.15660650000001,33.711771399999975],[-118.15659479999999,33.711768199999995],[-118.15658189999999,33.711765000000014],[-118.1565683,33.711762799999974],[-118.15655659999999,33.711759500000028],[-118.15654369999999,33.71175629999999],[-118.1565301,33.711754100000007],[-118.15651839999998,33.711750900000027],[-118.15650549999998,33.711747600000024],[-118.15649189999999,33.711744899999985],[-118.15648019999998,33.711741700000005],[-118.15646729999997,33.711738400000002],[-118.15645560000002,33.711736299999984],[-118.15644200000003,33.711732999999981],[-118.15642910000003,33.71173090000002],[-118.15641740000001,33.711727600000017],[-118.15640380000002,33.71172439999998],[-118.15639090000002,33.711722199999997],[-118.1563792,33.711719000000016],[-118.15636560000002,33.711716799999977],[-118.15635270000001,33.711713499999973],[-118.15632740000001,33.711707600000011],[-118.15631450000001,33.711705400000028],[-118.15630279999999,33.711702199999991],[-118.1562892,33.711698899999988],[-118.1562763,33.711696800000027],[-118.15626459999999,33.711693500000024],[-118.156251,33.711691400000007],[-118.1562381,33.711688100000003],[-118.15622509999997,33.711685999999986],[-118.15621349999998,33.711682699999983],[-118.15619989999999,33.7116805],[-118.15618690000002,33.711676800000021],[-118.15617529999997,33.711674599999981],[-118.15616169999998,33.711672399999998],[-118.15614870000002,33.711669200000017],[-118.15613710000002,33.711666999999977],[-118.15612349999998,33.711663799999997],[-118.15611050000001,33.711661600000014],[-118.15609890000002,33.711658399999976],[-118.15607230000001,33.71165400000001],[-118.1560594,33.711650799999973],[-118.15604769999999,33.71164859999999],[-118.1560341,33.711644799999988],[-118.1560212,33.711642700000027],[-118.15600949999998,33.711640499999987],[-118.15599589999999,33.711637300000007],[-118.15598299999999,33.711635100000024],[-118.15597000000002,33.711631800000021],[-118.15594479999999,33.71162750000002],[-118.15593180000002,33.711624299999983],[-118.15590659999998,33.711619900000017],[-118.15589360000001,33.711616699999979],[-118.15585540000001,33.711609699999997],[-118.15584250000001,33.711606399999994],[-118.15582890000002,33.711604200000011],[-118.1558172,33.711602099999993],[-118.1558043,33.71159879999999],[-118.15577769999999,33.71159449999999],[-118.15576609999999,33.711592300000007],[-118.15575250000001,33.711589100000026],[-118.15572659999998,33.711584800000026],[-118.1557143,33.711582599999986],[-118.15570129999998,33.711579400000005],[-118.1556372,33.711568],[-118.15562360000001,33.711564800000019],[-118.15561200000002,33.711562599999979],[-118.15557250000001,33.711556099999996],[-118.15556079999999,33.711553900000013],[-118.1555472,33.711550699999975],[-118.15552129999998,33.711546399999975],[-118.15545659999998,33.711535000000026],[-118.15544490000002,33.711532799999986],[-118.15543200000002,33.711530700000026],[-118.15541839999997,33.711527400000023],[-118.1553925,33.711523100000022],[-118.15538020000002,33.711520899999982],[-118.15534070000001,33.711514399999999],[-118.1552643,33.711500899999976],[-118.15519890000002,33.711490099999992],[-118.15518730000002,33.711487900000009],[-118.15517369999998,33.711485799999991],[-118.15516070000001,33.711484700000028],[-118.15513420000002,33.711480300000005],[-118.15507009999999,33.711469000000022],[-118.15505839999997,33.711466799999982],[-118.15504479999998,33.711464700000022],[-118.15503189999998,33.711463600000002],[-118.15499240000003,33.711457100000018],[-118.15498070000001,33.711454899999978],[-118.15496710000002,33.711452699999995],[-118.15495420000002,33.711451699999998],[-118.15491470000001,33.711445200000014],[-118.15490299999999,33.711442999999974],[-118.1548894,33.711441900000011],[-118.15484989999999,33.711434899999972],[-118.15483699999999,33.711433800000009],[-118.15479879999998,33.711427300000025],[-118.15478580000001,33.711426200000005],[-118.15474640000002,33.711419700000022],[-118.15473470000001,33.711418700000024],[-118.15470820000002,33.711414300000001],[-118.15469519999999,33.711413199999981],[-118.1546687,33.711408899999981],[-118.15465569999998,33.711407800000018],[-118.1546434,33.711405099999979],[-118.1546305,33.711403000000018],[-118.15461749999997,33.711401899999998],[-118.15459099999998,33.711397599999998],[-118.15457800000001,33.711396499999978],[-118.15456440000003,33.711394299999995],[-118.15455150000003,33.711393199999975],[-118.15452690000001,33.711388899999974],[-118.15451330000002,33.711387800000011],[-118.1545003,33.711385699999994],[-118.15448739999999,33.711384599999974],[-118.15447380000001,33.711382399999991],[-118.15446079999998,33.711381300000028],[-118.1544356,33.711377000000027],[-118.15442259999998,33.711375900000007],[-118.15440969999997,33.711373700000024],[-118.15439609999999,33.711372700000027],[-118.15438310000002,33.711369999999988],[-118.15437020000002,33.711368900000025],[-118.15435660000003,33.711366699999985],[-118.1543436,33.711365600000022],[-118.1543307,33.711363500000004],[-118.15431840000002,33.711362399999985],[-118.1543054,33.711360200000001],[-118.1542925,33.711359099999981],[-118.15427949999997,33.711357000000021],[-118.15425299999998,33.711354799999981],[-118.15424009999998,33.711352599999998],[-118.15422649999999,33.7113516],[-118.15421350000003,33.711349400000017],[-118.15420189999998,33.711348299999997],[-118.15418829999999,33.71134619999998],[-118.15416240000002,33.711343999999997],[-118.15414879999997,33.711341800000014],[-118.15413580000001,33.711340699999994],[-118.1541229,33.711338599999976],[-118.15409629999999,33.711336399999993],[-118.15408339999999,33.711334299999976],[-118.15405809999999,33.711331499999972],[-118.15404519999998,33.711329400000011],[-118.15401859999997,33.711327200000028],[-118.15400570000003,33.71132510000001],[-118.15397910000002,33.711322900000027],[-118.15396620000001,33.711320699999987],[-118.1539267,33.711317500000007],[-118.15391499999998,33.711315300000024],[-118.15387550000003,33.711312099999986],[-118.153862,33.711309900000003],[-118.15382249999999,33.711306700000023],[-118.15380950000002,33.711304499999983],[-118.15375710000001,33.711300199999982],[-118.15374409999998,33.711297500000001],[-118.15366640000002,33.711291000000017],[-118.15365279999997,33.711288799999977],[-118.15353429999999,33.711279100000013],[-118.1535227,33.711276899999973],[-118.15345730000001,33.711271500000009],[-118.15331229999998,33.711258999999984],[-118.15329930000001,33.711258999999984],[-118.15316919999998,33.7112482],[-118.15315559999999,33.7112482],[-118.15309020000001,33.71124279999998],[-118.15307660000002,33.71124279999998],[-118.1530242,33.711238499999979],[-118.15301119999998,33.711238499999979],[-118.15295809999998,33.711234100000013],[-118.15294519999998,33.711234100000013],[-118.15290570000002,33.711230399999977],[-118.1528927,33.711230399999977],[-118.15286620000001,33.711228199999994],[-118.15285449999999,33.711228199999994],[-118.152828,33.711226000000011],[-118.15281499999998,33.711226000000011],[-118.15278849999999,33.711223899999993],[-118.15277550000002,33.711223899999993],[-118.15274899999997,33.71122170000001],[-118.152736,33.71122170000001],[-118.15270950000001,33.711219500000027],[-118.15269660000001,33.711219500000027],[-118.15267,33.71121740000001],[-118.1526571,33.71121740000001],[-118.15264409999997,33.71121629999999],[-118.15263049999999,33.71121629999999],[-118.15261759999999,33.711215200000026],[-118.15260460000002,33.711215200000026],[-118.15257810000003,33.711212999999987],[-118.1525651,33.711212999999987],[-118.15255150000002,33.711211999999989],[-118.15253860000001,33.711211999999989],[-118.15252559999999,33.711210900000026],[-118.152512,33.711210900000026],[-118.1524991,33.711209800000006],[-118.15248609999998,33.711209800000006],[-118.15247249999999,33.711208699999986],[-118.15245959999999,33.711208699999986],[-118.15244660000002,33.711207600000023],[-118.15243370000002,33.711207600000023],[-118.15242009999997,33.711206600000025],[-118.1524071,33.711206600000025],[-118.1523942,33.711205500000005],[-118.15238060000001,33.711205500000005],[-118.15236770000001,33.711204399999986],[-118.1523411,33.711204399999986],[-118.1523282,33.711203300000022],[-118.15231519999998,33.711203300000022],[-118.15230159999999,33.711202200000002],[-118.15228869999999,33.711202200000002],[-118.15227570000002,33.711201099999982],[-118.15224920000003,33.711201099999982],[-118.1522362,33.711200099999985],[-118.15220970000001,33.711200099999985],[-118.15219669999999,33.711198400000001],[-118.1521831,33.711198400000001],[-118.1521702,33.711197400000003],[-118.15213069999999,33.711197400000003],[-118.15211770000002,33.711196299999983],[-118.15209119999997,33.711196299999983],[-118.15207820000001,33.71119520000002],[-118.15205170000002,33.71119520000002],[-118.15203880000001,33.7111941],[-118.1519993,33.7111941],[-118.15198629999998,33.71119299999998],[-118.15193319999997,33.71119299999998],[-118.15192029999997,33.711191900000017],[-118.15186779999999,33.711191900000017],[-118.1518542,33.71119090000002],[-118.15178880000002,33.71119090000002],[-118.15177590000002,33.7111898],[-118.15165739999998,33.7111898],[-118.15164379999999,33.71118869999998],[-118.15142040000001,33.71118869999998],[-118.15140689999998,33.7111898],[-118.1512793,33.711217299999987],[-118.15126570000001,33.711218400000007],[-118.15105790000001,33.711218400000007],[-118.15105790000001,33.714705700000025],[-118.15105790000001,33.714766300000008],[-118.15105790000001,33.718071399999985],[-118.15105790000001,33.718083299999989],[-118.15105790000001,33.718217100000004],[-118.15105790000001,33.722741199999973],[-118.15105790000001,33.722913300000016],[-118.15105790000001,33.722975000000019],[-118.15105790000001,33.723020299999973],[-118.15105790000001,33.723160099999973],[-118.15105790000001,33.723160300000018],[-118.1510586,33.723160300000018],[-118.1554443,33.7231405],[-118.15568630000001,33.723131899999998],[-118.15589519999997,33.723124400000017],[-118.1561001,33.72313029999998],[-118.15626900000001,33.723135200000002],[-118.15638580000001,33.723130099999992],[-118.15648199999998,33.723125900000014],[-118.15670879999999,33.723130099999992],[-118.15717330000001,33.723138699999993],[-118.15767069999998,33.723130900000001],[-118.1578983,33.723127299999987],[-118.15860509999999,33.723133099999984],[-118.1589702,33.72313969999999],[-118.15916170000003,33.723143100000016],[-118.1592728,33.723140399999977],[-118.15942360000003,33.723136699999998],[-118.16026440000002,33.723133099999984],[-118.1603978,33.723143600000014],[-118.16060149999998,33.723143800000003],[-118.16100729999999,33.723144199999979],[-118.16134399999999,33.723144499999989],[-118.16134410000001,33.723144499999989],[-118.1616611,33.7231448],[-118.16239180000002,33.723142499999994],[-118.16242099999999,33.723142399999972],[-118.16278399999999,33.723141199999986],[-118.16287360000001,33.723141499999997],[-118.16287369999998,33.723141499999997],[-118.16316440000003,33.723142399999972],[-118.16316460000002,33.723142399999972],[-118.16337090000002,33.723142999999993],[-118.1637925,33.723134300000027],[-118.16380750000002,33.723134000000016],[-118.16386210000002,33.723135000000013],[-118.16412389999999,33.723140000000001],[-118.16436579999998,33.723138199999994],[-118.16480999999999,33.723147299999994],[-118.16481049999999,33.723147400000016],[-118.16492340000002,33.723149700000022],[-118.16509439999999,33.723153200000013],[-118.16519390000002,33.723150200000021],[-118.16568769999998,33.723142999999993],[-118.16568949999998,33.723142999999993],[-118.16615580000001,33.723148900000012],[-118.16646550000002,33.723148499999979],[-118.1664657,33.723148499999979],[-118.16669050000002,33.723148200000026],[-118.16834230000001,33.723146199999974],[-118.16887559999998,33.723147100000006],[-118.1695982,33.723148100000003],[-118.16980699999999,33.723148400000014],[-118.16980389999998,33.723139199999991],[-118.16980130000002,33.723129500000027],[-118.16979739999999,33.723118600000021],[-118.16979479999998,33.723107299999981],[-118.16979099999998,33.723097499999994],[-118.1697858,33.723075400000027],[-118.16978189999998,33.723064500000021],[-118.16977930000002,33.7230548],[-118.16977539999999,33.723043399999995],[-118.16977279999998,33.72303260000001],[-118.16976899999997,33.723022899999989],[-118.16976570000003,33.723012100000005],[-118.1697618,33.7230007],[-118.16975919999999,33.722990999999979],[-118.16975539999999,33.722980199999995],[-118.16975280000003,33.72296879999999],[-118.1697489,33.722959100000026],[-118.16974620000002,33.72295170000001],[-118.16974499999998,33.722948200000019],[-118.1697436,33.722941999999989],[-118.16974240000002,33.722936899999979],[-118.16973849999999,33.722927099999993],[-118.16973589999998,33.722916300000009],[-118.16973200000001,33.722905000000026],[-118.16972950000002,33.722895199999982],[-118.1697284,33.72289219999999],[-118.16972779999998,33.722890699999994],[-118.16972099999998,33.722872999999993],[-118.16971849999999,33.722863299999972],[-118.16971460000002,33.722852499999988],[-118.169712,33.722841700000004],[-118.16970420000001,33.722820599999977],[-118.1697016,33.722809700000028],[-118.16969769999997,33.722799500000008],[-118.1696938,33.722788600000001],[-118.16969130000001,33.722777800000017],[-118.16968739999999,33.722767499999975],[-118.16968279999998,33.722756699999991],[-118.16968029999998,33.722747000000027],[-118.16967249999999,33.72272479999998],[-118.16966989999997,33.722715100000016],[-118.16966209999998,33.722692900000027],[-118.16965829999998,33.722683200000006],[-118.16965820000001,33.722683099999983],[-118.1696556,33.722672299999999],[-118.16964789999997,33.722651199999973],[-118.16964530000001,33.722640399999989],[-118.16964080000002,33.722630700000025],[-118.16963299999998,33.722608499999978],[-118.16963040000002,33.722598699999992],[-118.16962649999999,33.722587400000009],[-118.16962260000003,33.722577600000022],[-118.1696149,33.722555499999999],[-118.16961229999998,33.722545700000012],[-118.16960449999999,33.722524599999986],[-118.16959220000001,33.722492699999975],[-118.16958959999999,33.722481899999991],[-118.16958570000003,33.722472100000005],[-118.16957020000001,33.72242940000001],[-118.16956629999999,33.722419100000025],[-118.16956240000002,33.722408299999984],[-118.16955530000001,33.722387200000014],[-118.16955139999999,33.722377499999993],[-118.1695436,33.722355300000004],[-118.1695398,33.722345500000017],[-118.16953590000003,33.722334699999976],[-118.169532,33.722325000000012],[-118.16952809999998,33.722313600000007],[-118.16951970000002,33.722293100000002],[-118.1695158,33.722282800000016],[-118.16950800000001,33.722261100000026],[-118.16950409999998,33.722250900000006],[-118.16950029999998,33.722239999999999],[-118.16949640000001,33.722230299999978],[-118.16949249999999,33.722218899999973],[-118.16948860000002,33.722209200000009],[-118.1694847,33.722198400000025],[-118.16948020000001,33.722188700000004],[-118.16947629999999,33.722177299999998],[-118.16947240000002,33.722167599999977],[-118.16946080000002,33.722135600000001],[-118.1694569,33.72212589999998],[-118.16944519999998,33.722094000000027],[-118.16944130000002,33.722084199999983],[-118.16943550000002,33.722072900000001],[-118.1694316,33.722062100000016],[-118.16942770000003,33.722052299999973],[-118.16942390000003,33.72204099999999],[-118.16941609999998,33.722021499999983],[-118.16941220000001,33.722010099999977],[-118.16940829999999,33.722000400000013],[-118.16940310000001,33.721989599999972],[-118.16938699999997,33.721947899999975],[-118.1693818,33.72193759999999],[-118.16937789999997,33.721926800000006],[-118.169374,33.721917099999985],[-118.16937009999998,33.721905699999979],[-118.16936620000001,33.721896000000015],[-118.1693611,33.721885100000009],[-118.16935719999998,33.721874899999989],[-118.16935260000002,33.721863999999982],[-118.16934880000002,33.721854300000018],[-118.16934359999999,33.721842900000013],[-118.1693358,33.721823500000028],[-118.16933189999997,33.721812600000021],[-118.1693267,33.721802400000001],[-118.1693229,33.721791499999995],[-118.16931899999997,33.721781799999974],[-118.16931510000001,33.721770400000025],[-118.16930930000001,33.721760700000004],[-118.16930539999998,33.72174990000002],[-118.16930150000002,33.721740199999999],[-118.16929629999998,33.721729900000014],[-118.16929240000002,33.721719099999973],[-118.16928849999999,33.721709299999986],[-118.16928339999998,33.721698000000004],[-118.16927950000002,33.721688200000017],[-118.16927559999999,33.721677399999976],[-118.1692698,33.721667099999991],[-118.16926590000003,33.721657400000026],[-118.1692607,33.721646599999985],[-118.16925680000003,33.721636799999999],[-118.1692529,33.721625500000016],[-118.16924779999999,33.721615699999973],[-118.16924390000003,33.721606000000008],[-118.16923869999999,33.721594600000003],[-118.16923029999998,33.721574099999998],[-118.16922510000001,33.721563800000013],[-118.16922119999998,33.721554000000026],[-118.16921600000001,33.721543199999985],[-118.1692122,33.7215329],[-118.16920699999997,33.721522100000016],[-118.1692031,33.721512399999995],[-118.16919789999997,33.721502600000008],[-118.169194,33.721491300000025],[-118.16918950000002,33.721481499999982],[-118.16918429999998,33.721470699999998],[-118.16918040000002,33.721460400000012],[-118.16917519999998,33.721450699999991],[-118.16917139999998,33.721439900000007],[-118.16916620000001,33.721430100000021],[-118.16916229999998,33.721419900000001],[-118.16915710000001,33.721408999999994],[-118.16915130000001,33.721399299999973],[-118.16914739999999,33.721388999999988],[-118.16914220000001,33.721378200000004],[-118.16913829999999,33.721368499999983],[-118.16913319999998,33.721358199999997],[-118.16912930000001,33.721347400000013],[-118.16912409999998,33.721337600000027],[-118.16912020000001,33.721327400000007],[-118.16911499999998,33.7213165],[-118.16911620000002,33.721302999999978],[-118.16911229999999,33.721293300000013],[-118.16910710000002,33.721281900000008],[-118.16910330000002,33.721272199999987],[-118.16909809999999,33.721262400000001],[-118.16909290000001,33.721251100000018],[-118.16908899999999,33.721241299999974],[-118.16908380000001,33.72123160000001],[-118.1690787,33.721220800000026],[-118.16907409999999,33.721210499999984],[-118.16906890000001,33.721200699999997],[-118.1690638,33.721189900000013],[-118.16905989999998,33.721179600000028],[-118.1690547,33.721169900000007],[-118.16904950000003,33.721159100000023],[-118.1690456,33.721149299999979],[-118.16903530000002,33.721129299999973],[-118.16903070000001,33.721118499999989],[-118.16902040000002,33.721098499999982],[-118.16901519999999,33.721087699999998],[-118.16901130000002,33.721077400000013],[-118.16900099999998,33.721057900000005],[-118.1689958,33.721046600000022],[-118.16899189999998,33.721036799999979],[-118.16898090000001,33.721017300000028],[-118.16897569999998,33.721005999999988],[-118.16897180000001,33.720996200000002],[-118.16896150000002,33.720976800000017],[-118.16895629999999,33.720965400000011],[-118.16895110000002,33.72095569999999],[-118.16894660000003,33.720945900000004],[-118.16894139999999,33.720935600000018],[-118.16893620000002,33.720924799999977],[-118.1689207,33.720895100000007],[-118.16891679999998,33.7208842],[-118.1688954,33.720844800000009],[-118.16889029999999,33.720833400000004],[-118.1688747,33.720803600000011],[-118.16887020000001,33.720792800000027],[-118.16884429999999,33.720743599999992],[-118.16883910000001,33.720732199999986],[-118.16881769999998,33.720692699999972],[-118.16881260000002,33.720681899999988],[-118.16878600000001,33.720632099999989],[-118.16878079999998,33.720621300000005],[-118.1687498,33.720561799999984],[-118.16873870000001,33.720541200000014],[-118.16873229999999,33.720530999999994],[-118.16869020000001,33.720450900000003],[-118.16868369999997,33.720441100000016],[-118.16865200000001,33.720381599999996],[-118.16864550000003,33.720371899999975],[-118.16864029999999,33.720360500000027],[-118.16862479999998,33.720331299999998],[-118.16861770000003,33.720321000000013],[-118.16860209999999,33.720291799999984],[-118.16859570000003,33.720281499999999],[-118.16857950000002,33.720251800000028],[-118.16857299999998,33.720242100000007],[-118.16855750000002,33.720212300000014],[-118.16855099999998,33.720202599999993],[-118.16854000000001,33.720181500000024],[-118.16853350000002,33.72017169999998],[-118.16852319999998,33.720151699999974],[-118.1685167,33.72014200000001],[-118.16850629999999,33.720121899999981],[-118.16849919999999,33.720112200000017],[-118.16848879999998,33.720092700000009],[-118.16848240000002,33.720082400000024],[-118.16847200000001,33.720062999999982],[-118.16846550000002,33.720053199999995],[-118.16845970000003,33.720042999999976],[-118.16845319999999,33.720033199999989],[-118.1684429,33.720013199999983],[-118.16843640000002,33.720004500000016],[-118.16843119999999,33.719994799999995],[-118.1684247,33.719985099999974],[-118.16841959999999,33.719974799999989],[-118.16841240000002,33.719965000000002],[-118.16840730000001,33.719955299999981],[-118.16840079999997,33.719945600000017],[-118.16839040000002,33.71992560000001],[-118.168384,33.719915800000024],[-118.16837880000003,33.719905499999982],[-118.16837170000002,33.719895800000018],[-118.16836649999999,33.719886099999997],[-118.16836000000001,33.719875800000011],[-118.16835479999997,33.719866000000025],[-118.16834829999999,33.719856300000004],[-118.16834319999998,33.719846599999983],[-118.1683367,33.719836299999997],[-118.16831789999998,33.719807600000024],[-118.1683127,33.719797900000003],[-118.16830629999998,33.719788100000017],[-118.16830110000001,33.719777899999997],[-118.16829460000002,33.71976810000001],[-118.16828880000003,33.719758399999989],[-118.16828229999999,33.719748600000003],[-118.16827710000001,33.719738399999983],[-118.16827060000003,33.719729700000016],[-118.16826420000001,33.719719999999995],[-118.16825899999998,33.719710200000009],[-118.16825249999999,33.719699900000023],[-118.1682467,33.719690200000002],[-118.16823369999997,33.719670199999996],[-118.16822860000002,33.719660400000009],[-118.16822209999998,33.719651800000008],[-118.1682156,33.719642099999987],[-118.1682098,33.719631800000002],[-118.16819679999998,33.719612299999994],[-118.16819170000002,33.719602000000009],[-118.16818519999998,33.719592299999988],[-118.1681787,33.719583600000021],[-118.1681729,33.7195739],[-118.16815989999998,33.719553899999994],[-118.16815480000002,33.719544100000007],[-118.16814829999998,33.719535500000006],[-118.16813530000002,33.7195155],[-118.16812950000002,33.719505700000013],[-118.16811660000002,33.719485700000007],[-118.16811009999998,33.719476999999983],[-118.1681049,33.719466800000021],[-118.168092,33.719447300000013],[-118.16808479999997,33.719438599999989],[-118.16807970000002,33.719428300000004],[-118.16806020000001,33.719399099999976],[-118.1680538,33.71938990000001],[-118.16804860000002,33.719380199999989],[-118.16803499999997,33.719360199999983],[-118.16802849999999,33.719351500000016],[-118.16801559999999,33.719332000000009],[-118.16801040000001,33.719321799999989],[-118.16800330000001,33.719313100000022],[-118.1679838,33.719283299999972],[-118.16797739999998,33.719274700000028],[-118.1679709,33.719265000000007],[-118.16796440000002,33.719254700000022],[-118.16795860000002,33.719244899999978],[-118.16795209999998,33.719236299999977],[-118.16793919999998,33.719216300000028],[-118.16793269999999,33.719207600000004],[-118.16791910000001,33.719187599999998],[-118.16791260000002,33.719178899999974],[-118.16789319999998,33.719149200000004],[-118.1678867,33.71914049999998],[-118.16787310000001,33.719120499999974],[-118.16786660000002,33.719111800000007],[-118.16785370000002,33.719092400000022],[-118.16783359999999,33.719063699999992],[-118.16782719999998,33.719055000000026],[-118.16782069999999,33.719044800000006],[-118.16781420000001,33.719036099999983],[-118.16780060000002,33.719016099999976],[-118.16779409999998,33.71900740000001],[-118.16778119999998,33.718987900000002],[-118.1677747,33.71897869999998],[-118.16776820000001,33.718969000000016],[-118.16776179999999,33.718960400000014],[-118.16774820000001,33.718940299999986],[-118.16774170000002,33.718931699999985],[-118.16773389999997,33.718921899999998],[-118.16771390000002,33.718893299999991],[-118.16770739999998,33.718884600000024],[-118.1677009,33.718874299999982],[-118.16769440000002,33.718865699999981],[-118.167688,33.718855899999994],[-118.16768020000001,33.718845699999974],[-118.1676731,33.718837000000008],[-118.16766660000002,33.718827299999987],[-118.16766009999998,33.71881860000002],[-118.16765359999999,33.718808299999978],[-118.16764719999998,33.718799699999977],[-118.16763229999998,33.718780700000025],[-118.16761930000001,33.718761299999983],[-118.16759860000002,33.718733699999973],[-118.16759150000001,33.718723899999986],[-118.16757719999998,33.718705],[-118.16757080000002,33.718696299999976],[-118.16756429999998,33.718686600000012],[-118.1675429,33.718659000000002],[-118.16753649999998,33.718649299999981],[-118.16753,33.718640100000016],[-118.16752220000001,33.718630299999973],[-118.1675151,33.718621700000028],[-118.16750860000002,33.718611899999985],[-118.16750080000003,33.718602700000019],[-118.16749440000001,33.718592999999998],[-118.16748790000003,33.718584299999975],[-118.16748009999998,33.718574100000012],[-118.16745880000002,33.718547000000001],[-118.16745229999998,33.718537799999979],[-118.1674458,33.718528100000015],[-118.167438,33.718519399999991],[-118.16742440000002,33.718500500000005],[-118.16741669999999,33.718490700000018],[-118.16741020000001,33.718482100000017],[-118.16740240000001,33.718473399999993],[-118.167396,33.718463100000008],[-118.16738950000001,33.718454500000007],[-118.1673811,33.71844470000002],[-118.16737460000002,33.718435499999998],[-118.16736680000002,33.718425799999977],[-118.16735390000002,33.71840850000001],[-118.16734550000001,33.718398200000024],[-118.16733900000003,33.718389600000023],[-118.16733119999998,33.7183809],[-118.16732469999999,33.718371199999979],[-118.16731700000003,33.718362000000013],[-118.16731049999999,33.718352200000027],[-118.16730209999997,33.718343600000026],[-118.16728139999998,33.718316000000016],[-118.16727359999999,33.718307299999992],[-118.1672671,33.718297000000007],[-118.16725869999999,33.718288400000006],[-118.16725220000001,33.718279699999982],[-118.16724449999998,33.718270000000018],[-118.167238,33.718260799999996],[-118.16723020000001,33.718252099999972],[-118.1672231,33.718242400000008],[-118.16721530000001,33.718233699999985],[-118.16720880000003,33.718224500000019],[-118.1672011,33.718214799999998],[-118.16719460000002,33.718206099999975],[-118.1671862,33.718196999999975],[-118.16717840000001,33.718187199999988],[-118.16717190000003,33.718178599999987],[-118.1671642,33.718169900000021],[-118.16715770000002,33.7181602],[-118.16714990000003,33.718150999999978],[-118.16714280000002,33.718142300000011],[-118.16713499999997,33.718133599999987],[-118.1671273,33.718123400000025],[-118.16712209999997,33.718116899999984],[-118.16712080000002,33.718114700000001],[-118.16711299999997,33.7181061],[-118.16710849999998,33.718100600000014],[-118.16709809999998,33.718087099999991],[-118.16709470000001,33.718083299999989],[-118.16709040000001,33.71807849999999],[-118.16708390000002,33.718069800000023],[-118.16707609999997,33.718060100000002],[-118.16706840000001,33.71805089999998],[-118.16706190000002,33.718042200000014],[-118.16705350000001,33.718033600000012],[-118.16703919999998,33.718014600000004],[-118.1670153,33.717988699999978],[-118.16700880000002,33.717978399999993],[-118.16699319999998,33.717961100000025],[-118.16698680000002,33.717951900000003],[-118.16700580000003,33.717939199999989]]]},"properties":{"OBJECTID":309,"OBJL":"4","THEMELAYER":null,"INFORM":"33 CFR 110.214","OBJNAM":null,"SHAPE.AREA":0.00016784719412999999,"SHAPE.LEN":0.054586651394809199}},{"type":"Feature","id":306,"geometry":{"type":"Polygon","coordinates":[[[-118.15105790000001,33.739439600000026],[-118.15105790000001,33.742712799999993],[-118.15105790000001,33.744673400000011],[-118.15383919999999,33.745806700000003],[-118.15412409999999,33.745922800000017],[-118.15922219999999,33.74799999999999],[-118.159087,33.741392899999994],[-118.15905559999999,33.739861099999985],[-118.15105790000001,33.739439600000026]]]},"properties":{"OBJECTID":306,"OBJL":"4","THEMELAYER":null,"INFORM":"Commercial anchorage, 33 CFR 110.214 and Special anchorage, 33 CFR 110, 110.100","OBJNAM":"Long Beach Harbor Anchorage C and Los Angeles and Long Beach Harbor Area C-1","SHAPE.AREA":5.3876679645000005e-05,"SHAPE.LEN":0.030199216008496902}},{"type":"Feature","id":312,"geometry":{"type":"Polygon","coordinates":[[[-118.15796740000002,33.752759099999992],[-118.15796740000002,33.752713599999993],[-118.15797709999998,33.752684999999985],[-118.15801399999998,33.752644400000008],[-118.15804489999999,33.752624500000024],[-118.15806420000001,33.752612100000022],[-118.15808750000002,33.752574100000004],[-118.15810219999997,33.752540300000021],[-118.15812069999998,33.7524674],[-118.15818039999999,33.752274999999997],[-118.15822309999999,33.752157699999998],[-118.15824900000001,33.752058700000021],[-118.15826650000002,33.75202569999999],[-118.15831309999999,33.751969900000006],[-118.15831889999998,33.751962999999989],[-118.15841929999999,33.751944600000002],[-118.15852030000002,33.751931099999979],[-118.1585394,33.751929599999983],[-118.15865689999998,33.751920199999972],[-118.15873850000003,33.751896400000021],[-118.15890680000001,33.751846699999987],[-118.1590253,33.751734699999986],[-118.15908009999998,33.751727500000015],[-118.15911080000001,33.751723400000003],[-118.15900199999999,33.751674200000025],[-118.15896850000001,33.751661000000013],[-118.15896720000001,33.751660500000014],[-118.15888410000002,33.751627799999994],[-118.15803419999997,33.751292999999976],[-118.15643419999998,33.750662799999986],[-118.15380970000001,33.749629200000015],[-118.15375139999998,33.749606099999994],[-118.15336150000002,33.749451899999997],[-118.15110650000003,33.748564400000021],[-118.15105790000001,33.748544299999992],[-118.15105790000001,33.749232699999993],[-118.15105790000001,33.749304100000018],[-118.15105790000001,33.752770100000021],[-118.15105790000001,33.753182400000014],[-118.15105790000001,33.754600499999981],[-118.15105790000001,33.754611199999999],[-118.15105790000001,33.754912900000022],[-118.15105790000001,33.754935400000022],[-118.15105790000001,33.756568800000025],[-118.15105790000001,33.756590099999983],[-118.15105790000001,33.757369200000028],[-118.15105790000001,33.757380599999976],[-118.15105790000001,33.757493399999987],[-118.15105790000001,33.757752499999981],[-118.15105790000001,33.758219100000019],[-118.15105790000001,33.758494700000028],[-118.15105790000001,33.758614399999999],[-118.15111510000003,33.758636299999978],[-118.15112420000003,33.758639800000026],[-118.15156930000001,33.758788100000004],[-118.15181109999997,33.758861599999989],[-118.15197269999999,33.758910700000001],[-118.1531938,33.759287799999981],[-118.15407699999997,33.75953370000002],[-118.1541211,33.759545000000003],[-118.15453669999999,33.759651500000018],[-118.15490870000002,33.759746800000016],[-118.1556425,33.759986700000013],[-118.15575510000002,33.760023499999988],[-118.15596879999998,33.760078399999998],[-118.15639879999998,33.76018879999998],[-118.15699160000003,33.760341100000005],[-118.15756010000001,33.760484299999973],[-118.1580735,33.760613599999999],[-118.15874930000001,33.760796299999981],[-118.15875560000001,33.760798000000023],[-118.15877760000001,33.760802599999977],[-118.15948129999998,33.760949600000004],[-118.15954060000001,33.760962000000006],[-118.16042379999999,33.7611402],[-118.16069599999997,33.761178599999994],[-118.1606961,33.761178599999994],[-118.16115020000001,33.761242700000025],[-118.1615137,33.761297300000024],[-118.16188310000001,33.761384099999987],[-118.16205500000001,33.761408599999982],[-118.16214839999998,33.761442299999999],[-118.16216910000003,33.76144979999998],[-118.16228380000001,33.761470799999984],[-118.16229349999998,33.761472599999991],[-118.16265299999998,33.761546599999974],[-118.16305560000001,33.7616491],[-118.1632118,33.761688900000024],[-118.16359419999998,33.761769700000002],[-118.16394609999998,33.761843999999996],[-118.16441730000003,33.761960299999998],[-118.16472470000002,33.762036099999989],[-118.16499750000003,33.762098600000002],[-118.16558170000002,33.762232499999982],[-118.1663006,33.762384699999984],[-118.16669589999998,33.76245590000002],[-118.16724790000001,33.762556899999993],[-118.16784250000001,33.762660799999992],[-118.16860739999998,33.762787399999979],[-118.16909299999998,33.76286570000002],[-118.16980860000001,33.762992300000008],[-118.17097050000001,33.76322140000002],[-118.17133680000001,33.763285499999995],[-118.17177800000002,33.763333900000021],[-118.17205380000001,33.763376199999982],[-118.17211200000003,33.763385099999994],[-118.17213980000002,33.763386500000024],[-118.17230280000001,33.763395000000003],[-118.17248080000002,33.763406299999986],[-118.17272869999999,33.763422100000014],[-118.17294129999999,33.763426799999991],[-118.17308070000001,33.763429900000006],[-118.17336929999999,33.763436300000023],[-118.17367139999999,33.76342649999998],[-118.17384800000002,33.763420699999983],[-118.1741935,33.763413599999978],[-118.17479059999999,33.763395899999978],[-118.174825,33.763397699999985],[-118.17588569999998,33.763451999999972],[-118.17615319999999,33.763464100000022],[-118.17671230000002,33.763489400000026],[-118.17673359999998,33.763490400000023],[-118.17674979999998,33.763490400000023],[-118.1773207,33.763488999999993],[-118.1773857,33.763488800000005],[-118.17739,33.763422800000001],[-118.17738910000003,33.762887400000011],[-118.17738869999999,33.762646000000018],[-118.17738830000002,33.762495899999976],[-118.17738609999998,33.761716200000023],[-118.17738650000001,33.761611800000026],[-118.17739130000001,33.760477299999991],[-118.17126200000001,33.758193000000006],[-118.16614650000002,33.756282999999996],[-118.16610359999999,33.756263799999999],[-118.16602490000002,33.756228700000008],[-118.1659626,33.756200799999988],[-118.16528579999999,33.755948400000023],[-118.16432980000002,33.755591799999991],[-118.1620929,33.754738099999997],[-118.16184029999999,33.754640800000004],[-118.16182839999999,33.754636199999993],[-118.16177370000003,33.754615100000024],[-118.16094759999999,33.7543182],[-118.16066369999999,33.754209300000014],[-118.16004889999999,33.753973400000007],[-118.16001030000001,33.753958599999976],[-118.15986120000002,33.753901400000018],[-118.1597213,33.753847699999994],[-118.15959959999998,33.753803300000015],[-118.15959220000002,33.753805600000021],[-118.15950850000002,33.753826800000013],[-118.15946229999997,33.753832100000011],[-118.15939329999998,33.753826199999992],[-118.15930479999997,33.753805699999987],[-118.15928530000002,33.753801199999998],[-118.15923420000001,33.753790600000002],[-118.15916979999997,33.753777200000002],[-118.15904819999997,33.753752599999984],[-118.1589745,33.753740300000004],[-118.15889520000002,33.753723900000011],[-118.15870580000001,33.753685700000005],[-118.15862490000001,33.75367030000001],[-118.15853099999998,33.753652499999987],[-118.1584886,33.753644399999985],[-118.15846979999998,33.753641700000003],[-118.1584057,33.753631400000017],[-118.15839790000001,33.753629799999999],[-118.1583953,33.753629199999978],[-118.1583837,33.753622000000007],[-118.15822309999999,33.753521599999999],[-118.15821920000002,33.753501599999993],[-118.15821540000002,33.753483700000004],[-118.15820050000002,33.753412900000001],[-118.15819920000001,33.75340970000002],[-118.1581979,33.753404199999977],[-118.15816100000001,33.753284199999996],[-118.15811239999999,33.753136400000017],[-118.15807699999999,33.753018300000008],[-118.15803240000002,33.752894599999991],[-118.15801399999998,33.752843400000017],[-118.15798230000001,33.75278830000002],[-118.15796740000002,33.752759099999992]]]},"properties":{"OBJECTID":312,"OBJL":"4","THEMELAYER":null,"INFORM":"33 CFR 110.214","OBJNAM":"Long Beach Harbor Anchorage P","SHAPE.AREA":0.00017626158866999999,"SHAPE.LEN":0.071620772124114204}},{"type":"Feature","id":302,"geometry":{"type":"Polygon","coordinates":[[[-118.104624,33.727226400000006],[-118.10197249999999,33.727530800000011],[-118.10192549999999,33.727895900000021],[-118.10190130000001,33.728102299999989],[-118.10189759999997,33.728133899999989],[-118.10188019999998,33.728282200000024],[-118.1018631,33.728399400000001],[-118.10185760000002,33.728437499999984],[-118.10184140000001,33.728571199999976],[-118.10182689999999,33.728685999999982],[-118.10180910000003,33.728769699999987],[-118.10174280000001,33.72912359999998],[-118.10170720000002,33.729266699999982],[-118.1016879,33.729381499999988],[-118.1016798,33.729450400000019],[-118.1016798,33.729528700000003],[-118.10167330000002,33.729601699999989],[-118.10166199999998,33.729692199999988],[-118.10164259999999,33.729813700000022],[-118.10162800000001,33.729932599999984],[-118.1016103,33.730037900000013],[-118.1016022,33.730131099999994],[-118.10158439999998,33.730250000000012],[-118.1015779,33.730325600000015],[-118.10154080000001,33.730571399999974],[-118.10153270000001,33.730675399999996],[-118.1015165,33.730782099999999],[-118.10150520000002,33.730895499999974],[-118.10150199999998,33.730962999999974],[-118.10150040000002,33.73101029999998],[-118.10148420000002,33.731065699999988],[-118.10147449999999,33.731146700000011],[-118.10145189999997,33.731303400000002],[-118.10144539999999,33.731381699999986],[-118.10143729999999,33.731473600000015],[-118.101426,33.73156130000001],[-118.10141629999998,33.731623500000012],[-118.10139370000002,33.731718000000001],[-118.10137429999997,33.731784199999993],[-118.10136779999999,33.731857100000013],[-118.10135810000003,33.731951600000002],[-118.10135330000003,33.732050200000003],[-118.10134679999999,33.732105600000011],[-118.1013355,33.732166399999983],[-118.1013145,33.732270400000004],[-118.10130479999998,33.73232710000002],[-118.10129990000001,33.732428400000003],[-118.1012983,33.732479699999999],[-118.10128539999999,33.732553999999993],[-118.10126270000001,33.732675500000028],[-118.10124500000001,33.732764700000018],[-118.10123850000002,33.73289299999999],[-118.10123199999998,33.732963199999972],[-118.10121349999997,33.73309660000001],[-118.10121340000001,33.733096999999987],[-118.10121229999999,33.733105000000023],[-118.10120289999998,33.733172500000023],[-118.10118840000001,33.733292699999993],[-118.10117869999999,33.733357500000011],[-118.10115930000001,33.733472300000017],[-118.10113339999998,33.733572299999992],[-118.1011221,33.733638499999984],[-118.10111239999998,33.733705999999984],[-118.10108980000001,33.733799200000021],[-118.1010655,33.733849099999986],[-118.10100899999998,33.733915299999978],[-118.10092329999998,33.734017900000026],[-118.1008683,33.734089499999982],[-118.10076809999998,33.734192199999995],[-118.10070990000003,33.734267799999998],[-118.10068569999999,33.734308300000009],[-118.10066310000002,33.7343434],[-118.10061130000003,33.734412299999974],[-118.10055640000002,33.734483899999987],[-118.10043189999999,33.734608100000003],[-118.10037210000002,33.734679700000015],[-118.10029129999998,33.734774200000004],[-118.10022300000003,33.734843000000012],[-118.10027050000002,33.734882700000014],[-118.10032639999997,33.734943299999998],[-118.10038500000002,33.735029699999984],[-118.10044090000002,33.735088000000019],[-118.10055540000002,33.735204699999997],[-118.1006448,33.735291000000018],[-118.10084310000002,33.735452099999975],[-118.1010498,33.73560839999999],[-118.10125369999997,33.735755400000016],[-118.10148270000002,33.735904800000014],[-118.10162800000001,33.736000499999989],[-118.10176480000001,33.736084500000004],[-118.10189329999997,33.736163799999986],[-118.10205810000002,33.736254799999983],[-118.10236259999999,33.73641120000002],[-118.10261400000002,33.73654190000002],[-118.10293239999999,33.736695899999972],[-118.1031251,33.736789199999976],[-118.10329849999999,33.736874499999999],[-118.10356389999998,33.736981500000013],[-118.1038734,33.737113700000009],[-118.10418299999998,33.737214900000026],[-118.10434129999999,33.737264400000015],[-118.10456629999999,33.737327600000015],[-118.104624,33.737343899999985],[-118.104624,33.737133599999993],[-118.104624,33.736676699999975],[-118.104624,33.736054200000012],[-118.104624,33.736029099999996],[-118.104624,33.7359467],[-118.104624,33.735877599999981],[-118.104624,33.731109899999979],[-118.104624,33.72967749999998],[-118.104624,33.727226400000006]]]},"properties":{"OBJECTID":302,"OBJL":"4","THEMELAYER":null,"INFORM":"33 CFR 110.214","OBJNAM":"Long Beach Harbor Anchorage Area Q","SHAPE.AREA":3.0495527615000001e-05,"SHAPE.LEN":0.0256123644821106}},{"type":"Feature","id":314,"geometry":{"type":"Polygon","coordinates":[[[-118.240724,33.737588800000026],[-118.24072180000002,33.737583700000016],[-118.24063319999999,33.737382700000012],[-118.23999099999997,33.735925000000009],[-118.2397813,33.735449099999983],[-118.23946669999998,33.734735399999977],[-118.23946080000002,33.734721999999977],[-118.2377788,33.730911999999989],[-118.23775219999999,33.730856300000028],[-118.2377515,33.73085420000001],[-118.23772700000001,33.730782799999986],[-118.23679659999999,33.728664900000012],[-118.23592910000002,33.726687099999992],[-118.23582219999997,33.726450600000021],[-118.23562349999997,33.725997800000016],[-118.23514180000001,33.724903999999981],[-118.2336358,33.721487000000025],[-118.23167280000001,33.716998600000011],[-118.23138979999999,33.716362800000013],[-118.22289280000001,33.718932199999983],[-118.2213137,33.719409400000018],[-118.21191800000003,33.722242199999982],[-118.20629500000001,33.723936600000002],[-118.2019138,33.72393390000002],[-118.19644479999999,33.723926399999982],[-118.1947073,33.725957400000027],[-118.19468869999997,33.725979199999983],[-118.19468139999998,33.725987799999984],[-118.19467029999998,33.726001499999995],[-118.1935833,33.727277800000024],[-118.1998724,33.730873599999995],[-118.20237070000002,33.732285999999988],[-118.20293359999999,33.732606999999973],[-118.20360449999998,33.732989700000019],[-118.2064633,33.734629999999981],[-118.20823539999998,33.735641999999984],[-118.21002420000002,33.736648199999991],[-118.21005559999998,33.736666700000001],[-118.21115600000002,33.737827400000015],[-118.21212109999999,33.738839799999994],[-118.21319540000002,33.739966100000004],[-118.2135399,33.740339899999981],[-118.21666699999997,33.743617099999994],[-118.2167273,33.743604600000026],[-118.21675770000002,33.743598200000008],[-118.21677,33.743595500000026],[-118.21695510000001,33.743539199999987],[-118.21819010000002,33.74319939999998],[-118.21825589999997,33.743181300000003],[-118.21836459999997,33.743151399999988],[-118.21901789999998,33.742967000000021],[-118.22237080000002,33.742035600000008],[-118.22273630000001,33.741934200000003],[-118.22445149999999,33.741456599999992],[-118.22456679999999,33.741424499999994],[-118.22747859999998,33.740613600000017],[-118.22749260000001,33.740605300000027],[-118.22761850000001,33.740573499999982],[-118.2277325,33.740536299999974],[-118.22774220000002,33.740537800000027],[-118.22789039999998,33.740499399999976],[-118.23084660000001,33.73968050000002],[-118.23089649999997,33.739684300000022],[-118.2311181,33.739701599999989],[-118.2311244,33.739702099999988],[-118.23235080000001,33.739819199999999],[-118.23240559999999,33.739824399999975],[-118.23288409999998,33.739868999999999],[-118.23302050000001,33.739881799999978],[-118.23767199999998,33.740315500000008],[-118.23772020000001,33.740275199999985],[-118.23774969999999,33.740250600000024],[-118.23852210000001,33.739561499999979],[-118.240724,33.737588800000026]]]},"properties":{"OBJECTID":314,"OBJL":"4","THEMELAYER":null,"INFORM":"Commercial anchorage, 33 CFR 110.214","OBJNAM":"Long Beach Harbor Anchorage B","SHAPE.AREA":0.00070804167184500006,"SHAPE.LEN":0.117876269330891}},{"type":"Feature","id":315,"geometry":{"type":"Polygon","coordinates":[[[-118.23864700000001,33.707195300000024],[-118.23527769999998,33.705108800000005],[-118.23478189999997,33.704802099999995],[-118.2341887,33.704435100000012],[-118.23347849999999,33.703995700000007],[-118.2266927,33.699822900000015],[-118.22021560000002,33.695828000000006],[-118.21871549999997,33.694862000000001],[-118.21854719999999,33.694753300000002],[-118.21735139999998,33.694753300000002],[-118.21725550000002,33.694783500000028],[-118.2169791,33.694872799999985],[-118.21581889999999,33.695242500000006],[-118.21300660000003,33.696148800000003],[-118.21028389999998,33.697026199999982],[-118.19354579999998,33.702445599999976],[-118.19328030000003,33.703279000000009],[-118.19137039999998,33.709014799999977],[-118.1900301,33.713029600000027],[-118.18963289999999,33.714232999999979],[-118.18961009999998,33.714302099999998],[-118.1888907,33.716481600000009],[-118.18838909999999,33.717984800000011],[-118.18832739999999,33.718169699999976],[-118.18855250000001,33.718168300000002],[-118.1962292,33.718196400000011],[-118.20518679999998,33.718175099999996],[-118.20843689999998,33.717109199999982],[-118.23222959999998,33.709313699999996],[-118.23489769999998,33.708414399999981],[-118.23585780000002,33.708103300000005],[-118.23864700000001,33.707195300000024]]]},"properties":{"OBJECTID":315,"OBJL":"4","THEMELAYER":null,"INFORM":"Commercial Anchorage, Vessels are prohibited from entering Anchorage G unless bound for a berth in that anchorage. 33 CFR 110.214","OBJNAM":"Outside Breakwater Anchorage G","SHAPE.AREA":0.00069713879393999993,"SHAPE.LEN":0.118495515434485}},{"type":"Feature","id":304,"geometry":{"type":"Polygon","coordinates":[[[-118.17959059999998,33.727553199999988],[-118.17959059999998,33.727100699999994],[-118.17959059999998,33.724231999999972],[-118.17647629999999,33.724234200000012],[-118.17205510000002,33.724237399999993],[-118.1700836,33.724234200000012],[-118.1641181,33.724239599999976],[-118.1629145,33.724239599999976],[-118.1548118,33.724235299999975],[-118.15105790000001,33.724234200000012],[-118.15105790000001,33.737201299999981],[-118.15105790000001,33.738479199999972],[-118.16431360000001,33.738472899999977],[-118.16577940000002,33.738482400000009],[-118.16972229999999,33.738483499999973],[-118.17422590000001,33.738481299999989],[-118.17435999999998,33.738300100000004],[-118.17690829999998,33.734676999999976],[-118.17958420000002,33.730844400000024],[-118.17959059999998,33.727553199999988]]]},"properties":{"OBJECTID":304,"OBJL":"4","THEMELAYER":null,"INFORM":"Commercial & Naval Anchorage, 33 CFR 110.214","OBJNAM":"Long Beach Harbor Anchorage D","SHAPE.AREA":0.00038592950419500001,"SHAPE.LEN":0.081887416066905208}},{"type":"Feature","id":69,"geometry":{"type":"Polygon","coordinates":[[[-118.13686109999998,33.723336300000028],[-118.13686109999998,33.723282499999982],[-118.13686109999998,33.723243799999977],[-118.13686109999998,33.723220400000002],[-118.13686109999998,33.723163899999975],[-118.13686109999998,33.723146799999995],[-118.1370642,33.723146600000007],[-118.14551080000001,33.72313969999999],[-118.14635729999998,33.723144199999979],[-118.14827880000001,33.723154399999999],[-118.15105790000001,33.723169100000007],[-118.15416019999998,33.723173900000006],[-118.1604997,33.723173900000006],[-118.16308379999998,33.723173900000006],[-118.16417039999999,33.723173900000006],[-118.16555629999999,33.723193400000014],[-118.16925149999997,33.723190600000009],[-118.16944549999999,33.723190499999987],[-118.16979800000001,33.723191600000007],[-118.169715,33.722899400000017],[-118.16969540000002,33.722837099999992],[-118.16959750000001,33.722526800000026],[-118.16946899999999,33.722156700000028],[-118.16932969999999,33.721789300000012],[-118.16917969999997,33.721424899999988],[-118.16901899999999,33.721063599999979],[-118.16884779999998,33.720705800000019],[-118.1686661,33.720351600000015],[-118.168474,33.720001200000013],[-118.16827169999999,33.719654900000023],[-118.16805929999998,33.719312800000012],[-118.16783700000002,33.718975199999988],[-118.16760470000003,33.718642199999977],[-118.16736279999998,33.718314099999986],[-118.16722119999997,33.718132200000014],[-118.16711129999999,33.717991100000006],[-118.16708729999999,33.717961899999978],[-118.16685039999999,33.717673300000001],[-118.1665802,33.717360900000017],[-118.16630099999998,33.717054200000007],[-118.16601279999998,33.716753299999993],[-118.16571590000001,33.716458400000022],[-118.1654671,33.716223300000024],[-118.16541039999998,33.716169700000023],[-118.1650965,33.71588730000002],[-118.1647744,33.715611500000023],[-118.16444430000001,33.715342299999975],[-118.16410639999998,33.71508],[-118.1637609,33.714824700000008],[-118.16343260000002,33.714593900000011],[-118.163408,33.714576599999987],[-118.163048,33.714335699999992],[-118.16268100000002,33.714102400000002],[-118.16230719999999,33.713876599999992],[-118.16192690000003,33.713658599999974],[-118.16154030000001,33.713448400000004],[-118.16114770000001,33.713246200000015],[-118.1607492,33.713052100000027],[-118.16034519999999,33.712866299999973],[-118.15993580000003,33.712688800000024],[-118.15952140000002,33.712519699999973],[-118.15910209999998,33.71235919999998],[-118.1586782,33.712207400000011],[-118.15825000000001,33.712064300000009],[-118.15781770000001,33.711929999999995],[-118.15738160000001,33.711804599999994],[-118.15694189999999,33.711688200000026],[-118.156499,33.711580799999979],[-118.15605299999999,33.711482600000011],[-118.15560429999999,33.711393600000008],[-118.15515310000001,33.711313700000005],[-118.15469969999998,33.711243200000013],[-118.15424439999998,33.711182000000008],[-118.1537874,33.711130099999991],[-118.15332899999999,33.711087599999985],[-118.15286950000001,33.711054499999989],[-118.15240920000002,33.711030900000026],[-118.15194830000002,33.711016700000016],[-118.15148720000002,33.711011999999982],[-118.151026,33.711016700000016],[-118.15056520000002,33.711030900000026],[-118.15010480000001,33.711054499999989],[-118.1496454,33.711087599999985],[-118.14918699999998,33.711130099999991],[-118.14873,33.711182000000008],[-118.1482747,33.711243200000013],[-118.14782129999998,33.711313700000005],[-118.14737009999999,33.711393600000008],[-118.1469214,33.711482600000011],[-118.14647539999999,33.711580799999979],[-118.14603249999999,33.711688200000026],[-118.14559279999997,33.711804599999994],[-118.14515669999997,33.711929999999995],[-118.14480279999998,33.712068799999997],[-118.14453839999999,33.712196600000027],[-118.14441290000002,33.712257299999976],[-118.14398899999998,33.712409100000002],[-118.14356980000002,33.712569599999995],[-118.14315529999999,33.712738699999989],[-118.14274590000002,33.712916199999995],[-118.14234190000002,33.713101999999992],[-118.1419434,33.71329609999998],[-118.1415508,33.713498300000026],[-118.14116419999999,33.713708499999996],[-118.14078389999997,33.713926500000014],[-118.14041020000002,33.714152300000023],[-118.14004310000001,33.714385600000014],[-118.13968310000001,33.714626500000008],[-118.13933020000002,33.714874599999973],[-118.13898469999998,33.715129900000022],[-118.1386468,33.715392199999997],[-118.13831670000002,33.715661399999988],[-118.13799460000001,33.715937199999985],[-118.1376808,33.716219599999988],[-118.13737529999997,33.716508299999987],[-118.13707829999998,33.716803200000015],[-118.13679020000001,33.717104099999972],[-118.13651090000002,33.717410799999982],[-118.13624069999997,33.717723200000023],[-118.13606340000001,33.71798849999999],[-118.13593839999999,33.718113399999993],[-118.1358285,33.718254600000023],[-118.13558660000001,33.718582700000013],[-118.1349151,33.719312800000012],[-118.13470269999999,33.719654900000023],[-118.13450039999998,33.720001200000013],[-118.13430840000001,33.720351600000015],[-118.13412670000002,33.720705800000019],[-118.13395539999999,33.721063599999979],[-118.13379470000001,33.721424899999988],[-118.13364469999999,33.721789300000012],[-118.13350539999999,33.722156700000028],[-118.1333813,33.722853799999996],[-118.13327479999998,33.723228800000015],[-118.13320649999997,33.723498300000017],[-118.13319389999998,33.723547800000006],[-118.13318099999998,33.723599100000001],[-118.13317929999999,33.723605799999973],[-118.13315979999999,33.723693200000014],[-118.13309479999998,33.723984700000017],[-118.13302160000001,33.7243651],[-118.13295950000003,33.724746999999979],[-118.13290869999997,33.725129999999979],[-118.13286909999999,33.725513999999976],[-118.1328408,33.725898599999994],[-118.13282390000001,33.72628370000001],[-118.13281819999997,33.726669000000015],[-118.13282390000001,33.72705430000002],[-118.1328408,33.72743939999998],[-118.13286909999999,33.727824100000021],[-118.13289759999998,33.728100299999994],[-118.13290869999997,33.728207999999995],[-118.13295950000003,33.728590999999994],[-118.13302160000001,33.728972800000008],[-118.13309479999998,33.729353300000014],[-118.13317929999999,33.729732099999978],[-118.13327479999998,33.730109099999993],[-118.1333813,33.73048399999999],[-118.13349890000001,33.730856599999981],[-118.1336273,33.731226699999979],[-118.1337666,33.731593999999973],[-118.13391660000002,33.731958399999996],[-118.13395539999999,33.732365200000004],[-118.13412670000002,33.732723000000021],[-118.13430840000001,33.733077100000003],[-118.13450039999998,33.733427500000005],[-118.13470269999999,33.733773699999972],[-118.1349151,33.734115799999984],[-118.13513749999998,33.734453299999984],[-118.13536970000001,33.734786199999974],[-118.1356116,33.735114300000021],[-118.13586309999999,33.735437300000001],[-118.136124,33.735754999999983],[-118.13639419999998,33.736067300000002],[-118.13667349999997,33.73637389999999],[-118.13696160000001,33.73667469999998],[-118.1372586,33.736969600000009],[-118.13756410000002,33.737258199999985],[-118.137878,33.737540500000023],[-118.13819999999998,33.73781630000002],[-118.13853010000003,33.738085399999989],[-118.138868,33.738347599999997],[-118.13921349999998,33.738602899999989],[-118.13925160000002,33.73862969999999],[-118.13930690000001,33.738626000000011],[-118.13968149999999,33.738748900000019],[-118.14013740000001,33.7390939],[-118.1404857,33.739394600000026],[-118.14052479999998,33.739464899999973],[-118.14066709999997,33.739550800000018],[-118.14104739999999,33.739768799999979],[-118.141434,33.739978899999983],[-118.1418266,33.740181000000007],[-118.14222510000002,33.740374999999972],[-118.14262910000002,33.740560800000026],[-118.14303849999999,33.74073820000001],[-118.1434529,33.740907199999981],[-118.14387219999998,33.741067699999974],[-118.14429610000002,33.7412195],[-118.14472439999997,33.74136249999998],[-118.14515669999997,33.741496799999993],[-118.14534900000001,33.741552099999979],[-118.14559279999997,33.741622099999972],[-118.14603240000002,33.741738499999997],[-118.14647539999999,33.741845800000021],[-118.14692129999997,33.741943900000024],[-118.14737009999999,33.742032999999992],[-118.14782120000001,33.742112799999973],[-118.1482747,33.742183300000022],[-118.14873,33.742244500000027],[-118.14918699999998,33.742296300000021],[-118.1496454,33.742338800000027],[-118.15010489999997,33.742371800000001],[-118.15056520000002,33.742395400000021],[-118.15102610000002,33.742409599999974],[-118.15148720000002,33.742414300000007],[-118.15194839999998,33.742409599999974],[-118.15240920000002,33.742395400000021],[-118.15286959999997,33.742371800000001],[-118.15332910000001,33.742338700000005],[-118.1537874,33.742296300000021],[-118.15424439999998,33.742244400000004],[-118.1546998,33.742183199999999],[-118.15515310000001,33.742112700000007],[-118.15560429999999,33.742032900000027],[-118.15605299999999,33.741943900000024],[-118.156499,33.741845699999999],[-118.15694189999999,33.741738399999974],[-118.15738160000001,33.741622000000007],[-118.15781770000001,33.741496700000027],[-118.15825000000001,33.741362400000014],[-118.1586782,33.741219399999977],[-118.15910209999998,33.741067600000008],[-118.15952140000002,33.740907100000015],[-118.15993580000003,33.740738099999987],[-118.16034519999999,33.740560700000003],[-118.1607492,33.740374900000006],[-118.16114770000001,33.740180899999984],[-118.16154030000001,33.739978800000017],[-118.16192690000003,33.739768700000013],[-118.16230719999999,33.739550699999995],[-118.16268100000002,33.739325000000008],[-118.163048,33.739091700000017],[-118.16340810000003,33.738850899999989],[-118.1637609,33.738602800000024],[-118.16410639999998,33.738347599999997],[-118.16444430000001,33.738085399999989],[-118.1647744,33.73781630000002],[-118.1650965,33.737540500000023],[-118.16541039999998,33.737258199999985],[-118.16571590000001,33.736969600000009],[-118.16601279999998,33.73667469999998],[-118.16630099999998,33.73637389999999],[-118.1665802,33.736067300000002],[-118.16685039999999,33.735754999999983],[-118.16711129999999,33.735437300000001],[-118.16736279999998,33.735114300000021],[-118.16760470000003,33.734786199999974],[-118.16783700000002,33.734453299999984],[-118.16805929999998,33.734115799999984],[-118.16827169999999,33.733773699999972],[-118.168474,33.733427500000005],[-118.1686661,33.733077100000003],[-118.16884779999998,33.732723000000021],[-118.16901899999999,33.732365200000004],[-118.16917969999997,33.732004000000018],[-118.16932969999999,33.731639599999994],[-118.16946899999999,33.731272300000001],[-118.16959750000001,33.730902200000003],[-118.169715,33.730529600000011],[-118.16982159999998,33.730154700000014],[-118.16991710000002,33.7297777],[-118.17000150000001,33.729398899999978],[-118.17007480000001,33.729018399999973],[-118.17013680000002,33.728636600000016],[-118.17018769999999,33.728253600000016],[-118.1702272,33.727869699999985],[-118.1702555,33.727485000000001],[-118.17027250000001,33.727099899999985],[-118.17027810000002,33.72671459999998],[-118.17027250000001,33.726329299999975],[-118.1702555,33.725944200000015],[-118.1702272,33.725559599999997],[-118.17018769999999,33.7251756],[-118.17013680000002,33.724792600000001],[-118.17007480000001,33.724410700000021],[-118.17000150000001,33.724030299999981],[-118.16991710000002,33.723651399999994],[-118.169827,33.723295699999994],[-118.16964309999997,33.723295699999994],[-118.16859319999998,33.723295699999994],[-118.16799529999997,33.723295699999994],[-118.16700489999999,33.723295699999994],[-118.16619589999999,33.723295699999994],[-118.16516080000002,33.723295699999994],[-118.16457539999999,33.723295699999994],[-118.16439639999999,33.723296100000027],[-118.16266530000001,33.723300100000017],[-118.16107729999999,33.723303799999996],[-118.15866319999998,33.723309299999983],[-118.15822170000001,33.723309299999983],[-118.15587199999999,33.723309299999983],[-118.15331800000001,33.723309299999983],[-118.15226109999998,33.723313299999973],[-118.15142259999999,33.72331650000001],[-118.14615859999998,33.723336300000028],[-118.1451644,33.723336300000028],[-118.14514659999998,33.723336300000028],[-118.13928709999999,33.723336300000028],[-118.13806770000002,33.723336300000028],[-118.13686109999998,33.723336300000028]]]},"properties":{"OBJECTID":69,"OBJL":"4","THEMELAYER":null,"INFORM":"33 CFR 110.214","OBJNAM":null,"SHAPE.AREA":0.00091916368806500002,"SHAPE.LEN":0.17448219146704502}},{"type":"Feature","id":311,"geometry":{"type":"Polygon","coordinates":[[[-118.16431360000001,33.738472899999977],[-118.1643239,33.738465299999973],[-118.1643421,33.738449600000024],[-118.16436210000001,33.73843549999998],[-118.1643803,33.738419899999997],[-118.16439059999999,33.738412299999993],[-118.16441850000001,33.738388999999984],[-118.16443850000002,33.738375000000019],[-118.16445670000002,33.738359800000012],[-118.164467,33.73835170000001],[-118.16449490000002,33.738329000000022],[-118.16450520000001,33.738320900000019],[-118.16454210000001,33.738290000000006],[-118.16456219999998,33.738275999999985],[-118.16459909999998,33.738245099999972],[-118.16460949999998,33.738237599999991],[-118.16465540000002,33.738199199999997],[-118.16466580000002,33.738191599999993],[-118.1647208,33.738145099999997],[-118.16473050000002,33.738136399999973],[-118.16474870000002,33.738121299999989],[-118.164759,33.738113199999987],[-118.1648419,33.73804389999998],[-118.16485160000002,33.738035299999979],[-118.16491569999999,33.737981699999978],[-118.16492540000002,33.737972500000012],[-118.16497140000001,33.737934100000018],[-118.16498039999999,33.737925500000017],[-118.16501729999999,33.737894600000004],[-118.16502639999999,33.737886000000003],[-118.16506329999999,33.73785509999999],[-118.16507109999998,33.737846499999989],[-118.16509889999998,33.73782319999998],[-118.16510799999998,33.737814599999979],[-118.16513579999997,33.737791300000026],[-118.16515270000002,33.7377745],[-118.1651708,33.737759400000016],[-118.16518050000002,33.737750699999992],[-118.1651986,33.737735100000009],[-118.16521610000001,33.737718799999982],[-118.16523419999999,33.737703099999976],[-118.16524329999999,33.737694499999975],[-118.16525239999999,33.737686900000028],[-118.16526979999998,33.737670100000003],[-118.16528799999998,33.737655000000018],[-118.16531450000002,33.737629599999991],[-118.1653326,33.737614399999984],[-118.16535010000001,33.737597699999981],[-118.16535920000001,33.737590099999977],[-118.16536830000001,33.73758140000001],[-118.16537729999999,33.737573899999973],[-118.1653857,33.737564700000007],[-118.1654039,33.7375495],[-118.16541160000003,33.737540899999999],[-118.16543039999999,33.737524099999973],[-118.16543949999999,33.737516500000027],[-118.16545630000002,33.737499800000023],[-118.16546599999998,33.73749220000002],[-118.16547379999997,33.737483499999996],[-118.16548289999997,33.737476000000015],[-118.16550940000002,33.737450500000023],[-118.16551850000002,33.737442999999985],[-118.16553529999999,33.737426200000016],[-118.16554500000001,33.737418600000012],[-118.1655528,33.737410000000011],[-118.16556179999998,33.737402400000008],[-118.16556960000003,33.737393199999985],[-118.16557870000003,33.737385599999982],[-118.16558839999999,33.737376999999981],[-118.16560520000002,33.737360200000012],[-118.16561430000002,33.737352600000008],[-118.16562210000001,33.737344000000007],[-118.16563180000003,33.737336400000004],[-118.1656395,33.73732769999998],[-118.1656486,33.737319599999978],[-118.16565639999999,33.737310999999977],[-118.16566540000002,33.73730230000001],[-118.16567509999999,33.737294799999972],[-118.16568289999998,33.737285600000007],[-118.16569199999998,33.737278000000003],[-118.1656997,33.73726929999998],[-118.16570949999999,33.737261799999999],[-118.16571720000002,33.737252599999977],[-118.16572630000002,33.737244999999973],[-118.16573410000001,33.737236300000006],[-118.16577740000002,33.737194699999975],[-118.16578520000002,33.73718550000001],[-118.16579489999998,33.737177900000006],[-118.16580269999997,33.737169300000005],[-118.16581179999997,33.737161700000001],[-118.1658195,33.737152499999979],[-118.16584610000001,33.737127600000008],[-118.16585379999998,33.737118399999986],[-118.16586289999998,33.737110799999982],[-118.16587129999999,33.737102199999981],[-118.16588819999998,33.737085999999977],[-118.16589590000001,33.737076800000011],[-118.16592250000002,33.737051300000019],[-118.16593019999999,33.737042700000018],[-118.16594709999998,33.737026500000013],[-118.1659555,33.737017299999991],[-118.1659646,33.737009699999987],[-118.16598010000001,33.73699240000002],[-118.16598920000001,33.736984300000017],[-118.16600529999999,33.736966999999993],[-118.16602219999999,33.736950700000023],[-118.16602990000001,33.7369415],[-118.1660397,33.736932899999999],[-118.16604740000002,33.736924199999976],[-118.16606430000002,33.736907499999973],[-118.1660804,33.736890099999982],[-118.1660895,33.73688199999998],[-118.16610500000002,33.736864700000012],[-118.16612249999997,33.736848000000009],[-118.16613810000001,33.736830600000019],[-118.16614709999999,33.736822000000018],[-118.16615489999998,33.736813299999994],[-118.16616329999999,33.736805199999992],[-118.16617109999999,33.736796599999991],[-118.16618010000002,33.736787900000024],[-118.16620410000002,33.736761399999978],[-118.16621320000002,33.736753799999974],[-118.16624489999998,33.736718699999983],[-118.16626170000001,33.736701900000014],[-118.16629349999999,33.736666700000001],[-118.16630249999997,33.7366581],[-118.16631810000001,33.736640200000011],[-118.16632650000003,33.736632699999973],[-118.16634979999998,33.736606199999983],[-118.16635880000001,33.736597500000016],[-118.16641449999997,33.736535800000013],[-118.16642230000002,33.736528299999975],[-118.16643010000001,33.736519600000008],[-118.16643909999999,33.736511000000007],[-118.16661329999999,33.736317299999996],[-118.16661979999998,33.736308699999995],[-118.1666353,33.736290800000006],[-118.16664309999999,33.736281099999985],[-118.16669869999998,33.736219399999982],[-118.16670520000002,33.736210700000015],[-118.16671300000002,33.736202100000014],[-118.16672849999998,33.736184200000025],[-118.16673630000003,33.736174500000004],[-118.16675249999997,33.736156699999981],[-118.16675900000001,33.736148000000014],[-118.16679069999998,33.736112800000001],[-118.16679720000002,33.73610309999998],[-118.16682889999998,33.736067900000023],[-118.16684309999999,33.73604899999998],[-118.1668593,33.736031700000012],[-118.16686579999998,33.736022999999989],[-118.1668813,33.736005200000022],[-118.16688909999999,33.735995500000001],[-118.16689559999998,33.735986299999979],[-118.16691950000001,33.735960299999988],[-118.16692599999999,33.735950000000003],[-118.16694219999999,33.735932699999978],[-118.16694869999998,33.735924099999977],[-118.1669564,33.735914900000012],[-118.1669642,33.735905100000025],[-118.16697069999998,33.735896500000024],[-118.16698689999998,33.735878599999978],[-118.1669933,33.735868900000014],[-118.16700889999998,33.735851000000025],[-118.1670153,33.735842400000024],[-118.16702309999999,33.735832599999981],[-118.16703150000001,33.73582399999998],[-118.16703799999999,33.735814800000014],[-118.16704579999998,33.735805099999993],[-118.16705350000001,33.735796400000027],[-118.16705999999999,33.735787700000003],[-118.16706840000001,33.735778499999981],[-118.16707489999999,33.735768800000017],[-118.16709049999997,33.735751499999992],[-118.16709689999999,33.735741200000007],[-118.16710469999998,33.735732600000006],[-118.16711179999999,33.735723899999982],[-118.16711959999998,33.735715299999981],[-118.16712610000002,33.735704999999996],[-118.16713379999999,33.735696299999972],[-118.16714030000003,33.735687700000028],[-118.16714869999998,33.735677399999986],[-118.16715649999998,33.735668700000019],[-118.16716300000002,33.735660100000018],[-118.16717069999999,33.735650299999975],[-118.16717720000003,33.735641199999975],[-118.16718500000002,33.735632500000008],[-118.16719210000002,33.735622799999987],[-118.16719990000001,33.735614100000021],[-118.16720629999998,33.735603799999978],[-118.16721410000002,33.735595199999977],[-118.16722060000001,33.735586500000011],[-118.16722770000001,33.735576200000025],[-118.1672355,33.735567600000024],[-118.16724199999999,33.735558900000001],[-118.16724970000001,33.73554919999998],[-118.1672562,33.735540000000015],[-118.16726399999999,33.735530299999994],[-118.16727109999999,33.735521600000027],[-118.16727889999999,33.735513000000026],[-118.1672853,33.735502699999984],[-118.16729179999999,33.735494000000017],[-118.16729959999998,33.735484299999996],[-118.167306,33.735475599999972],[-118.16731449999997,33.735466400000007],[-118.16732089999999,33.735456699999986],[-118.16732869999998,33.735448000000019],[-118.16733520000002,33.7354378],[-118.16734170000001,33.735429099999976],[-118.16734939999998,33.735420499999975],[-118.16736300000002,33.735402099999988],[-118.1673773,33.735383099999979],[-118.16738370000002,33.735373400000014],[-118.16739150000001,33.735364199999992],[-118.1674051,33.735345800000005],[-118.16741289999999,33.735336099999984],[-118.16742579999999,33.735318199999995],[-118.16743359999998,33.735308499999974],[-118.16744069999999,33.735299300000008],[-118.16744720000003,33.735289500000022],[-118.16745500000002,33.735280900000021],[-118.16746139999998,33.7352712],[-118.16746790000002,33.735261999999977],[-118.1674744,33.735252199999991],[-118.16748280000002,33.73524359999999],[-118.1674893,33.735233800000003],[-118.16749579999998,33.735224599999981],[-118.1675022,33.735214900000017],[-118.16750999999999,33.735206199999993],[-118.16752359999998,33.735186199999987],[-118.16753010000002,33.735177599999986],[-118.16753649999998,33.735167799999999],[-118.16754429999997,33.735158599999977],[-118.16755080000001,33.735148900000013],[-118.16755790000002,33.735140300000012],[-118.1675644,33.735130500000025],[-118.16757089999999,33.735121300000003],[-118.16757860000001,33.735111599999982],[-118.1675851,33.735102900000015],[-118.16759869999999,33.735082900000009],[-118.16760520000003,33.735074300000008],[-118.16761159999999,33.735064500000021],[-118.16761939999998,33.735055299999999],[-118.16762590000002,33.735045599999978],[-118.1676324,33.735036900000011],[-118.16764599999999,33.735016900000005],[-118.16765240000001,33.735008300000004],[-118.16765889999999,33.734998500000017],[-118.16766539999998,33.734989299999995],[-118.1676731,33.734979599999974],[-118.16767959999999,33.73496990000001],[-118.16768669999999,33.734961199999987],[-118.16769970000001,33.73494119999998],[-118.1677062,33.734932500000014],[-118.16771260000002,33.734922299999994],[-118.1677191,33.734913600000027],[-118.16773920000003,33.734884899999997],[-118.16775209999997,33.734865500000012],[-118.16775860000001,33.734856799999989],[-118.1677722,33.734836799999982],[-118.16777869999999,33.734828100000016],[-118.16779159999999,33.734808100000009],[-118.16779810000003,33.734799500000008],[-118.16781170000002,33.734779500000002],[-118.1678182,33.734770799999978],[-118.1678311,33.734750799999972],[-118.16783759999998,33.734742100000005],[-118.16785770000001,33.734713499999998],[-118.16787060000001,33.73469399999999],[-118.16787579999999,33.734684200000004],[-118.16790229999998,33.734646399999974],[-118.16792179999999,33.734616599999981],[-118.16794700000003,33.734578800000008],[-118.16795350000001,33.734569599999986],[-118.16795999999999,33.7345598],[-118.1679651,33.734550099999979],[-118.16797229999997,33.734539799999993],[-118.16797869999999,33.734531199999992],[-118.16798519999998,33.734521400000006],[-118.16799170000002,33.73451110000002],[-118.16799689999999,33.734501399999999],[-118.16800330000001,33.734491699999978],[-118.16800979999999,33.734483000000012],[-118.16802339999998,33.734463000000005],[-118.16802860000001,33.734453299999984],[-118.1680351,33.734443499999998],[-118.168048,33.734424600000011],[-118.1680538,33.73441489999999],[-118.16806029999998,33.734404600000005],[-118.16806680000002,33.734394800000018],[-118.1680733,33.734386200000017],[-118.16807840000001,33.734376499999996],[-118.16809139999998,33.734356400000024],[-118.16809719999998,33.734346700000003],[-118.16810370000002,33.734336999999982],[-118.1681102,33.734327800000017],[-118.16811539999998,33.734317999999973],[-118.16812829999998,33.734298000000024],[-118.16813350000001,33.734288300000003],[-118.1681471,33.734269299999994],[-118.16815229999997,33.734259599999973],[-118.16816519999998,33.734240100000022],[-118.16817040000001,33.734229900000003],[-118.16817750000001,33.734220100000016],[-118.16818269999999,33.734210399999995],[-118.16819559999999,33.734191500000009],[-118.16820080000002,33.734181700000022],[-118.16820730000001,33.734172000000001],[-118.1682131,33.734161700000016],[-118.16821959999999,33.734151999999995],[-118.16822480000002,33.734142200000008],[-118.16823770000002,33.734122200000002],[-118.1682429,33.734112499999981],[-118.16824939999998,33.734102699999994],[-118.16825519999998,33.734093499999972],[-118.16826170000002,33.734083800000008],[-118.16826689999999,33.734074099999987],[-118.16827330000001,33.7340643],[-118.16827849999999,33.73405409999998],[-118.16828500000003,33.734044299999994],[-118.1682902,33.734034599999973],[-118.16829730000001,33.734024299999987],[-118.16830249999998,33.734014600000023],[-118.1683089,33.73400479999998],[-118.16831409999998,33.733994600000017],[-118.16832060000002,33.733984799999973],[-118.1683309,33.733965300000023],[-118.16833739999998,33.733955100000003],[-118.1683433,33.733945300000016],[-118.16834970000002,33.733935599999995],[-118.1683549,33.733926899999972],[-118.16836139999998,33.733916700000009],[-118.16837170000002,33.733897200000001],[-118.16837820000001,33.733886900000016],[-118.168384,33.733877199999995],[-118.16839049999999,33.733867400000008],[-118.16840089999999,33.733847400000002],[-118.16840730000001,33.733837699999981],[-118.16841770000002,33.733817699999975],[-118.16842480000003,33.733807899999988],[-118.16843,33.733798200000024],[-118.16843649999998,33.733788500000003],[-118.168452,33.73375870000001],[-118.16845849999999,33.733748400000025],[-118.168476,33.733717599999977],[-118.16848629999998,33.733698100000026],[-118.16849280000002,33.733687799999984],[-118.16850899999997,33.733658600000012],[-118.16851550000001,33.733648399999993],[-118.16853099999997,33.733619099999999],[-118.16853750000001,33.733608899999979],[-118.16855370000002,33.733579099999986],[-118.16855880000003,33.733569400000022],[-118.16856530000001,33.733559599999978],[-118.16857049999999,33.733548299999995],[-118.16859190000002,33.733508799999981],[-118.16859829999999,33.733499100000017],[-118.16863519999998,33.73342869999999],[-118.16864170000002,33.733419000000026],[-118.16866829999998,33.733369200000027],[-118.16867339999999,33.733358399999986],[-118.16869930000001,33.733308599999987],[-118.16870449999999,33.733297800000003],[-118.16873620000001,33.733238900000003],[-118.16874139999999,33.733227499999998],[-118.16876280000002,33.733187999999984],[-118.168768,33.7331772],[-118.16878869999999,33.733137199999987],[-118.1688049,33.733106899999996],[-118.16880880000002,33.73309660000001],[-118.16881389999998,33.733086899999989],[-118.16881910000001,33.733075999999983],[-118.16884049999999,33.733036500000026],[-118.16884570000002,33.733025199999986],[-118.16884959999999,33.733015500000022],[-118.16885989999997,33.732995399999993],[-118.1688651,33.732984600000009],[-118.16887609999998,33.732965100000001],[-118.16888,33.732954899999982],[-118.16888519999998,33.732943999999975],[-118.16890069999999,33.732914300000004],[-118.16890460000002,33.73290350000002],[-118.16892080000002,33.732873700000027],[-118.16892469999999,33.732862399999988],[-118.16893499999998,33.73284289999998],[-118.16894020000001,33.732832099999996],[-118.16894409999998,33.732821800000011],[-118.16895510000001,33.732802300000003],[-118.16895899999997,33.73279100000002],[-118.16896930000001,33.732771500000013],[-118.16897449999999,33.732760699999972],[-118.16897840000001,33.732750399999986],[-118.16898880000002,33.732730899999979],[-118.16899260000002,33.732719599999996],[-118.16899849999999,33.732709800000009],[-118.16900229999999,33.732700099999988],[-118.16900750000002,33.732689300000004],[-118.1690127,33.732679000000019],[-118.16901660000002,33.732669199999975],[-118.16902690000001,33.732648100000006],[-118.16903079999997,33.732638399999985],[-118.16903600000001,33.732627600000001],[-118.16904049999999,33.732617300000015],[-118.16904570000003,33.732607599999994],[-118.1690509,33.73259680000001],[-118.16905480000003,33.732586500000025],[-118.16906,33.732576699999981],[-118.16906390000003,33.732565899999997],[-118.16906899999998,33.732556199999976],[-118.1690729,33.732545899999991],[-118.16908260000002,33.732525399999986],[-118.1690878,33.732515100000001],[-118.16909299999998,33.732504300000016],[-118.1690969,33.732494499999973],[-118.16910209999998,33.73248319999999],[-118.16910589999998,33.732473400000003],[-118.16911110000001,33.732463699999983],[-118.16911499999998,33.732452899999998],[-118.16912020000001,33.732442600000013],[-118.1691247,33.732432899999992],[-118.16912860000002,33.732421999999985],[-118.1691338,33.732411800000023],[-118.16913770000002,33.732400900000016],[-118.16914279999997,33.732391199999995],[-118.1691467,33.732381499999974],[-118.16915189999997,33.732370100000026],[-118.1691558,33.732360400000005],[-118.1691616,33.732349499999998],[-118.16916939999999,33.732329499999992],[-118.16917460000002,33.732318700000008],[-118.16917849999999,33.732308400000022],[-118.1691836,33.732297599999981],[-118.16919139999999,33.732278099999974],[-118.16920110000001,33.732257000000004],[-118.16920499999998,33.73224620000002],[-118.16921020000001,33.732235899999978],[-118.16921409999998,33.732226200000014],[-118.16921789999998,33.732215399999973],[-118.16922310000001,33.732205099999987],[-118.16922699999998,33.732194300000003],[-118.1692309,33.732184599999982],[-118.16923609999998,33.732173199999977],[-118.16924,33.732163500000013],[-118.16924449999999,33.732153700000026],[-118.16924970000002,33.732142899999985],[-118.16925359999999,33.7321326],[-118.16925739999999,33.732121800000016],[-118.16926260000002,33.732112099999995],[-118.16926649999999,33.73210069999999],[-118.16927040000002,33.732091000000025],[-118.16927429999998,33.732080199999984],[-118.16927950000002,33.732069899999999],[-118.169284,33.732059100000015],[-118.1692918,33.732038999999986],[-118.1692956,33.732028200000002],[-118.16930079999997,33.732018499999981],[-118.16931249999999,33.731986600000027],[-118.16931640000001,33.731976799999984],[-118.16932609999998,33.731955700000015],[-118.16933770000003,33.731923800000004],[-118.1693416,33.731914099999983],[-118.16934680000003,33.731903299999999],[-118.16935460000002,33.731882199999973],[-118.16935840000002,33.731872399999986],[-118.16936229999999,33.731861100000003],[-118.16937849999999,33.731819400000006],[-118.16938370000003,33.731809699999985],[-118.16939150000002,33.731788600000016],[-118.16939530000002,33.731777799999975],[-118.16941539999999,33.731726400000014],[-118.16942319999998,33.731704200000024],[-118.16942710000001,33.731694500000003],[-118.16943099999997,33.731683099999998],[-118.16943479999998,33.731673399999977],[-118.16944649999999,33.731641400000001],[-118.16945099999998,33.73163169999998],[-118.16945490000001,33.731620299999975],[-118.16945879999997,33.73161060000001],[-118.16947429999999,33.731567900000016],[-118.16947820000001,33.731558099999972],[-118.16948079999997,33.73154679999999],[-118.16949699999998,33.731505099999993],[-118.16950480000003,33.731484000000023],[-118.16950859999997,33.731473199999982],[-118.1695125,33.731463500000018],[-118.16951510000001,33.731452600000011],[-118.16951899999998,33.731441299999972],[-118.1695229,33.731431600000008],[-118.16952680000003,33.731420700000001],[-118.16953130000002,33.731410499999981],[-118.16953519999998,33.731399599999975],[-118.1695378,33.731388799999991],[-118.16954170000002,33.731378500000005],[-118.16954550000003,33.731367700000021],[-118.16954939999999,33.731358],[-118.16955330000002,33.731346599999995],[-118.16955589999998,33.731335800000011],[-118.1695598,33.73132609999999],[-118.16956370000003,33.731314699999984],[-118.16956759999999,33.73130500000002],[-118.16957079999997,33.731294100000014],[-118.16958249999999,33.731262200000003],[-118.16958499999998,33.731252499999982],[-118.16959279999998,33.731230299999993],[-118.16959539999999,33.731220599999972],[-118.16960319999998,33.731198399999982],[-118.16960710000001,33.731188700000018],[-118.1696096,33.731177300000013],[-118.16961420000001,33.731166499999972],[-118.16961809999998,33.731156699999985],[-118.1696207,33.731145900000001],[-118.16962840000002,33.731124799999975],[-118.16963099999998,33.731113999999991],[-118.16963490000001,33.731103700000006],[-118.16963750000002,33.731092900000021],[-118.16964530000001,33.731071799999995],[-118.16964780000001,33.731061000000011],[-118.16965169999997,33.731050200000027],[-118.16965499999998,33.731039899999985],[-118.1696627,33.731018300000017],[-118.16966530000002,33.731008499999973],[-118.16966919999999,33.73099719999999],[-118.1696718,33.730986299999984],[-118.16967570000003,33.73097660000002],[-118.16967829999999,33.730965200000014],[-118.16968220000001,33.730954399999973],[-118.1696847,33.730944700000009],[-118.1696925,33.73092250000002],[-118.16969510000001,33.730912799999999],[-118.1696996,33.730901399999993],[-118.16970220000002,33.730890600000009],[-118.16970609999998,33.730880899999988],[-118.1697087,33.730869999999982],[-118.16971260000003,33.730858699999999],[-118.16971519999998,33.730848900000012],[-118.1697178,33.730838100000028],[-118.16972170000003,33.730826799999988],[-118.16972420000002,33.730815899999982],[-118.16972809999999,33.730806200000018],[-118.1697307,33.730794800000012],[-118.16973460000003,33.730784000000028],[-118.16974040000002,33.730762900000002],[-118.16974429999999,33.730752100000018],[-118.16974690000001,33.730742399999997],[-118.16975079999997,33.730731600000013],[-118.16975600000001,33.730709400000023],[-118.16975989999997,33.73069959999998],[-118.16976240000002,33.730688299999997],[-118.16976629999999,33.730677500000013],[-118.16976890000001,33.730667700000026],[-118.16977150000002,33.730656399999987],[-118.16977539999999,33.73064549999998],[-118.16977800000001,33.730634699999996],[-118.16978119999999,33.730624400000011],[-118.16978510000001,33.730613600000027],[-118.16979029999999,33.73059139999998],[-118.16979420000001,33.730581700000016],[-118.16979930000002,33.730560099999991],[-118.16980189999998,33.730549800000006],[-118.16980580000001,33.730539000000022],[-118.16981099999998,33.730516799999975],[-118.1698136,33.730507100000011],[-118.16981809999999,33.730496200000005],[-118.16982330000002,33.730474099999981],[-118.16982589999998,33.730464299999994],[-118.1698298,33.730453000000011],[-118.16984009999999,33.730410199999994],[-118.16984400000001,33.73039940000001],[-118.16984660000003,33.730388000000005],[-118.1698576,33.73034530000001],[-118.16986150000002,33.730334500000026],[-118.16986409999998,33.730324800000005],[-118.1698796,33.730259799999999],[-118.16988350000003,33.730248500000016],[-118.16989649999999,33.730194900000015],[-118.16989969999997,33.730184599999973],[-118.16993600000001,33.73003319999998],[-118.1699418,33.730012600000009],[-118.1699496,33.729979599999979],[-118.16995079999998,33.729968299999996],[-118.1699534,33.729958500000009],[-118.1699638,33.729914699999995],[-118.1699716,33.729882799999984],[-118.1699729,33.729872],[-118.16998649999999,33.7298179],[-118.1699878,33.729806999999994],[-118.16999809999999,33.729763800000001],[-118.16999939999999,33.729753000000017],[-118.17000719999999,33.729719999999986],[-118.17000849999999,33.7297102],[-118.17001620000002,33.729677200000026],[-118.17001749999997,33.729665899999986],[-118.1700227,33.729644199999996],[-118.17002400000001,33.72963390000001],[-118.17002980000001,33.729612299999985],[-118.17003110000002,33.72960089999998],[-118.17003629999999,33.729579300000012],[-118.1700376,33.729568500000028],[-118.17004279999998,33.729547400000001],[-118.17004409999998,33.729536600000017],[-118.17004930000002,33.729514400000028],[-118.17005060000002,33.729503599999987],[-118.17005310000002,33.729492199999981],[-118.17005440000003,33.729481399999997],[-118.1700596,33.729460300000028],[-118.17006090000001,33.729449499999987],[-118.17006350000003,33.729438700000003],[-118.17006479999998,33.729427799999996],[-118.17006739999999,33.729416500000013],[-118.17006930000002,33.729405699999973],[-118.1700745,33.729384600000003],[-118.17007580000001,33.729373699999996],[-118.17007840000002,33.729362900000012],[-118.17007969999997,33.729351599999973],[-118.17008229999999,33.729340700000023],[-118.1700836,33.729329899999982],[-118.17008620000001,33.729318599999999],[-118.17008750000002,33.729307699999993],[-118.17009000000002,33.729296900000008],[-118.17009130000002,33.729286600000023],[-118.17009389999998,33.729275799999982],[-118.17009519999999,33.729264999999998],[-118.17009780000001,33.729253599999993],[-118.17010040000002,33.729232000000025],[-118.17010299999998,33.729220600000019],[-118.17010429999999,33.729209799999978],[-118.17010690000001,33.729198999999994],[-118.17010820000002,33.729189299999973],[-118.1701114,33.729177900000025],[-118.17011400000001,33.7291563],[-118.17011659999997,33.729144899999994],[-118.17011919999999,33.729123300000026],[-118.1701218,33.729111900000021],[-118.17012310000001,33.72910109999998],[-118.17012570000003,33.729090299999996],[-118.17012820000002,33.729069200000026],[-118.17013079999998,33.729058399999985],[-118.1701334,33.729036199999996],[-118.17013600000001,33.729025400000012],[-118.17013989999998,33.728992399999981],[-118.1701425,33.728981499999975],[-118.17014510000001,33.728959400000008],[-118.17014829999999,33.728949600000021],[-118.17015220000002,33.728916599999991],[-118.17015479999998,33.728905300000008],[-118.17016000000001,33.728861400000028],[-118.17016260000003,33.728850599999987],[-118.17016769999998,33.728806299999974],[-118.1701703,33.728796499999987],[-118.17017809999999,33.728730499999983],[-118.1701807,33.728719699999999],[-118.1701956,33.728599599999995],[-118.17022409999998,33.728358899999989],[-118.17022409999998,33.728348100000005],[-118.1702325,33.728282100000001],[-118.1702325,33.728271199999995],[-118.17023899999998,33.728216099999997],[-118.17023899999998,33.728205199999991],[-118.17024279999998,33.728172200000017],[-118.17024279999998,33.728161399999976],[-118.17024670000001,33.728128400000003],[-118.17024670000001,33.72811710000002],[-118.17025059999997,33.72808409999999],[-118.17025059999997,33.728073199999983],[-118.17025319999999,33.728051100000016],[-118.17025319999999,33.728041299999973],[-118.17025580000001,33.728019099999983],[-118.17025580000001,33.728008299999999],[-118.17025840000002,33.72798610000001],[-118.17025840000002,33.727975300000026],[-118.17026099999998,33.7279537],[-118.17026099999998,33.727942299999995],[-118.17026229999999,33.727931500000011],[-118.17026229999999,33.727920700000027],[-118.17026490000001,33.727898499999981],[-118.17026490000001,33.727887699999997],[-118.17026620000001,33.727876299999991],[-118.17026620000001,33.727865500000007],[-118.17026870000001,33.727843300000018],[-118.17026870000001,33.727832499999977],[-118.1702707,33.727821699999993],[-118.1702707,33.727810900000009],[-118.17027200000001,33.727799500000003],[-118.17027200000001,33.727788700000019],[-118.17027330000002,33.727777899999978],[-118.17027330000002,33.727766499999973],[-118.17027460000003,33.727755699999989],[-118.17027460000003,33.727744900000005],[-118.17027589999998,33.727733499999999],[-118.17027589999998,33.727722700000015],[-118.17027719999999,33.727711899999974],[-118.17027719999999,33.727700500000026],[-118.17027849999999,33.727689699999985],[-118.17027849999999,33.727678900000001],[-118.17027969999998,33.727667499999995],[-118.17027969999998,33.727656700000011],[-118.17028099999999,33.727645900000027],[-118.17028099999999,33.727623699999981],[-118.1702823,33.727612899999997],[-118.1702823,33.727601499999992],[-118.1702836,33.727590700000007],[-118.1702836,33.727568500000018],[-118.17028490000001,33.727557699999977],[-118.17028490000001,33.727535499999988],[-118.17028620000002,33.727524700000004],[-118.17028620000002,33.727513900000019],[-118.17028749999997,33.727503099999979],[-118.17028749999997,33.727480899999989],[-118.17028879999998,33.727470100000005],[-118.17028879999998,33.727437099999975],[-118.17029009999999,33.727425700000026],[-118.17029009999999,33.727404100000001],[-118.1702914,33.727392699999996],[-118.1702914,33.727359700000022],[-118.1702927,33.727348899999981],[-118.1702927,33.727315900000008],[-118.17029400000001,33.727305100000024],[-118.17029400000001,33.727260699999988],[-118.17029530000002,33.727249900000004],[-118.17029530000002,33.727195199999983],[-118.17029659999997,33.7271839],[-118.17029659999997,33.727096200000005],[-118.17029789999998,33.727084900000023],[-118.1703698,33.726838499999985],[-118.1703685,33.726827700000001],[-118.1703685,33.726739500000008],[-118.17036719999999,33.726728700000024],[-118.17036719999999,33.726673500000004],[-118.17036589999998,33.72666270000002],[-118.17036589999998,33.726629699999989],[-118.17036460000003,33.726618900000005],[-118.17036460000003,33.726574500000027],[-118.17036330000002,33.726563699999986],[-118.17036330000002,33.726541499999996],[-118.17036200000001,33.726530700000012],[-118.17036200000001,33.726497699999982],[-118.1703607,33.726486899999998],[-118.1703607,33.726464700000008],[-118.1703594,33.726453900000024],[-118.1703594,33.726431699999978],[-118.17035809999999,33.726420899999994],[-118.17035809999999,33.726398700000004],[-118.17035679999998,33.72638790000002],[-118.17035679999998,33.726365699999974],[-118.17035550000003,33.72635489999999],[-118.17035550000003,33.726343499999984],[-118.17035420000002,33.7263327],[-118.17035420000002,33.726311099999975],[-118.17035290000001,33.726299700000027],[-118.17035290000001,33.726288899999986],[-118.1703516,33.726278100000002],[-118.1703516,33.726266699999996],[-118.17035040000002,33.726255900000012],[-118.17035040000002,33.726245100000028],[-118.17034910000001,33.726233700000023],[-118.17034910000001,33.726222899999982],[-118.1703478,33.726212099999998],[-118.1703478,33.726189900000008],[-118.17034649999999,33.726180199999988],[-118.17034649999999,33.726168799999982],[-118.17034389999998,33.726147200000014],[-118.17034389999998,33.726136300000007],[-118.17034260000003,33.726125000000025],[-118.17034260000003,33.726114199999984],[-118.17034059999997,33.726103299999977],[-118.17034059999997,33.726091999999994],[-118.17033930000002,33.72608120000001],[-118.17033930000002,33.726070300000003],[-118.17033809999998,33.726059000000021],[-118.17033809999998,33.72604819999998],[-118.17033550000002,33.72602599999999],[-118.17033550000002,33.726015200000006],[-118.17033420000001,33.7260043],[-118.17033420000001,33.725993000000017],[-118.1703316,33.725971300000026],[-118.1703316,33.725959999999986],[-118.17032899999998,33.725938299999996],[-118.17032899999998,33.725927000000013],[-118.17032640000002,33.725905300000022],[-118.17032640000002,33.725893999999982],[-118.17032380000001,33.725872299999992],[-118.17032380000001,33.725861000000009],[-118.17031989999998,33.725828499999977],[-118.17031989999998,33.725817199999995],[-118.17031600000001,33.725784099999998],[-118.17031600000001,33.725773300000014],[-118.17031220000001,33.725740299999984],[-118.17031220000001,33.7257295],[-118.17030699999998,33.725685100000021],[-118.17030699999998,33.7256754],[-118.1703005,33.725620800000002],[-118.1703005,33.725609399999996],[-118.17028950000002,33.725521800000024],[-118.17028950000002,33.725510400000019],[-118.17026229999999,33.725280999999995],[-118.17025969999997,33.725269700000013],[-118.17025260000003,33.725214999999992],[-118.1702487,33.725183099999981],[-118.17024609999999,33.725171699999976],[-118.17023829999999,33.725105699999972],[-118.1702358,33.725094899999988],[-118.17023060000002,33.725051099999973],[-118.17022800000001,33.725041400000009],[-118.17022409999998,33.725008399999979],[-118.17022150000003,33.724996999999973],[-118.17021699999998,33.724964],[-118.17021440000002,33.724953200000016],[-118.1702118,33.724931000000026],[-118.17020919999999,33.724920199999985],[-118.17020659999997,33.724899600000015],[-118.17020400000001,33.724888299999975],[-118.1702014,33.724866599999984],[-118.1701989,33.724855300000002],[-118.17019629999999,33.724833600000011],[-118.17019370000003,33.724822300000028],[-118.17019110000001,33.72480059999998],[-118.17018849999999,33.724790299999995],[-118.17018589999998,33.724768700000027],[-118.17018330000002,33.724757300000022],[-118.17018200000001,33.724746499999981],[-118.17017879999997,33.724735699999997],[-118.17017750000002,33.724724299999991],[-118.17017490000001,33.724713500000007],[-118.17017229999999,33.724691300000018],[-118.17016969999997,33.724681599999997],[-118.17016840000002,33.724670800000013],[-118.17016580000001,33.724659999999972],[-118.1701645,33.724648600000023],[-118.17016189999998,33.724637799999982],[-118.1701607,33.724626999999998],[-118.17015809999998,33.724615599999993],[-118.17015679999997,33.724604800000009],[-118.17015420000001,33.724594000000025],[-118.17015290000001,33.724583699999982],[-118.17015029999999,33.724572899999998],[-118.17014899999998,33.724561999999992],[-118.17014640000002,33.724550700000009],[-118.17014510000001,33.724539900000025],[-118.1701425,33.724529000000018],[-118.17014119999999,33.724517699999979],[-118.17013539999999,33.724495999999988],[-118.17013409999998,33.724485800000025],[-118.17013150000002,33.724474900000018],[-118.17013020000002,33.724464099999977],[-118.1701276,33.724452799999995],[-118.17012629999999,33.724441899999988],[-118.17012119999998,33.72442030000002],[-118.17011989999997,33.724408900000014],[-118.17011730000002,33.724399199999993],[-118.1701147,33.724388400000009],[-118.17011339999999,33.724377000000004],[-118.17010820000002,33.724355399999979],[-118.17010690000001,33.724343999999974],[-118.17010169999998,33.724323500000025],[-118.17010040000002,33.72431210000002],[-118.17009460000003,33.724290499999995],[-118.17009330000002,33.72427909999999],[-118.17008809999999,33.724257500000022],[-118.17008809999999,33.724254200000018],[-118.17008679999998,33.724247699999978],[-118.1700836,33.724234200000012],[-118.17007910000001,33.724214700000005],[-118.1700778,33.724203400000022],[-118.17006739999999,33.724160600000005],[-118.17006609999999,33.724149800000021],[-118.17005840000002,33.72411679999999],[-118.1700558,33.724107100000026],[-118.17005380000001,33.724095700000021],[-118.17004350000002,33.724051900000006],[-118.1700409,33.72404210000002],[-118.1700396,33.72403079999998],[-118.1700318,33.723997800000006],[-118.17002919999999,33.72398800000002],[-118.1700189,33.723944200000005],[-118.17001759999999,33.723932900000023],[-118.17000139999999,33.7238696],[-118.16999099999998,33.723825200000022],[-118.16998840000002,33.723815500000001],[-118.1699807,33.723782500000027],[-118.16997550000002,33.723761400000001],[-118.16996449999999,33.723717500000021],[-118.16996189999998,33.7237078],[-118.16995800000001,33.723696399999994],[-118.16995279999998,33.723674800000026],[-118.16995020000002,33.723665100000005],[-118.16993989999997,33.723620700000026],[-118.16993730000002,33.723611000000005],[-118.1699347,33.723600099999999],[-118.16993079999997,33.723588800000016],[-118.16993079999997,33.723586599999976],[-118.16992759999999,33.723577999999975],[-118.16992499999998,33.723568199999988],[-118.16992240000002,33.723556900000005],[-118.1699198,33.723548199999982],[-118.1699198,33.723545999999999],[-118.16991719999999,33.723535200000015],[-118.16991330000002,33.723524899999973],[-118.16990770000001,33.723501100000021],[-118.16990559999999,33.723491899999999],[-118.16990299999998,33.723482199999978],[-118.16989910000001,33.723471399999994],[-118.16989589999997,33.723457600000017],[-118.16989389999998,33.723449200000005],[-118.16989130000002,33.723439499999984],[-118.16988679999997,33.723428599999977],[-118.1698839,33.723416400000019],[-118.1698816,33.72340650000001],[-118.16987899999998,33.723396700000023],[-118.16987510000001,33.723385399999984],[-118.16987,33.723363699999993],[-118.16986739999999,33.723353400000008],[-118.16986350000002,33.723342600000024],[-118.16985829999999,33.723320399999977],[-118.16985440000002,33.723310700000013],[-118.16984860000002,33.723289099999988],[-118.1698447,33.723278800000003],[-118.16983950000002,33.723257100000012],[-118.16983690000001,33.72324900000001],[-118.16956110000001,33.72324900000001],[-118.16869939999998,33.723246899999992],[-118.16799950000001,33.723239299999989],[-118.16683019999999,33.723251600000026],[-118.16650709999999,33.723254999999995],[-118.16386560000001,33.723254999999995],[-118.16361389999997,33.723255499999993],[-118.16285620000002,33.723257100000012],[-118.16272379999998,33.7232573],[-118.1627196,33.7232573],[-118.16203530000001,33.723258199999975],[-118.16150820000001,33.723259299999995],[-118.16140789999997,33.723259299999995],[-118.15991100000002,33.723262599999998],[-118.15887559999999,33.723262599999998],[-118.15698559999998,33.723262599999998],[-118.15620769999998,33.723262599999998],[-118.15330940000001,33.723262599999998],[-118.1520069,33.723262599999998],[-118.15105790000001,33.723262599999998],[-118.15105790000001,33.723267000000021],[-118.15105790000001,33.723359300000027],[-118.15105790000001,33.723411899999974],[-118.15105790000001,33.723561500000017],[-118.15105790000001,33.724234200000012],[-118.15105790000001,33.737201299999981],[-118.15105790000001,33.738479199999972],[-118.15105790000001,33.739439600000026],[-118.15105790000001,33.742712799999993],[-118.1511026,33.742712799999993],[-118.15111619999999,33.74271379999999],[-118.15116860000001,33.74271379999999],[-118.15118159999997,33.74271490000001],[-118.15124759999998,33.74271490000001],[-118.15126049999998,33.742715999999973],[-118.15136610000002,33.742715999999973],[-118.15137900000002,33.742717099999993],[-118.15166840000001,33.742717099999993],[-118.15168199999999,33.742715999999973],[-118.15178689999999,33.742715999999973],[-118.15180049999998,33.74271490000001],[-118.15186590000002,33.74271490000001],[-118.15187880000002,33.74271379999999],[-118.15193190000002,33.74271379999999],[-118.15194489999999,33.742712799999993],[-118.1519844,33.742712799999993],[-118.1519973,33.742711699999973],[-118.15203680000002,33.742711699999973],[-118.15205040000001,33.742710600000009],[-118.15207629999998,33.742710600000009],[-118.15208990000002,33.742709499999989],[-118.15211579999999,33.742709499999989],[-118.15212939999998,33.742708400000026],[-118.1521553,33.742708400000026],[-118.15216830000003,33.742707300000006],[-118.15219480000002,33.742707300000006],[-118.15220770000002,33.742706300000009],[-118.15223429999998,33.742706300000009],[-118.15224719999998,33.742705199999989],[-118.15227379999999,33.742705199999989],[-118.15228669999999,33.742704100000026],[-118.15230029999998,33.742704100000026],[-118.1523133,33.742703000000006],[-118.1523262,33.742703000000006],[-118.15233979999999,33.742701899999986],[-118.15236570000002,33.742701899999986],[-118.15237930000001,33.742700899999988],[-118.15239229999997,33.742700899999988],[-118.15240519999998,33.742699800000025],[-118.15241880000002,33.742699800000025],[-118.15243179999999,33.742698700000005],[-118.15244469999999,33.742698700000005],[-118.15245829999998,33.742697599999985],[-118.1524713,33.742697599999985],[-118.1524842,33.742696500000022],[-118.15249720000003,33.742696500000022],[-118.15251080000002,33.742695400000002],[-118.15252370000002,33.742695400000002],[-118.15253660000002,33.742694400000005],[-118.15255020000001,33.742694400000005],[-118.15257609999998,33.742691700000023],[-118.15258970000002,33.742691700000023],[-118.15260269999999,33.742690600000003],[-118.15261559999999,33.742690600000003],[-118.15262919999998,33.742689499999983],[-118.1526422,33.742689499999983],[-118.15266739999998,33.7426873],[-118.15268040000001,33.7426873],[-118.15269330000001,33.742686300000003],[-118.15270629999998,33.742686300000003],[-118.15273280000002,33.742684100000019],[-118.15274640000001,33.742684100000019],[-118.15277229999998,33.74268189999998],[-118.15278590000003,33.74268189999998],[-118.15281179999999,33.742679800000019],[-118.15282480000002,33.742679800000019],[-118.15286429999998,33.742676500000016],[-118.15287790000002,33.742676500000016],[-118.15290370000002,33.742674399999999],[-118.15291730000001,33.742674399999999],[-118.15295680000003,33.742671099999995],[-118.15296979999999,33.742671099999995],[-118.15302220000001,33.742666799999995],[-118.15303519999998,33.742666799999995],[-118.15308829999998,33.742662499999994],[-118.15310119999998,33.742662499999994],[-118.15319190000002,33.742654300000027],[-118.15320550000001,33.742654300000027],[-118.15361200000001,33.742620299999999],[-118.15362499999998,33.742618100000016],[-118.1537027,33.742611599999975],[-118.1537156,33.742609399999992],[-118.15376809999998,33.742605099999992],[-118.15378170000002,33.742602999999974],[-118.15383409999998,33.742598600000008],[-118.15384710000001,33.742596499999991],[-118.15388530000001,33.742593199999988],[-118.1538989,33.742591100000027],[-118.15393769999997,33.742587300000025],[-118.15395130000002,33.742585099999985],[-118.15397719999999,33.742582900000002],[-118.15399079999997,33.742580799999985],[-118.15401539999999,33.742578600000002],[-118.15402899999998,33.742576499999984],[-118.15405490000001,33.742574300000001],[-118.15406849999999,33.742572100000018],[-118.15409440000002,33.742570000000001],[-118.15410800000001,33.742567800000018],[-118.15413389999998,33.742565599999978],[-118.15414750000002,33.742563500000017],[-118.15415910000002,33.742562399999997],[-118.15417209999998,33.742560200000014],[-118.15419859999997,33.742558099999997],[-118.1542116,33.742555400000015],[-118.1542245,33.742554299999995],[-118.15423809999999,33.742552100000012],[-118.15425110000001,33.742550999999992],[-118.15426400000001,33.742548899999974],[-118.1542776,33.742547800000011],[-118.15428930000002,33.742545600000028],[-118.15430220000002,33.742544500000008],[-118.15431580000001,33.742542399999991],[-118.15434169999997,33.742540200000008],[-118.15435530000002,33.742538000000025],[-118.15436829999999,33.742537000000027],[-118.15439479999998,33.742532600000004],[-118.15440649999999,33.742531600000007],[-118.15441939999999,33.742529400000024],[-118.15443299999998,33.742528300000004],[-118.15444600000001,33.742526100000021],[-118.15445890000001,33.742525100000023],[-118.1544725,33.742522899999983],[-118.1544854,33.74252180000002],[-118.15449840000002,33.742519700000003],[-118.15451009999998,33.742517000000021],[-118.1545236,33.742515900000001],[-118.15453659999997,33.742513700000018],[-118.15454949999997,33.742512599999998],[-118.15457609999999,33.742508299999997],[-118.15458899999999,33.742507199999977],[-118.15460259999998,33.742505100000017],[-118.15461429999999,33.742503999999997],[-118.15464079999998,33.742499599999974],[-118.15465380000001,33.742498599999976],[-118.15467969999997,33.74249420000001],[-118.15469330000002,33.742493200000013],[-118.15470490000001,33.742490999999973],[-118.15473150000003,33.742486699999972],[-118.15474440000003,33.742484999999988],[-118.15477099999998,33.742480699999987],[-118.15478389999998,33.742479600000024],[-118.1547956,33.742477500000007],[-118.15482209999999,33.742473099999984],[-118.15483510000001,33.742472099999986],[-118.1548616,33.74246770000002],[-118.15487330000002,33.742465600000003],[-118.15488690000001,33.742464499999983],[-118.15493930000002,33.742455800000016],[-118.15495099999998,33.742454800000019],[-118.15501699999999,33.742443400000013],[-118.1550287,33.742441199999973],[-118.1550416,33.74244010000001],[-118.15509470000001,33.742431500000009],[-118.1551063,33.742429300000026],[-118.15514580000001,33.742422799999986],[-118.15515879999998,33.742421799999988],[-118.15517039999997,33.742419600000005],[-118.15524809999999,33.742406099999982],[-118.1553012,33.742397400000016],[-118.15531290000001,33.742395299999998],[-118.15535240000003,33.742388800000015],[-118.15536400000002,33.742386599999975],[-118.15541710000002,33.742377400000009],[-118.15542879999998,33.742374199999972],[-118.1554812,33.742365500000005],[-118.15549290000001,33.742363300000022],[-118.15553240000003,33.742356900000004],[-118.15554470000001,33.742354700000021],[-118.15555760000001,33.742351400000018],[-118.15562169999998,33.742340099999979],[-118.15563529999997,33.742336799999975],[-118.1556483,33.742334700000015],[-118.15565989999999,33.742332499999975],[-118.1556865,33.742328199999974],[-118.1556994,33.742324900000028],[-118.1557512,33.742315700000006],[-118.15576279999999,33.742312500000025],[-118.1557894,33.742308200000025],[-118.1558023,33.742304900000022],[-118.15581400000002,33.742302800000004],[-118.15584050000001,33.742298399999981],[-118.15585220000003,33.742295200000001],[-118.15587870000002,33.7422909],[-118.15589169999998,33.742287599999997],[-118.15590329999998,33.74228549999998],[-118.15591690000002,33.742283299999997],[-118.15592989999999,33.742279999999994],[-118.15594279999999,33.742277300000012],[-118.15595450000001,33.742275199999995],[-118.1559681,33.742271899999992],[-118.155981,33.742269799999974],[-118.15599270000001,33.742267599999991],[-118.1560063,33.74226440000001],[-118.1560192,33.742262200000027],[-118.15603220000003,33.74225899999999],[-118.15605740000001,33.742254600000024],[-118.15607039999998,33.742251399999986],[-118.15608270000001,33.742249200000003],[-118.15609560000001,33.742245400000002],[-118.15610859999998,33.742243299999984],[-118.15612090000002,33.742241100000001],[-118.15613380000002,33.742237900000021],[-118.15614679999999,33.742235699999981],[-118.15616039999998,33.742232399999978],[-118.15617200000003,33.742230300000017],[-118.15618499999999,33.742227000000014],[-118.1561979,33.742224899999997],[-118.15621019999998,33.742221599999993],[-118.1562232,33.742219499999976],[-118.1562361,33.742216199999973],[-118.15624839999998,33.742214100000012],[-118.15626140000001,33.742210300000011],[-118.15627430000001,33.742208100000028],[-118.15628659999999,33.74220489999999],[-118.15629960000001,33.742202700000007],[-118.15631250000001,33.742199500000027],[-118.15632419999997,33.742197299999987],[-118.15633780000002,33.742193999999984],[-118.15635070000002,33.742191900000023],[-118.15636239999998,33.74218860000002],[-118.15637600000002,33.742185399999983],[-118.15638890000002,33.742183199999999],[-118.15640059999998,33.742180000000019],[-118.15641419999997,33.742177799999979],[-118.15642709999997,33.742173999999977],[-118.15643879999999,33.742170799999997],[-118.15645239999998,33.742168600000014],[-118.15646529999998,33.742165399999976],[-118.156477,33.742163199999993],[-118.15650349999999,33.74215670000001],[-118.1565152,33.742154599999992],[-118.15654169999999,33.742148100000009],[-118.15655340000001,33.742145900000025],[-118.15656630000001,33.742142699999988],[-118.15657859999999,33.742138899999986],[-118.15659160000001,33.742136700000003],[-118.15660450000001,33.742133500000023],[-118.15661679999999,33.74213020000002],[-118.15662980000002,33.742128100000002],[-118.15664270000002,33.742124799999999],[-118.15665439999998,33.742121600000019],[-118.15666800000002,33.742118300000016],[-118.15667960000002,33.742116199999998],[-118.15670619999997,33.742109700000015],[-118.15671780000002,33.742105900000013],[-118.15673079999999,33.742103699999973],[-118.15674439999998,33.742100499999992],[-118.15675599999997,33.742097199999989],[-118.156769,33.742094000000009],[-118.15678129999998,33.742091800000026],[-118.15683239999998,33.742078800000002],[-118.1568441,33.742075100000022],[-118.156857,33.742072899999982],[-118.15687059999999,33.742069599999979],[-118.15688230000001,33.742066399999999],[-118.15692050000001,33.742056699999978],[-118.15693210000001,33.742054499999995],[-118.15695870000002,33.742048000000011],[-118.15697030000001,33.742044799999974],[-118.15698329999998,33.742041500000028],[-118.15699560000002,33.742037700000026],[-118.15700850000002,33.742034499999988],[-118.15702019999998,33.742031199999985],[-118.15704670000002,33.742024700000002],[-118.15705839999998,33.742021500000021],[-118.15707200000003,33.742019299999981],[-118.15708360000002,33.742016100000001],[-118.15712180000003,33.74200639999998],[-118.15713349999999,33.742002599999978],[-118.15715999999998,33.741996099999994],[-118.15717169999999,33.741992799999991],[-118.1572099,33.741983100000027],[-118.15722149999999,33.74197989999999],[-118.15723509999998,33.741976599999987],[-118.1572468,33.741973400000006],[-118.1572597,33.741969600000004],[-118.15727199999998,33.741966300000001],[-118.157285,33.741963100000021],[-118.1572966,33.74195880000002],[-118.1573348,33.741948999999977],[-118.15734650000002,33.741945799999996],[-118.15736010000001,33.741942499999993],[-118.1573717,33.741939300000013],[-118.15738470000002,33.74193600000001],[-118.157397,33.741932299999974],[-118.1574099,33.741929000000027],[-118.15742160000002,33.741924700000027],[-118.15743520000001,33.741921400000024],[-118.15747140000002,33.741911700000003],[-118.15748500000001,33.741908500000022],[-118.15749670000002,33.741905200000019],[-118.15750960000003,33.741900299999998],[-118.15753489999997,33.74189389999998],[-118.15754659999999,33.741890599999977],[-118.15756010000001,33.741887399999996],[-118.15757180000003,33.741882999999973],[-118.1575848,33.741879799999992],[-118.15759639999999,33.741876499999989],[-118.15760999999998,33.741873300000009],[-118.15762169999999,33.741870100000028],[-118.15763459999999,33.741865200000007],[-118.15764689999997,33.741861900000004],[-118.1576599,33.741858700000023],[-118.15767149999999,33.741855499999986],[-118.15768379999997,33.741851100000019],[-118.1576968,33.741847899999982],[-118.15770839999999,33.741844599999979],[-118.15772199999998,33.741840299999978],[-118.15773369999999,33.741837099999998],[-118.15775830000001,33.741829999999993],[-118.1577719,33.741825699999993],[-118.15779520000001,33.741819200000009],[-118.1578088,33.741814900000008],[-118.15782039999999,33.741811600000005],[-118.15783340000002,33.741808400000025],[-118.1578457,33.741804100000024],[-118.1578586,33.741800800000021],[-118.15787030000001,33.741796000000022],[-118.15788190000001,33.741792700000019],[-118.1578955,33.741789499999982],[-118.15790720000001,33.741785100000016],[-118.15792010000001,33.741781899999978],[-118.15793239999999,33.741778599999975],[-118.15794410000001,33.741774299999975],[-118.15795700000001,33.741771099999994],[-118.15796870000003,33.741766700000028],[-118.15798230000001,33.741762999999992],[-118.15799390000001,33.741758600000026],[-118.15800560000002,33.741755399999988],[-118.15801920000001,33.741752099999985],[-118.15803080000001,33.741747799999985],[-118.15804379999997,33.741744600000004],[-118.15805610000001,33.741740199999981],[-118.1580677,33.741737000000001],[-118.15808070000003,33.7417327],[-118.15809300000001,33.741728899999998],[-118.1581046,33.741724599999998],[-118.15811760000003,33.741721299999995],[-118.15812920000002,33.741716999999994],[-118.15814280000001,33.741713699999991],[-118.15815450000002,33.741709399999991],[-118.15816619999998,33.74170620000001],[-118.15817970000001,33.741701799999987],[-118.15819140000002,33.741698600000007],[-118.15820309999998,33.741694300000006],[-118.15821670000003,33.741690500000004],[-118.15823999999998,33.741681799999981],[-118.15825289999998,33.7416786],[-118.15826520000002,33.7416743],[-118.15827689999998,33.741670999999997],[-118.15828979999998,33.741666699999996],[-118.15830210000001,33.741663399999993],[-118.15831379999997,33.741658599999994],[-118.15832669999998,33.741654200000028],[-118.15833900000001,33.74165099999999],[-118.15835070000003,33.74164669999999],[-118.15836359999997,33.741642300000024],[-118.15837529999999,33.741639099999986],[-118.15838760000003,33.741634799999986],[-118.15840050000003,33.741631499999983],[-118.15842450000002,33.741622300000017],[-118.15843740000003,33.74161909999998],[-118.15846140000002,33.741610400000013],[-118.15847300000001,33.741607199999976],[-118.15848599999998,33.741602899999975],[-118.15850990000001,33.74159370000001],[-118.15852289999998,33.741590400000007],[-118.15854680000001,33.741581800000006],[-118.15855850000003,33.741578500000003],[-118.15857149999999,33.741574200000002],[-118.15859540000002,33.741565499999979],[-118.15860839999999,33.741562299999998],[-118.15864399999998,33.741548799999975],[-118.15865689999998,33.741544400000009],[-118.15866920000002,33.741541199999972],[-118.15869249999997,33.741532500000005],[-118.15870610000002,33.741528200000005],[-118.15871779999998,33.741523299999983],[-118.15872940000003,33.741520100000002],[-118.15874109999999,33.741515800000002],[-118.15875469999997,33.741511399999979],[-118.15879030000002,33.741498499999977],[-118.15880190000001,33.741495199999974],[-118.15885050000003,33.741477400000008],[-118.15886339999997,33.741472999999985],[-118.15889909999999,33.741460099999983],[-118.15891069999998,33.74145679999998],[-118.15898320000002,33.74143029999999],[-118.15899680000001,33.74142599999999],[-118.15904410000002,33.741408100000001],[-118.15905700000002,33.741403800000001],[-118.1590855,33.741393500000015],[-118.159087,33.741392899999994],[-118.15911590000002,33.741381600000011],[-118.15912049999997,33.741380499999991],[-118.15912830000002,33.741377300000011],[-118.15914120000002,33.74137300000001],[-118.15920010000002,33.741350800000021],[-118.1592124,33.7413454],[-118.15922540000003,33.7413411],[-118.1593082,33.741310199999987],[-118.15932120000002,33.741304800000023],[-118.1593924,33.741278299999976],[-118.15940410000002,33.741272900000013],[-118.15945199999999,33.741255599999988],[-118.15946489999999,33.741249700000026],[-118.15950049999998,33.741236700000002],[-118.15951219999999,33.741231299999981],[-118.15954779999998,33.741218300000014],[-118.15955939999998,33.741212299999972],[-118.15959509999999,33.741199400000028],[-118.15960669999998,33.741193899999985],[-118.15963069999998,33.741185299999984],[-118.15964229999997,33.741179299999999],[-118.15966630000003,33.741170699999998],[-118.15967790000002,33.741165299999977],[-118.15970190000002,33.741156600000011],[-118.15971350000001,33.74115119999999],[-118.15973750000001,33.741142000000025],[-118.1597491,33.741136600000004],[-118.15977249999997,33.741128000000003],[-118.15978480000001,33.741122500000017],[-118.15980810000002,33.741113299999995],[-118.1598204,33.741107899999975],[-118.15983199999999,33.741103599999974],[-118.15984370000001,33.74109820000001],[-118.1598553,33.74109390000001],[-118.15986759999998,33.741088499999989],[-118.15989089999999,33.741079800000023],[-118.15990319999997,33.741073900000004],[-118.15991489999999,33.741069499999981],[-118.15992649999998,33.741064100000017],[-118.1599382,33.741059800000016],[-118.15995049999998,33.741054399999996],[-118.1599622,33.741050099999995],[-118.15997379999999,33.741044699999975],[-118.15998610000003,33.74103980000001],[-118.15999779999999,33.74103439999999],[-118.16000939999998,33.741030099999989],[-118.16001979999999,33.741024600000003],[-118.16003210000002,33.741020300000002],[-118.16004370000002,33.741014899999982],[-118.16005539999998,33.741010000000017],[-118.16006770000001,33.741004599999997],[-118.16007930000001,33.741000299999996],[-118.16009100000002,33.740994899999976],[-118.16010269999998,33.740990599999975],[-118.16012660000001,33.740979700000025],[-118.16013830000003,33.740975400000025],[-118.1601493,33.740969500000006],[-118.16016089999999,33.740965099999983],[-118.16017260000001,33.740959700000019],[-118.1601842,33.740955400000018],[-118.1602082,33.740944599999978],[-118.16021979999999,33.740940299999977],[-118.16023209999997,33.740934299999992],[-118.16024249999998,33.740929999999992],[-118.16026579999999,33.740919200000008],[-118.16027810000003,33.740914799999985],[-118.16030139999998,33.740903500000002],[-118.16031370000002,33.740899200000001],[-118.16032410000003,33.740893700000015],[-118.16033570000002,33.740888299999995],[-118.16034739999998,33.740883999999994],[-118.16037130000001,33.740872700000011],[-118.16038300000002,33.740868299999988],[-118.160394,33.740862900000025],[-118.16041730000001,33.740852099999984],[-118.16042900000002,33.740847799999983],[-118.1604529,33.740836999999999],[-118.1604633,33.740831000000014],[-118.1604749,33.740826700000014],[-118.16051049999999,33.740810399999987],[-118.16052150000002,33.740806099999986],[-118.16055649999998,33.740789399999983],[-118.16056750000001,33.740785000000017],[-118.1606031,33.740768300000013],[-118.16061350000001,33.740762800000027],[-118.1606251,33.740757400000007],[-118.16063680000002,33.740753100000006],[-118.16066069999999,33.740742300000022],[-118.1606711,33.740736900000002],[-118.1606951,33.740725499999996],[-118.16070539999998,33.740720099999976],[-118.1607171,33.740715799999975],[-118.16074099999997,33.740704999999991],[-118.16075139999998,33.740699600000028],[-118.16078700000003,33.740682800000002],[-118.16079739999998,33.740677399999981],[-118.16082130000001,33.740665999999976],[-118.16083170000002,33.740661699999976],[-118.16085559999999,33.740650899999991],[-118.160866,33.740645500000028],[-118.16088989999997,33.740634699999987],[-118.16090029999998,33.740628700000002],[-118.16092359999999,33.740617900000018],[-118.16093460000002,33.740612499999997],[-118.16095790000003,33.740601700000013],[-118.16096829999998,33.740596299999993],[-118.16099220000001,33.740584899999988],[-118.16100260000002,33.740579500000024],[-118.16102460000002,33.740569600000015],[-118.16102649999999,33.740568699999983],[-118.16106730000001,33.740547600000014],[-118.16107119999998,33.740545399999974],[-118.1610829,33.74054000000001],[-118.16111719999998,33.740523199999984],[-118.16112750000002,33.740517800000021],[-118.16113990000002,33.7405124],[-118.16115020000001,33.74050699999998],[-118.16116190000002,33.740501600000016],[-118.16118449999999,33.740489200000013],[-118.16119620000001,33.740483700000027],[-118.16120649999999,33.740478300000007],[-118.16123049999999,33.740467500000022],[-118.16125249999999,33.740456199999983],[-118.16126350000002,33.740449699999999],[-118.16127660000001,33.740443599999992],[-118.16128550000002,33.740438900000015],[-118.16129100000001,33.740436299999999],[-118.16129719999998,33.740433399999972],[-118.16130820000001,33.740428000000009],[-118.1613198,33.740421000000026],[-118.16135420000001,33.740404800000022],[-118.16136449999999,33.740399400000001],[-118.16137620000001,33.740392299999996],[-118.16138719999998,33.740386899999976],[-118.16139879999997,33.740381500000012],[-118.1614318,33.740364199999988],[-118.16144350000002,33.740358800000024],[-118.16145390000003,33.740352900000005],[-118.16147649999999,33.740341000000001],[-118.16148820000001,33.740335500000015],[-118.16151079999997,33.740323600000011],[-118.16152119999998,33.740317699999991],[-118.16153279999997,33.740312300000028],[-118.16154319999998,33.740305799999987],[-118.16155550000002,33.740300400000024],[-118.16156590000003,33.740295000000003],[-118.16157620000001,33.740287899999998],[-118.16158789999997,33.740282499999978],[-118.1615989,33.740277100000014],[-118.16161049999999,33.740270599999974],[-118.1616209,33.74026520000001],[-118.16163319999998,33.74025979999999],[-118.16164359999999,33.740252800000007],[-118.16165519999998,33.740247399999987],[-118.16166620000001,33.740240900000003],[-118.16167660000002,33.740235499999983],[-118.16168820000001,33.740230100000019],[-118.1616947,33.740225699999996],[-118.16172110000002,33.740226699999994],[-118.16173750000002,33.740163900000027],[-118.16182040000001,33.739975300000026],[-118.16193170000003,33.739972599999987],[-118.1620436,33.739989999999977],[-118.16204740000001,33.739987799999994],[-118.16207329999997,33.739974800000027],[-118.162083,33.739970500000027],[-118.1620934,33.739965100000006],[-118.1621141,33.739951599999984],[-118.16212639999998,33.73994620000002],[-118.16214710000003,33.739933199999996],[-118.16215749999998,33.739927200000011],[-118.16216980000002,33.739920700000027],[-118.16218020000002,33.739914199999987],[-118.16219050000001,33.739908800000023],[-118.16220090000002,33.739902299999983],[-118.1622132,33.739895900000022],[-118.16222349999998,33.73988989999998],[-118.16223389999999,33.739883399999997],[-118.16223650000001,33.739882299999977],[-118.16225530000003,33.739870399999973],[-118.16226690000002,33.739865000000009],[-118.1622883,33.739851499999986],[-118.16229859999999,33.739846100000022],[-118.16230519999999,33.73984200000001],[-118.16230899999999,33.739839599999982],[-118.16231809999999,33.739834200000018],[-118.16232129999997,33.739833099999998],[-118.16233169999998,33.739826600000015],[-118.16234200000002,33.739820699999996],[-118.16237369999999,33.739801199999988],[-118.16239580000001,33.739788799999985],[-118.1624218,33.739772800000026],[-118.16242749999998,33.739769299999978],[-118.1624314,33.739767099999995],[-118.16243780000002,33.739762799999994],[-118.16244699999999,33.739757800000007],[-118.16246050000001,33.739750399999991],[-118.16250259999998,33.7397244],[-118.16251290000002,33.739718400000015],[-118.16254470000001,33.739698999999973],[-118.16255630000001,33.73969249999999],[-118.16258809999999,33.739672499999983],[-118.16259839999998,33.73966710000002],[-118.16274600000003,33.739574600000026],[-118.16275769999999,33.739568099999985],[-118.16282109999997,33.739528600000028],[-118.16283019999997,33.739522099999988],[-118.16296679999999,33.739436099999978],[-118.1629772,33.739428499999974],[-118.16300890000002,33.739408500000025],[-118.16301800000002,33.739401999999984],[-118.16304969999999,33.739382499999977],[-118.16305999999997,33.739374399999974],[-118.1631021,33.739348500000006],[-118.16312219999998,33.73933390000002],[-118.16317459999999,33.739300899999989],[-118.16318369999999,33.739293299999986],[-118.16321540000001,33.739273299999979],[-118.16322580000002,33.739265699999976],[-118.16323679999999,33.739259199999992],[-118.16324589999999,33.739252700000009],[-118.16325619999998,33.739246200000025],[-118.16326720000001,33.739238699999987],[-118.1632879,33.739225099999999],[-118.16330799999997,33.739211099999977],[-118.16332870000002,33.739197600000011],[-118.16334810000001,33.739183500000024],[-118.16336949999999,33.739170000000001],[-118.16338889999997,33.739155900000014],[-118.1633999,33.739149399999974],[-118.16341030000001,33.739141800000027],[-118.16342070000002,33.739134799999988],[-118.16344070000002,33.739120700000001],[-118.16345109999997,33.739114299999983],[-118.16347050000002,33.739099599999975],[-118.16348149999999,33.739093200000013],[-118.16350089999997,33.739079100000026],[-118.16351129999998,33.739072599999986],[-118.16353140000001,33.739058],[-118.1635417,33.739051500000016],[-118.16357219999998,33.739029300000027],[-118.16358250000002,33.739022799999987],[-118.16359160000002,33.739015300000005],[-118.163613,33.739001700000017],[-118.16362199999998,33.738994199999979],[-118.16363239999998,33.738987699999996],[-118.1636628,33.738966000000005],[-118.16367320000001,33.738959000000023],[-118.16368290000003,33.738951400000019],[-118.16369320000001,33.738945000000001],[-118.16370230000001,33.738937399999998],[-118.16371270000002,33.738930299999993],[-118.16376320000001,33.738894099999982],[-118.16377349999999,33.738887599999998],[-118.16378259999999,33.738879999999995],[-118.16379289999998,33.738873599999977],[-118.16380199999998,33.738865999999973],[-118.163813,33.738858900000025],[-118.1638221,33.738851399999987],[-118.16383239999999,33.738844900000004],[-118.16384149999999,33.7388373],[-118.16385250000002,33.738830800000017],[-118.16386290000003,33.738822700000014],[-118.1638719,33.738815100000011],[-118.16388230000001,33.738808600000027],[-118.16389199999998,33.738801099999989],[-118.16390239999998,33.738793999999984],[-118.16391140000002,33.738786500000003],[-118.16396129999998,33.738750200000027],[-118.163971,33.738742699999989],[-118.16398129999999,33.738736200000005],[-118.16399039999999,33.738728600000002],[-118.1640208,33.738706400000012],[-118.1640299,33.738698800000009],[-118.16404030000001,33.738692300000025],[-118.16405900000001,33.738676699999985],[-118.16406940000002,33.738670200000001],[-118.16407850000002,33.738662599999998],[-118.16410889999997,33.738640400000008],[-118.16411799999997,33.738632800000005],[-118.16413799999998,33.738618200000019],[-118.16414709999998,33.738610699999981],[-118.16416650000002,33.738596599999994],[-118.16417619999999,33.73858899999999],[-118.16420599999998,33.738566900000023],[-118.1642248,33.738551200000018],[-118.16424419999998,33.738537099999974],[-118.16425390000001,33.738529500000027],[-118.16426430000001,33.738521999999989],[-118.16427329999999,33.738513800000021],[-118.1642928,33.7384998],[-118.1643115,33.738484599999992],[-118.164331,33.738470000000007],[-118.16431360000001,33.738472899999977]]]},"properties":{"OBJECTID":311,"OBJL":"4","THEMELAYER":null,"INFORM":"33 CFR 110.214","OBJNAM":null,"SHAPE.AREA":0.00031043176179000001,"SHAPE.LEN":0.069799377796729706}},{"type":"Feature","id":310,"geometry":{"type":"Polygon","coordinates":[[[-118.26826879999999,33.730924500000015],[-118.2682532,33.730655099999979],[-118.26825839999998,33.730614500000001],[-118.268261,33.730494399999998],[-118.26829140000001,33.730350499999986],[-118.26831540000001,33.730207699999994],[-118.26831129999999,33.730202399999996],[-118.26829290000001,33.730178299999977],[-118.2682901,33.73017470000002],[-118.26828870000003,33.730174999999974],[-118.26808879999999,33.730215299999998],[-118.26808879999999,33.730205399999988],[-118.26808879999999,33.730157399999996],[-118.26807939999998,33.730160300000023],[-118.26807839999998,33.730160599999977],[-118.2680072,33.730176900000004],[-118.2679311,33.730193999999983],[-118.2677559,33.730233300000009],[-118.26771780000001,33.730241799999988],[-118.26769139999999,33.730159500000013],[-118.26766320000002,33.730071800000019],[-118.26765560000001,33.730048099999976],[-118.26783419999998,33.730004500000007],[-118.26789259999998,33.729990199999975],[-118.2681321,33.729930700000011],[-118.26812699999999,33.729860400000007],[-118.26816350000001,33.729811900000016],[-118.2681652,33.72980960000001],[-118.26821519999999,33.729794099999992],[-118.26835160000002,33.729751700000008],[-118.26835490000002,33.729664599999978],[-118.26830890000002,33.729623500000002],[-118.26822659999999,33.729642800000022],[-118.26803740000003,33.729687300000023],[-118.26802140000001,33.729691100000025],[-118.26800700000001,33.729696999999987],[-118.26797590000001,33.729709599999978],[-118.26776369999999,33.729795500000023],[-118.26760189999999,33.729854999999986],[-118.26750090000002,33.729851800000006],[-118.26748880000002,33.729842799999972],[-118.26745039999997,33.729814400000009],[-118.2672283,33.729873399999974],[-118.26721670000001,33.729876600000011],[-118.26699760000002,33.729935300000022],[-118.26568220000001,33.730287799999985],[-118.26554040000002,33.730326199999979],[-118.26551849999998,33.730310900000006],[-118.26548539999999,33.730287799999985],[-118.26549840000001,33.730253000000005],[-118.26550220000001,33.730242900000007],[-118.26696229999999,33.729845800000021],[-118.2670814,33.729813400000012],[-118.26737859999997,33.729732599999977],[-118.26740569999998,33.729725200000019],[-118.26740469999999,33.729719100000011],[-118.26740050000001,33.729692199999988],[-118.26739409999999,33.729694300000006],[-118.2657178,33.730154200000015],[-118.26553009999998,33.730219599999998],[-118.26543129999999,33.730238400000019],[-118.26535949999999,33.730252099999973],[-118.26507470000001,33.730306499999983],[-118.26486210000002,33.730347100000017],[-118.26444429999998,33.730426799999975],[-118.26427630000001,33.730445799999984],[-118.26429619999999,33.730496700000003],[-118.26431769999999,33.73055149999999],[-118.2643066,33.730554700000027],[-118.26410609999999,33.730612500000007],[-118.26272239999997,33.731011299999977],[-118.2627215,33.73101250000002],[-118.2627061,33.731033099999991],[-118.26269450000001,33.731048600000008],[-118.26272899999998,33.731108800000015],[-118.26273270000002,33.731116799999995],[-118.2627736,33.731204699999978],[-118.26365479999998,33.730953199999988],[-118.26449969999999,33.730990500000019],[-118.26463059999998,33.730992599999979],[-118.26472009999998,33.730930199999989],[-118.26477779999999,33.730840499999999],[-118.26482019999997,33.730816600000026],[-118.26483889999997,33.730805999999973],[-118.26487059999999,33.730810399999996],[-118.26489199999997,33.73082119999998],[-118.26491270000002,33.730844400000024],[-118.26491010000001,33.730903899999987],[-118.26481419999999,33.730954899999972],[-118.26476580000002,33.730980699999975],[-118.26472580000001,33.731073600000002],[-118.2647217,33.731206900000018],[-118.26457859999999,33.731225800000004],[-118.2637823,33.732042700000022],[-118.26372199999997,33.732096200000001],[-118.26372079999999,33.732097300000021],[-118.2637095,33.732109400000013],[-118.26352459999998,33.7323083],[-118.26344949999998,33.73242190000002],[-118.26341580000002,33.732532800000001],[-118.26341300000001,33.732581400000015],[-118.26340809999999,33.732664699999987],[-118.26339840000003,33.732830799999988],[-118.26339840000003,33.733475100000021],[-118.26339840000003,33.733780200000012],[-118.26351469999997,33.733790999999997],[-118.26367040000002,33.733790199999987],[-118.26528789999998,33.733782299999973],[-118.26560649999999,33.733462599999996],[-118.26626299999998,33.732806499999981],[-118.26630640000002,33.732770200000004],[-118.2663038,33.732733999999994],[-118.26630110000002,33.73271729999999],[-118.26620150000002,33.732106900000019],[-118.26610890000001,33.731538999999998],[-118.26648219999998,33.731433200000026],[-118.26673149999999,33.731362300000001],[-118.26684449999999,33.731330200000002],[-118.26790490000002,33.731028900000013],[-118.26796159999998,33.731012599999985],[-118.26826879999999,33.730924500000015]]]},"properties":{"OBJECTID":310,"OBJL":"4","THEMELAYER":null,"INFORM":"33 CFR 110.100","OBJNAM":"Los Angeles and Long Beach Harbor Area A-2","SHAPE.AREA":1.0742009119999999e-05,"SHAPE.LEN":0.025500076215360299}},{"type":"Feature","id":299,"geometry":{"type":"Polygon","coordinates":[[[-118.14856329999998,33.755507399999999],[-118.14856109999999,33.755491600000028],[-118.14854769999999,33.755473999999992],[-118.14854439999999,33.755458299999987],[-118.14855549999999,33.755433299999993],[-118.1485788,33.755424000000005],[-118.14860650000003,33.755430499999989],[-118.14862419999997,33.75538130000001],[-118.1483599,33.755243099999973],[-118.1483096,33.755216800000028],[-118.1483073,33.755215599999985],[-118.1483096,33.755212900000004],[-118.1483187,33.755201999999997],[-118.1483533,33.755160699999976],[-118.14841489999998,33.755190500000026],[-118.14848139999998,33.75522269999999],[-118.14867220000002,33.755315100000018],[-118.14870489999998,33.755283899999995],[-118.14889770000002,33.755284800000027],[-118.14904380000002,33.755361999999991],[-118.14905199999998,33.755395200000009],[-118.14929089999998,33.755381600000021],[-118.14935300000002,33.755378099999973],[-118.1493749,33.755376800000022],[-118.14938280000001,33.755471300000011],[-118.14925779999999,33.755473100000017],[-118.14917939999998,33.755474300000003],[-118.149045,33.755476199999976],[-118.1490392,33.755512300000021],[-118.14893160000003,33.755513300000018],[-118.1489211,33.755554299999972],[-118.14885099999998,33.755591400000014],[-118.14864640000002,33.756246499999975],[-118.14862950000003,33.756288600000005],[-118.14858609999999,33.75644699999998],[-118.1486099,33.756490400000018],[-118.14860709999999,33.756622800000002],[-118.14858980000002,33.75664740000002],[-118.14854120000001,33.756716499999982],[-118.14848929999999,33.756770399999994],[-118.14847309999999,33.75681689999999],[-118.14846679999999,33.756834799999979],[-118.14837260000002,33.757156099999975],[-118.14829709999998,33.757413499999984],[-118.14829020000002,33.757438700000023],[-118.14829020000002,33.757438900000011],[-118.14822850000002,33.757664499999976],[-118.14822329999998,33.757683400000019],[-118.14821310000002,33.757720600000027],[-118.14817959999999,33.75784329999999],[-118.14825430000002,33.757854000000009],[-118.14835820000002,33.757896599999981],[-118.14843839999997,33.757910299999992],[-118.14851859999999,33.757927100000018],[-118.1486759,33.757965800000022],[-118.14874579999997,33.757979999999975],[-118.14936449999999,33.758105199999989],[-118.14990280000001,33.758256099999983],[-118.15071399999999,33.758483599999977],[-118.15086839999998,33.75854529999998],[-118.15105790000001,33.758617800000025],[-118.15105790000001,33.758492799999999],[-118.15105790000001,33.757763300000022],[-118.15105790000001,33.757752499999981],[-118.15105790000001,33.757493399999987],[-118.15105790000001,33.757394799999986],[-118.15105790000001,33.757380599999976],[-118.15105790000001,33.757369299999993],[-118.15105829999999,33.756590300000028],[-118.15105829999999,33.756567099999984],[-118.15105790000001,33.754935400000022],[-118.15105790000001,33.754917200000023],[-118.15105790000001,33.754912900000022],[-118.15105790000001,33.754612399999985],[-118.15105790000001,33.754611199999999],[-118.15105790000001,33.754606000000024],[-118.15105790000001,33.754600499999981],[-118.15105790000001,33.753183799999988],[-118.15105790000001,33.753182400000014],[-118.15105790000001,33.752770100000021],[-118.15105790000001,33.752762700000005],[-118.15105790000001,33.749304199999983],[-118.15105790000001,33.749304100000018],[-118.15105790000001,33.749248299999977],[-118.15105790000001,33.748618099999987],[-118.15105569999997,33.748618099999987],[-118.15020299999998,33.748315900000023],[-118.14950249999998,33.748054700000012],[-118.14931330000002,33.747984200000019],[-118.14928400000002,33.747973300000012],[-118.14920840000002,33.747945099999981],[-118.14911000000001,33.747908499999994],[-118.14907549999998,33.747895700000015],[-118.14733990000002,33.747250099999974],[-118.14651359999999,33.746937699999989],[-118.14611669999999,33.746787600000005],[-118.13693110000003,33.743360300000006],[-118.13688509999997,33.743336499999998],[-118.13085419999999,33.741092900000012],[-118.12789070000002,33.739976000000013],[-118.125811,33.739198600000009],[-118.12578789999998,33.739190000000008],[-118.12537579999997,33.739045299999987],[-118.12525299999999,33.738977599999998],[-118.12521720000001,33.738959399999999],[-118.12454270000001,33.738616799999988],[-118.12399240000002,33.73833350000001],[-118.12299510000003,33.737819999999999],[-118.12297749999999,33.737810899999999],[-118.12264640000001,33.737644100000011],[-118.12225860000001,33.737448700000016],[-118.1221372,33.737371300000007],[-118.12207389999998,33.737435100000027],[-118.12184250000001,33.737782299999992],[-118.12129570000002,33.738599299999976],[-118.12065619999998,33.7395353],[-118.12065360000003,33.739539200000024],[-118.1203026,33.740069699999992],[-118.12008930000002,33.740392100000008],[-118.11852570000002,33.742754999999988],[-118.1178385,33.743793600000004],[-118.117842,33.743901499999993],[-118.11788739999997,33.744044299999985],[-118.1179502,33.744149300000004],[-118.11793970000002,33.744210500000008],[-118.11795719999998,33.744283399999972],[-118.11803400000002,33.744362099999989],[-118.1183585,33.744621600000016],[-118.11897279999999,33.745099799999991],[-118.11925550000001,33.74530390000001],[-118.1196463,33.745563300000015],[-118.12037930000002,33.746006500000021],[-118.12124130000001,33.746487600000023],[-118.12160770000003,33.746665399999983],[-118.12252910000001,33.747146499999985],[-118.12345749999997,33.747639199999981],[-118.12412060000003,33.747962799999982],[-118.12485349999997,33.74829219999998],[-118.12569459999997,33.748621700000001],[-118.12725010000003,33.749138200000004],[-118.12775879999998,33.749308299999996],[-118.12821760000003,33.749476399999992],[-118.12875300000002,33.749672499999974],[-118.12942959999998,33.749915600000008],[-118.12973199999999,33.750022999999999],[-118.13028389999999,33.75021559999999],[-118.13068079999999,33.750357699999995],[-118.13127800000001,33.750585000000001],[-118.13158049999998,33.750695500000006],[-118.13215500000001,33.750872399999992],[-118.13288180000001,33.751119500000016],[-118.1335196,33.751339700000017],[-118.13416219999999,33.751576499999999],[-118.13474439999999,33.751841800000022],[-118.13488619999998,33.751914600000021],[-118.13542480000001,33.752195400000005],[-118.13589350000001,33.752438499999982],[-118.13623130000002,33.752614100000017],[-118.136394,33.752683499999989],[-118.13680829999998,33.752877399999988],[-118.13682110000002,33.752882999999997],[-118.13729590000003,33.753092100000003],[-118.13754540000002,33.753190000000018],[-118.13818040000001,33.753455299999985],[-118.13870209999999,33.75367940000001],[-118.13927660000002,33.75393200000002],[-118.13975670000002,33.754181500000016],[-118.14024430000001,33.754465700000026],[-118.14067519999998,33.754740400000003],[-118.14107969999998,33.754977199999985],[-118.14152949999999,33.755204499999991],[-118.14180169999997,33.755324499999972],[-118.14213649999999,33.755466500000011],[-118.14242639999998,33.755583699999988],[-118.14282379999997,33.755731400000002],[-118.1434089,33.755959800000028],[-118.14404059999998,33.756223200000022],[-118.144499,33.756418100000019],[-118.14490760000001,33.756616399999984],[-118.14507329999998,33.756696799999986],[-118.14549260000001,33.756873400000018],[-118.14581520000002,33.756987600000002],[-118.14629100000002,33.757158100000026],[-118.14690350000001,33.75738960000001],[-118.14716049999998,33.757499199999984],[-118.14739020000002,33.757592100000011],[-118.14746680000002,33.757622500000025],[-118.14768550000002,33.757694099999981],[-118.14789339999999,33.757767199999989],[-118.1480775,33.757814399999972],[-118.14812419999998,33.757660999999985],[-118.14812430000001,33.757660900000019],[-118.14813299999997,33.757632100000023],[-118.14814239999998,33.757601500000021],[-118.14820600000002,33.75739249999998],[-118.14828440000002,33.757129799999973],[-118.14835740000001,33.756885199999999],[-118.1483776,33.756816500000014],[-118.14841209999997,33.756698900000004],[-118.14838830000002,33.756674299999986],[-118.14837569999997,33.756555999999989],[-118.14838070000002,33.75654830000002],[-118.14845700000001,33.756429500000024],[-118.14849629999998,33.756413099999975],[-118.14853859999999,33.756264699999974],[-118.14877419999999,33.755497600000012],[-118.14870020000001,33.755458200000021],[-118.14868749999999,33.755481499999973],[-118.14867750000002,33.755518499999994],[-118.1486132,33.75555559999998],[-118.14853440000002,33.755591700000025],[-118.14850890000002,33.755586100000016],[-118.1484845,33.755562999999995],[-118.14846790000001,33.755540699999983],[-118.14846569999997,33.755522199999973],[-118.1484671,33.755517699999984],[-118.14847229999998,33.75550179999999],[-118.14848899999998,33.755489800000021],[-118.14851670000002,33.755487899999991],[-118.14853440000002,33.755500900000015],[-118.14854109999999,33.755515699999989],[-118.1485533,33.755515699999989],[-118.14856329999998,33.755507399999999]]]},"properties":{"OBJECTID":299,"OBJL":"4","THEMELAYER":null,"INFORM":"33 CFR 110.214","OBJNAM":"Long Beach Harbor Anchorage  Area P","SHAPE.AREA":0.00030299797720500002,"SHAPE.LEN":0.0932741061665876}},{"type":"Feature","id":296,"geometry":{"type":"Polygon","coordinates":[[[-118.1367917,33.72315279999998],[-118.1367932,33.72315279999998],[-118.13680069999998,33.723152700000014],[-118.13683109999999,33.723152500000026],[-118.13748889999999,33.723147200000028],[-118.13901399999997,33.723148400000014],[-118.14044280000002,33.723149499999977],[-118.1456637,33.723157500000013],[-118.14905920000001,33.723149299999989],[-118.15094979999998,33.7231448],[-118.15101829999998,33.723146699999972],[-118.15105790000001,33.723147700000027],[-118.15105790000001,33.723070399999983],[-118.15105790000001,33.723031600000013],[-118.15105790000001,33.722975200000008],[-118.15105790000001,33.722975000000019],[-118.15105790000001,33.722913300000016],[-118.15105790000001,33.722898999999984],[-118.15105790000001,33.722856799999988],[-118.15105790000001,33.722741199999973],[-118.15105790000001,33.718223200000011],[-118.15105790000001,33.718217100000004],[-118.15105790000001,33.718083299999989],[-118.15105790000001,33.718071399999985],[-118.15105790000001,33.714769699999977],[-118.15105790000001,33.714766300000008],[-118.15105790000001,33.714705700000025],[-118.15105790000001,33.714703100000008],[-118.15105790000001,33.712271299999998],[-118.15105790000001,33.711309799999981],[-118.150555,33.711326199999974],[-118.15003689999998,33.711346600000013],[-118.14973850000001,33.711365399999977],[-118.14913109999998,33.711410699999988],[-118.1491092,33.711414300000001],[-118.1490435,33.711419799999987],[-118.1490215,33.711423500000024],[-118.14895580000001,33.71142900000001],[-118.14893599999999,33.711432600000023],[-118.14889219999998,33.711436300000003],[-118.1488703,33.711439999999982],[-118.1488483,33.711441799999989],[-118.14882640000002,33.711445500000025],[-118.1487826,33.711449099999982],[-118.14876070000003,33.711452800000018],[-118.14873870000002,33.711454600000025],[-118.14871679999999,33.711458300000004],[-118.14867520000001,33.711461999999983],[-118.14865320000001,33.711465599999997],[-118.14863129999998,33.711467500000026],[-118.1486094,33.711471099999983],[-118.14858750000002,33.711473000000012],[-118.14856550000002,33.711476600000026],[-118.14854359999998,33.711478399999976],[-118.1485217,33.711482100000012],[-118.14850200000001,33.711483900000019],[-118.14848000000001,33.711487599999998],[-118.14845810000003,33.711489400000005],[-118.14841430000001,33.71149680000002],[-118.14839239999998,33.711498600000027],[-118.14837039999998,33.711502300000006],[-118.1483485,33.711504100000013],[-118.1483288,33.711507799999993],[-118.14830690000002,33.711511400000006],[-118.14828490000002,33.711513299999979],[-118.14824110000001,33.711520599999972],[-118.14821920000003,33.711522399999978],[-118.1481556,33.711533400000008],[-118.14813370000002,33.711535200000014],[-118.1480679,33.711546199999987],[-118.14804600000002,33.711548100000016],[-118.14802630000003,33.711551699999973],[-118.14796050000001,33.711562700000002],[-118.14793859999997,33.711564599999974],[-118.14791659999997,33.711568199999988],[-118.14789689999998,33.711571900000024],[-118.1477873,33.711590199999989],[-118.14776760000001,33.711591999999996],[-118.14767990000001,33.711606700000004],[-118.1476601,33.711610399999984],[-118.14757250000002,33.711625000000026],[-118.14755270000001,33.711628700000006],[-118.14753080000003,33.711632300000019],[-118.14750889999999,33.711637800000005],[-118.14746719999999,33.711645200000021],[-118.1473795,33.711659800000007],[-118.14733790000003,33.711667200000022],[-118.14731599999999,33.711672700000008],[-118.14723049999998,33.711687299999994],[-118.14720849999998,33.71169279999998],[-118.14718879999998,33.711696500000016],[-118.14714500000002,33.711703800000009],[-118.14712300000002,33.711709299999995],[-118.14710330000003,33.711712999999975],[-118.14708139999999,33.711716599999988],[-118.14705950000001,33.711722099999974],[-118.14701780000001,33.711729400000024],[-118.14699589999998,33.71173490000001],[-118.14695419999998,33.711742300000026],[-118.1469323,33.711747800000012],[-118.14688849999999,33.711755100000005],[-118.14686870000003,33.711760599999991],[-118.14684679999999,33.711764300000027],[-118.14682490000001,33.711769800000013],[-118.14680520000002,33.711773400000027],[-118.14678329999998,33.711778900000013],[-118.14676129999998,33.711782599999992],[-118.14674159999998,33.711788099999978],[-118.14671970000001,33.711791699999992],[-118.14669780000003,33.711797199999978],[-118.14667580000003,33.711800900000014],[-118.14665609999997,33.7118064],[-118.14663419999999,33.71181009999998],[-118.14661230000002,33.711815600000023],[-118.1465925,33.711819199999979],[-118.14657060000002,33.711824700000022],[-118.14654869999998,33.711828400000002],[-118.14652890000002,33.711833899999988],[-118.14650699999999,33.711839399999974],[-118.14648510000001,33.711842999999988],[-118.14646540000001,33.711848499999974],[-118.14644349999998,33.71185220000001],[-118.14642370000001,33.711857699999996],[-118.14640179999998,33.711863199999982],[-118.1463799,33.711866900000018],[-118.14636009999998,33.711872400000004],[-118.1463382,33.711877800000025],[-118.14631630000002,33.711881500000004],[-118.14629660000003,33.71188699999999],[-118.14625269999999,33.711898000000019],[-118.146233,33.711901699999999],[-118.14616940000002,33.711918200000014],[-118.14614749999998,33.711921800000027],[-118.14608609999999,33.711938299999986],[-118.14604229999998,33.711949300000015],[-118.14602250000002,33.711952999999994],[-118.14600059999998,33.71195849999998],[-118.14598089999998,33.711964000000023],[-118.145959,33.711969500000009],[-118.14593919999999,33.711974899999973],[-118.14589539999997,33.711985900000002],[-118.14587569999998,33.711991399999988],[-118.14585369999998,33.711996899999974],[-118.14583399999998,33.712002400000017],[-118.1458121,33.712007900000003],[-118.1457924,33.712013399999989],[-118.1457704,33.712018899999975],[-118.14570909999998,33.712035399999991],[-118.1456652,33.71204640000002],[-118.1456455,33.712051900000006],[-118.14555319999999,33.712053700000013],[-118.1455335,33.712059199999999],[-118.1455115,33.712064699999985],[-118.1454918,33.712070200000028],[-118.14546990000002,33.712077500000021],[-118.14545020000003,33.712083000000007],[-118.14542820000003,33.712088499999993],[-118.14540849999997,33.712093999999979],[-118.14538659999999,33.712099500000022],[-118.1453669,33.712105000000008],[-118.1453449,33.712112300000001],[-118.14530550000001,33.712123299999973],[-118.14528360000003,33.712128800000016],[-118.14526380000001,33.712136100000009],[-118.14524189999997,33.712141599999995],[-118.14522219999998,33.712147099999981],[-118.14520019999998,33.712152600000024],[-118.14518049999998,33.712159900000017],[-118.1451586,33.712165400000004],[-118.14513890000001,33.71217089999999],[-118.14511909999999,33.712178300000005],[-118.14509720000001,33.712183799999991],[-118.14507750000001,33.712189299999977],[-118.14505559999998,33.712196600000027],[-118.14503580000002,33.712202100000013],[-118.14501389999998,33.712207599999999],[-118.14499419999999,33.712214899999992],[-118.14497440000002,33.712220399999978],[-118.14495249999999,33.712227700000028],[-118.14493279999999,33.712233200000014],[-118.14491090000001,33.712240599999973],[-118.1448714,33.712251600000002],[-118.14484950000002,33.712258899999995],[-118.14482980000002,33.712264399999981],[-118.14481000000001,33.712271699999974],[-118.14478810000003,33.712277200000017],[-118.14477890000001,33.712280599999985],[-118.14476839999998,33.71228450000001],[-118.1447465,33.712289999999996],[-118.14472669999998,33.712297400000011],[-118.14470699999998,33.712302899999997],[-118.14469839999998,33.712305800000024],[-118.1446851,33.71231019999999],[-118.14466529999999,33.712317499999983],[-118.14464559999999,33.712323000000026],[-118.14462370000001,33.712330300000019],[-118.14460400000002,33.712335800000005],[-118.1445842,33.712343200000021],[-118.14456230000002,33.712350500000014],[-118.14454260000002,33.712356],[-118.1445228,33.712363299999993],[-118.14450090000003,33.712370599999986],[-118.14448119999997,33.712376099999972],[-118.14444170000002,33.71239079999998],[-118.14441979999998,33.712396300000023],[-118.14438030000002,33.712410900000009],[-118.14435839999999,33.712416399999995],[-118.14429919999998,33.712438399999996],[-118.1442773,33.712443899999982],[-118.14421809999999,33.712465899999984],[-118.14419620000001,33.712473199999977],[-118.14417650000001,33.712480599999992],[-118.1441567,33.712486099999978],[-118.144137,33.712493400000028],[-118.14411510000002,33.712500700000021],[-118.14403620000002,33.712530000000015],[-118.14401420000002,33.712537399999974],[-118.14399450000002,33.712542900000017],[-118.14393530000001,33.712564799999996],[-118.14391339999997,33.712572200000011],[-118.14381470000001,33.712608799999998],[-118.14379280000003,33.712616099999991],[-118.14373360000002,33.712638099999992],[-118.14371390000002,33.712647300000015],[-118.14367440000001,33.712661900000001],[-118.14365249999997,33.712669300000016],[-118.14357360000002,33.71269860000001],[-118.14355389999997,33.71270770000001],[-118.14353849999998,33.712713199999996],[-118.14353410000001,33.712715100000025],[-118.14347500000002,33.712737100000027],[-118.14345520000001,33.712746200000026],[-118.14343330000003,33.712753500000019],[-118.14337410000002,33.712775500000021],[-118.14335440000002,33.712784699999986],[-118.14331490000001,33.712799299999972],[-118.14329520000001,33.712808499999994],[-118.1432557,33.712823200000003],[-118.143236,33.712832300000002],[-118.14319649999999,33.712847000000011],[-118.14317679999999,33.71285610000001],[-118.14313729999998,33.712870800000019],[-118.14311759999998,33.712879999999984],[-118.14309789999999,33.712887299999977],[-118.14307819999999,33.712896399999977],[-118.14303869999998,33.712911099999985],[-118.14301899999998,33.712920300000008],[-118.14299920000002,33.7129276],[-118.14297950000002,33.712936800000023],[-118.14295980000003,33.712944100000016],[-118.14294000000001,33.712953200000015],[-118.1429225,33.712960599999974],[-118.1429028,33.712969699999974],[-118.14288299999998,33.712977099999989],[-118.14286329999999,33.712986199999989],[-118.14284359999999,33.712993499999982],[-118.14280409999998,33.713011900000026],[-118.14278439999998,33.713019200000019],[-118.14276469999999,33.713028399999985],[-118.14274490000003,33.713035699999978],[-118.14272519999997,33.713044799999977],[-118.14270770000002,33.713052199999993],[-118.1426682,33.713070500000015],[-118.14264850000001,33.713077800000008],[-118.14260899999999,33.713096099999973],[-118.1425893,33.713103499999988],[-118.14257170000002,33.713112599999988],[-118.14255200000002,33.71312180000001],[-118.14253230000003,33.713129100000003],[-118.14249280000001,33.713147400000025],[-118.1424753,33.713156599999991],[-118.14245560000001,33.713163899999984],[-118.1423964,33.713191400000028],[-118.14237880000002,33.713198700000021],[-118.14231960000001,33.713226200000008],[-118.14230209999999,33.713235399999974],[-118.1422824,33.713244499999973],[-118.14226259999998,33.713251899999989],[-118.14224289999999,33.713260999999989],[-118.14222539999997,33.713270200000011],[-118.14216620000002,33.713297699999998],[-118.14214859999998,33.713306799999998],[-118.14210919999999,33.713325199999986],[-118.14209160000001,33.713334299999985],[-118.14207190000002,33.713343500000008],[-118.14205220000002,33.713350800000001],[-118.14203459999999,33.713360000000023],[-118.1419952,33.713378299999988],[-118.14197760000002,33.713387399999988],[-118.14193820000003,33.713405799999975],[-118.14192070000001,33.713414899999975],[-118.1419009,33.713425900000004],[-118.1418812,33.713435100000027],[-118.14186369999999,33.713444200000026],[-118.14182419999997,33.713462600000014],[-118.14180670000002,33.713471700000014],[-118.1417869,33.713480899999979],[-118.14176939999999,33.713489999999979],[-118.14172989999997,33.713508400000023],[-118.14171240000002,33.713519399999996],[-118.14169270000002,33.713528499999995],[-118.14167509999999,33.713537700000018],[-118.14165539999999,33.713546800000017],[-118.14163789999998,33.713555999999983],[-118.14161810000002,33.713565200000005],[-118.1416006,33.713576100000012],[-118.14156109999999,33.713594499999999],[-118.14154359999998,33.713603599999999],[-118.14152389999998,33.713614600000028],[-118.1415063,33.713623799999993],[-118.14148660000001,33.713632899999993],[-118.14146899999997,33.713642100000015],[-118.14144929999998,33.713653099999988],[-118.14143180000002,33.71366230000001],[-118.141412,33.71367140000001],[-118.14139449999999,33.713682399999982],[-118.14137699999998,33.713691600000004],[-118.14135720000002,33.713700700000004],[-118.1413397,33.713711699999976],[-118.14132000000001,33.713720899999998],[-118.14130239999997,33.713729999999998],[-118.14128269999998,33.713741000000027],[-118.14126520000002,33.713750199999993],[-118.1412454,33.713759400000015],[-118.14122789999999,33.713770300000022],[-118.1411731,33.713799699999981],[-118.14115340000001,33.713808799999981],[-118.14113579999997,33.71381980000001],[-118.14111830000002,33.713828999999976],[-118.14109860000002,33.713840000000005],[-118.14108099999999,33.713849100000004],[-118.14106349999997,33.713860099999977],[-118.14104379999998,33.713869299999999],[-118.1410262,33.713880300000028],[-118.14100869999999,33.713889400000028],[-118.14098890000002,33.7139004],[-118.14097140000001,33.713909600000022],[-118.1409539,33.713920599999994],[-118.14093409999998,33.713931600000024],[-118.14091660000003,33.713940700000023],[-118.14089910000001,33.713951699999996],[-118.14087929999999,33.713960900000018],[-118.14086179999998,33.71397189999999],[-118.14084430000003,33.71398099999999],[-118.14082450000001,33.713992000000019],[-118.140807,33.714002999999991],[-118.14078949999998,33.714012200000013],[-118.1407719,33.714023199999986],[-118.14075220000001,33.714034200000015],[-118.14073459999997,33.714043300000014],[-118.1406996,33.714065300000016],[-118.14068200000003,33.714074499999981],[-118.14066229999997,33.71408550000001],[-118.14062719999998,33.714107399999989],[-118.14060970000003,33.714116600000011],[-118.14058999999997,33.714127599999983],[-118.14055489999998,33.714149599999985],[-118.14053730000001,33.714158699999984],[-118.1404847,33.714191700000015],[-118.14046500000001,33.71420089999998],[-118.1403598,33.714266800000019],[-118.14034220000002,33.714275999999984],[-118.14032250000002,33.714287000000013],[-118.13990159999997,33.714550799999984],[-118.13986870000002,33.714574599999992],[-118.13978100000003,33.714629600000023],[-118.13974810000002,33.714653399999975],[-118.13969550000002,33.714686400000005],[-118.139678,33.714699199999984],[-118.13966040000003,33.714710200000013],[-118.1396451,33.714721199999985],[-118.13962759999998,33.714732200000014],[-118.13961,33.714744999999994],[-118.13957490000001,33.714766999999995],[-118.13954210000003,33.714790800000003],[-118.13950699999998,33.714812800000004],[-118.13949159999999,33.714825599999983],[-118.13945660000002,33.714847599999985],[-118.13940609999997,33.714884199999972],[-118.13938860000002,33.714895200000001],[-118.13935570000001,33.714919000000009],[-118.1393382,33.714929999999981],[-118.1393228,33.714942899999983],[-118.13928779999998,33.714964800000018],[-118.13927239999998,33.71497770000002],[-118.13925490000003,33.714988699999992],[-118.13920450000001,33.715025299999979],[-118.13918690000003,33.715036300000008],[-118.1391716,33.715049099999987],[-118.13915400000002,33.715060100000017],[-118.13913869999999,33.715072899999996],[-118.13912119999998,33.715083900000025],[-118.13910579999998,33.715096700000004],[-118.13908830000003,33.715107699999976],[-118.13903779999998,33.715144399999986],[-118.13902250000001,33.715157200000021],[-118.139005,33.715168199999994],[-118.1389896,33.715180999999973],[-118.13897209999999,33.715192000000002],[-118.13895669999999,33.715204799999981],[-118.13890629999997,33.715241499999991],[-118.138891,33.715254300000026],[-118.13887340000002,33.715265299999999],[-118.13885809999999,33.715278099999978],[-118.13882519999999,33.715301899999986],[-118.13880990000001,33.715314799999987],[-118.13875940000003,33.715351399999975],[-118.1387287,33.715376999999989],[-118.13871119999999,33.715388000000019],[-118.13869590000002,33.71540090000002],[-118.13867829999998,33.715413699999999],[-118.13866300000001,33.715426499999978],[-118.1386301,33.715450299999986],[-118.13859939999998,33.715476000000024],[-118.13856650000002,33.715499799999975],[-118.13855119999999,33.715512600000011],[-118.13853360000002,33.71552539999999],[-118.13848760000002,33.715563900000006],[-118.13845470000001,33.715587700000015],[-118.13842399999999,33.715613399999995],[-118.13840649999997,33.715626199999974],[-118.13834509999998,33.715677500000027],[-118.13832760000003,33.715690300000006],[-118.13825079999998,33.71575439999998],[-118.13823330000002,33.715767299999982],[-118.13811049999998,33.715869899999973],[-118.13809300000003,33.715882700000009],[-118.13803159999998,33.715934000000004],[-118.1380163,33.71594859999999],[-118.13792419999999,33.716025600000023],[-118.13790879999999,33.716040200000009],[-118.13784750000002,33.716091500000005],[-118.13783430000001,33.716106200000013],[-118.13777290000002,33.716157500000008],[-118.13775759999999,33.716172099999994],[-118.13772690000002,33.716197799999975],[-118.13769839999998,33.716225300000019],[-118.13766770000001,33.716250899999977],[-118.13765239999998,33.716265599999986],[-118.13762170000001,33.716291200000001],[-118.1376085,33.716305900000009],[-118.13757779999997,33.716331500000024],[-118.13753400000002,33.71637370000002],[-118.13750329999999,33.716399299999978],[-118.13749009999998,33.716413999999986],[-118.13747480000001,33.716426800000022],[-118.13745940000001,33.716441400000008],[-118.13744409999998,33.716454300000009],[-118.1374156,33.716481699999974],[-118.1374002,33.716494599999976],[-118.13738710000001,33.716509200000019],[-118.13737170000002,33.716521999999998],[-118.1373279,33.716564199999993],[-118.13731259999997,33.716576999999972],[-118.13729940000002,33.716591699999981],[-118.13728409999999,33.716604500000017],[-118.13727089999998,33.716619100000003],[-118.1372556,33.716632000000004],[-118.13724020000001,33.71664659999999],[-118.1371547,33.716729100000009],[-118.13714160000001,33.716743699999995],[-118.13712620000001,33.716756499999974],[-118.13711310000002,33.716771199999982],[-118.13709770000003,33.716784000000018],[-118.13708459999998,33.716798700000027],[-118.1370407,33.7168408],[-118.13702760000001,33.716855500000008],[-118.13701220000002,33.716868299999987],[-118.13699910000003,33.716882999999996],[-118.13698369999997,33.716895799999975],[-118.13695739999997,33.716925100000026],[-118.13692889999999,33.716952600000013],[-118.1369158,33.716967199999999],[-118.13687190000002,33.717009399999995],[-118.13684560000002,33.717038699999989],[-118.13683029999999,33.717051500000025],[-118.13679080000003,33.717095500000028],[-118.1367755,33.717108300000007],[-118.13674909999997,33.717137600000001],[-118.1367338,33.717152300000009],[-118.13672059999999,33.717166899999995],[-118.1367075,33.717179699999974],[-118.13669429999999,33.717194399999983],[-118.13667900000002,33.717209000000025],[-118.1366395,33.717253000000028],[-118.13662640000001,33.717265800000007],[-118.1366132,33.717280500000015],[-118.13659790000003,33.717295100000001],[-118.13651900000002,33.717383100000006],[-118.13649049999998,33.717410599999994],[-118.13624049999999,33.717689000000007],[-118.1362274,33.717705500000022],[-118.13621640000002,33.717720199999974],[-118.13612440000003,33.717822800000022],[-118.1361134,33.717837400000008],[-118.13610019999999,33.717853900000023],[-118.1360608,33.717897900000025],[-118.13604980000002,33.717912500000011],[-118.13603669999998,33.71792720000002],[-118.13602350000002,33.717943699999978],[-118.13601039999998,33.717958300000021],[-118.1359994,33.717972999999972],[-118.1359731,33.718002300000023],[-118.13596209999997,33.718018799999982],[-118.13592269999998,33.718062700000019],[-118.13592130000001,33.718064700000014],[-118.13591170000001,33.718079199999977],[-118.13590799999997,33.718083299999989],[-118.13589860000002,33.718093899999985],[-118.13588759999999,33.718108500000028],[-118.13587660000002,33.718121399999973],[-118.13587439999998,33.71812319999998],[-118.13586129999999,33.718139699999995],[-118.13585030000002,33.718154299999981],[-118.13582400000001,33.718183699999997],[-118.13581310000001,33.71820009999999],[-118.13579989999999,33.718214799999998],[-118.13578890000002,33.718229500000007],[-118.13577579999998,33.718245899999999],[-118.1357648,33.718260600000008],[-118.13575170000001,33.718275300000016],[-118.1357385,33.718291700000009],[-118.1357276,33.718306400000017],[-118.13571439999998,33.718321100000026],[-118.13570340000001,33.718337500000018],[-118.13569030000002,33.718352200000027],[-118.13567929999999,33.718366899999978],[-118.1356662,33.718383300000028],[-118.13564430000002,33.718412699999988],[-118.13563110000001,33.71842909999998],[-118.13562009999998,33.718443799999989],[-118.13560699999999,33.718460300000004],[-118.13559600000002,33.71847489999999],[-118.13558289999997,33.718489599999998],[-118.1355719,33.718506100000013],[-118.13556089999997,33.718520699999999],[-118.13554779999998,33.718537200000014],[-118.13553680000001,33.718551900000023],[-118.1355259,33.718568399999981],[-118.13551269999999,33.718583000000024],[-118.13550179999999,33.718599499999982],[-118.13549080000001,33.71861419999999],[-118.1354776,33.718628799999976],[-118.13546669999999,33.718645299999991],[-118.13545570000002,33.71866],[-118.13544259999998,33.718676500000015],[-118.1354316,33.718691100000001],[-118.13542059999997,33.718707600000016],[-118.13540970000003,33.718722300000024],[-118.13539650000001,33.718738700000017],[-118.13538560000001,33.718753400000026],[-118.13536360000001,33.718786399999999],[-118.13535050000002,33.718800999999985],[-118.13533949999999,33.7188175],[-118.13532859999998,33.718832200000008],[-118.13531760000001,33.718848700000024],[-118.13530659999998,33.71886330000001],[-118.13529569999997,33.718879800000025],[-118.13528250000002,33.718894499999976],[-118.13526059999998,33.718927399999984],[-118.13524960000001,33.718942099999992],[-118.1352387,33.718958600000008],[-118.13522769999997,33.718973199999994],[-118.13520579999999,33.719006200000024],[-118.13519480000002,33.719020899999975],[-118.13518169999998,33.719037300000025],[-118.1351707,33.719053799999983],[-118.1351598,33.719068499999992],[-118.13514880000002,33.719085000000007],[-118.1351378,33.719099599999993],[-118.13511590000002,33.719132600000023],[-118.13510500000001,33.719147299999975],[-118.13508300000001,33.719180199999983],[-118.1350721,33.719196699999998],[-118.13506330000001,33.719211400000006],[-118.13504139999998,33.71924439999998],[-118.13503040000001,33.719259000000022],[-118.13500850000003,33.719291999999996],[-118.1349975,33.719306599999982],[-118.13496470000001,33.719356100000027],[-118.13495590000002,33.719370799999979],[-118.13491199999999,33.719436700000017],[-118.13490330000002,33.719451400000025],[-118.13487040000001,33.719500799999992],[-118.13486160000002,33.7195155],[-118.13482870000001,33.719564900000023],[-118.13481999999999,33.719581399999981],[-118.13480900000002,33.719597899999997],[-118.13479799999999,33.719612600000005],[-118.13478930000002,33.71962910000002],[-118.13476739999999,33.719662000000028],[-118.1347586,33.719678499999986],[-118.13473670000002,33.719711500000017],[-118.13472789999997,33.719726200000025],[-118.13470599999999,33.719759099999976],[-118.13469720000001,33.719775599999991],[-118.13468619999998,33.719792100000006],[-118.13467750000001,33.719808600000022],[-118.13466649999998,33.71982509999998],[-118.13465769999999,33.719841599999995],[-118.13464679999998,33.71985810000001],[-118.134638,33.719872699999996],[-118.13462709999999,33.719889200000011],[-118.1346183,33.719905700000027],[-118.13460730000003,33.719922199999985],[-118.1345986,33.7199387],[-118.13458759999997,33.719955099999993],[-118.13457879999999,33.719971600000008],[-118.13456789999998,33.719988100000023],[-118.13455909999999,33.720004599999982],[-118.13454810000002,33.720021099999997],[-118.13453060000001,33.720054100000027],[-118.13451959999998,33.720070599999985],[-118.13451090000001,33.720086999999978],[-118.13449989999998,33.720103499999993],[-118.13448240000002,33.720136500000024],[-118.1344714,33.720152999999982],[-118.13445389999998,33.720186000000012],[-118.13444290000001,33.720202500000028],[-118.1344254,33.720235399999979],[-118.13441440000003,33.720251899999994],[-118.13438810000002,33.720301399999983],[-118.13437709999999,33.720317899999998],[-118.13435079999999,33.720367300000021],[-118.13434210000003,33.720385599999986],[-118.1343311,33.720402100000001],[-118.13427849999999,33.720501099999979],[-118.13426750000002,33.720517500000028],[-118.1342588,33.720533999999986],[-118.13425000000001,33.720552399999974],[-118.13419740000001,33.720651299999986],[-118.13418860000002,33.720669600000008],[-118.13415350000002,33.720735499999989],[-118.1341448,33.720753899999977],[-118.13410970000001,33.720819800000015],[-118.13410090000002,33.72083809999998],[-118.13409209999998,33.720854599999996],[-118.13408559999999,33.720871100000011],[-118.13406800000001,33.720904099999984],[-118.13405929999999,33.720922400000006],[-118.13403299999999,33.720971899999995],[-118.13402639999998,33.720990200000017],[-118.13400009999998,33.721039599999983],[-118.13399349999997,33.721058000000028],[-118.13396719999997,33.721107399999994],[-118.13396060000002,33.721125700000016],[-118.13394310000001,33.721158699999989],[-118.13393430000002,33.721177000000012],[-118.13392770000002,33.721193500000027],[-118.1339102,33.7212265],[-118.1339036,33.721244800000022],[-118.13389480000001,33.721261299999981],[-118.13388830000002,33.721277799999996],[-118.13387949999998,33.721296100000018],[-118.13387069999999,33.721312599999976],[-118.1338642,33.721329099999991],[-118.13385540000002,33.721347400000013],[-118.13384880000001,33.721363899999972],[-118.13384000000002,33.721380399999987],[-118.1338313,33.721398700000009],[-118.13382469999999,33.721415200000024],[-118.1338159,33.721433499999989],[-118.1338093,33.721450000000004],[-118.13380059999997,33.72146650000002],[-118.13379400000002,33.721484799999985],[-118.13378519999998,33.7215013],[-118.13377869999999,33.721517800000015],[-118.1337699,33.72153609999998],[-118.1337633,33.721552599999995],[-118.13375669999999,33.721570900000017],[-118.13374800000003,33.721587399999976],[-118.13374140000002,33.721603899999991],[-118.13373259999997,33.721622200000013],[-118.13372600000002,33.721638700000028],[-118.13371949999998,33.721656999999993],[-118.13371069999999,33.721673500000009],[-118.13370409999999,33.721690000000024],[-118.1336953,33.721708299999989],[-118.13368880000002,33.721724800000004],[-118.13368220000001,33.721743100000026],[-118.13367340000002,33.721759599999984],[-118.13366680000001,33.721777900000006],[-118.13365370000002,33.72181089999998],[-118.13364489999998,33.721829200000002],[-118.1336384,33.721845700000017],[-118.13363179999999,33.721863999999982],[-118.13362519999998,33.721880499999997],[-118.13361639999999,33.721898800000019],[-118.13360990000001,33.721915299999978],[-118.1336033,33.7219336],[-118.1335967,33.721950100000015],[-118.13358790000001,33.72196839999998],[-118.13358140000003,33.721984899999995],[-118.13357480000002,33.722003200000017],[-118.13356820000001,33.722019699999976],[-118.13356160000001,33.722037999999998],[-118.133555,33.722054500000013],[-118.13354850000002,33.722072799999978],[-118.13353969999997,33.722089299999993],[-118.13353310000002,33.722107600000015],[-118.13352650000002,33.722124099999974],[-118.13351999999998,33.722142399999996],[-118.13351340000003,33.722158900000011],[-118.13350680000002,33.722177199999976],[-118.13350020000001,33.722193699999991],[-118.13349369999997,33.722212000000013],[-118.13348710000002,33.722228500000028],[-118.13348050000002,33.722246900000016],[-118.13347390000001,33.722263300000009],[-118.13346739999997,33.722281699999996],[-118.13346080000002,33.722298099999989],[-118.13344760000001,33.722334799999999],[-118.133441,33.722351300000014],[-118.13343450000002,33.722369599999979],[-118.13342790000002,33.722386099999994],[-118.13342130000001,33.722404400000016],[-118.13341689999999,33.722420899999975],[-118.1334038,33.722457500000019],[-118.13339719999999,33.722473999999977],[-118.13339059999998,33.722492299999999],[-118.13338399999998,33.722508800000014],[-118.13337749999999,33.722527099999979],[-118.13337309999997,33.722543599999995],[-118.13335990000002,33.722580300000004],[-118.13335339999998,33.722596699999997],[-118.13334680000003,33.722615099999985],[-118.1333424,33.722633400000007],[-118.1333358,33.722649900000022],[-118.13332919999999,33.722668199999987],[-118.13332270000001,33.722684700000002],[-118.13331829999998,33.722703000000024],[-118.13331169999998,33.722721299999989],[-118.13330509999997,33.722737800000004],[-118.13330070000001,33.722756100000026],[-118.13329420000002,33.722774399999992],[-118.13328760000002,33.722790900000007],[-118.13328319999999,33.722809199999972],[-118.13327659999999,33.722825699999987],[-118.1332701,33.722844000000009],[-118.13326569999998,33.722862399999997],[-118.13325909999998,33.722878799999989],[-118.13325470000001,33.722897199999977],[-118.1332481,33.722915499999999],[-118.13324160000002,33.722932000000014],[-118.1332372,33.72295029999998],[-118.13323059999999,33.722968600000002],[-118.13322620000002,33.722985100000017],[-118.13321960000002,33.723003399999982],[-118.1332152,33.723021700000004],[-118.13320870000001,33.723038200000019],[-118.13320429999999,33.723056499999984],[-118.13319769999998,33.723074899999972],[-118.13319330000002,33.723093199999994],[-118.13318670000001,33.723109700000009],[-118.13318240000001,33.723127999999974],[-118.1331758,33.723146299999996],[-118.13317139999998,33.723162800000011],[-118.13316700000001,33.723181099999977],[-118.13316040000001,33.723199399999999],[-118.13315610000001,33.723215900000014],[-118.1331495,33.723234199999979],[-118.13314070000001,33.723270899999989],[-118.13313410000001,33.723287400000004],[-118.13312539999998,33.723323999999991],[-118.13311879999998,33.723342300000013],[-118.13311440000001,33.723358800000028],[-118.13310560000002,33.723395400000015],[-118.13309909999998,33.723411899999974],[-118.13308590000003,33.723466900000005],[-118.13307930000002,33.723483400000021],[-118.13306180000001,33.723556599999995],[-118.1330552,33.72357310000001],[-118.13304410000001,33.723619699999972],[-118.13303769999999,33.7236446],[-118.13302320000003,33.723704300000009],[-118.13302010000001,33.723716000000024],[-118.13301360000003,33.72373429999999],[-118.13300040000001,33.723789300000021],[-118.13299599999999,33.72380579999998],[-118.13297849999998,33.723879000000011],[-118.13297410000001,33.723895500000026],[-118.13297189999997,33.723913799999991],[-118.13295440000002,33.723987099999988],[-118.13294999999999,33.724003600000003],[-118.13293679999998,33.724058599999978],[-118.1329346,33.7240769],[-118.13291709999999,33.724148300000024],[-118.1329149,33.72416659999999],[-118.13289739999999,33.72423809999998],[-118.13289520000001,33.724256400000002],[-118.13288640000002,33.724292999999989],[-118.1328858,33.724297700000022],[-118.13288419999998,33.724311399999976],[-118.13287980000001,33.724329699999998],[-118.13287539999999,33.724346200000014],[-118.13287330000003,33.724364499999979],[-118.13286449999998,33.724401100000023],[-118.1328623,33.724419399999988],[-118.13285789999998,33.72443770000001],[-118.13285569999999,33.724456099999998],[-118.13285130000003,33.724472600000013],[-118.1328469,33.724490899999978],[-118.13284479999999,33.7245092],[-118.13284040000002,33.724527500000022],[-118.13283819999998,33.724545799999987],[-118.13283380000001,33.724564100000009],[-118.13283159999997,33.724582499999997],[-118.13282720000001,33.724600800000019],[-118.13282500000003,33.724619099999984],[-118.1328206,33.724635599999999],[-118.13281849999998,33.724653900000021],[-118.13281410000002,33.724672199999986],[-118.13281189999998,33.724690500000008],[-118.13280750000001,33.724708899999996],[-118.13280309999999,33.724745499999983],[-118.13279870000002,33.724763800000005],[-118.13279649999998,33.724782100000027],[-118.13279210000002,33.724800500000015],[-118.13278780000002,33.724835299999995],[-118.13278339999999,33.724853600000017],[-118.13277900000003,33.724890200000004],[-118.1327746,33.724908500000026],[-118.13277019999998,33.724945199999979],[-118.13276580000002,33.724963500000001],[-118.13275929999998,33.72501840000001],[-118.13275490000001,33.725034900000026],[-118.13274389999998,33.725126499999988],[-118.13273950000001,33.72514480000001],[-118.132722,33.725291400000003],[-118.13271759999998,33.725309700000025],[-118.1327154,33.725326199999984],[-118.13270010000002,33.72545439999999],[-118.13270010000002,33.725472700000012],[-118.1326803,33.725637600000027],[-118.1326803,33.725655899999992],[-118.13267159999998,33.725729199999989],[-118.13267159999998,33.725747500000011],[-118.13266499999997,33.725800600000014],[-118.13266499999997,33.725818899999979],[-118.13266060000001,33.725855599999988],[-118.13266060000001,33.725873900000011],[-118.13265619999999,33.725910499999998],[-118.13265619999999,33.72592880000002],[-118.13265180000002,33.725965499999973],[-118.13265180000002,33.725983799999995],[-118.13264750000002,33.726020399999982],[-118.13264750000002,33.726038800000026],[-118.13264529999998,33.726057099999991],[-118.13264529999998,33.726075400000013],[-118.1326431,33.726093699999979],[-118.1326431,33.726112000000001],[-118.13264090000001,33.726130300000023],[-118.13264090000001,33.72614870000001],[-118.13263869999997,33.726166999999975],[-118.13263869999997,33.726185299999997],[-118.13263649999999,33.726203600000019],[-118.13263649999999,33.726221899999985],[-118.13263430000001,33.726240200000007],[-118.13263430000001,33.726258599999994],[-118.13263210000002,33.726276900000016],[-118.13263210000002,33.726295199999981],[-118.13262989999998,33.726313500000003],[-118.13262989999998,33.726350200000013],[-118.1326277,33.726368499999978],[-118.1326277,33.726405100000022],[-118.13262550000002,33.726423399999987],[-118.13262550000002,33.726460099999997],[-118.13262329999998,33.726478400000019],[-118.13262329999998,33.726515000000006],[-118.13262109999999,33.726533300000028],[-118.13262109999999,33.726588300000003],[-118.13261899999998,33.726606600000025],[-118.13261899999998,33.726679900000022],[-118.13261679999999,33.726698199999987],[-118.13261679999999,33.726863100000003],[-118.13261460000001,33.726881400000025],[-118.13261460000001,33.727027899999996],[-118.13261679999999,33.727046200000018],[-118.13261679999999,33.727192800000012],[-118.13261899999998,33.727211099999977],[-118.13261899999998,33.727284399999974],[-118.13262109999999,33.727302699999996],[-118.13262109999999,33.727357600000005],[-118.13262329999998,33.727375999999992],[-118.13262329999998,33.727430900000002],[-118.13262550000002,33.727449200000024],[-118.13262550000002,33.727485899999976],[-118.1326277,33.727504199999998],[-118.1326277,33.727540799999986],[-118.13262989999998,33.727559100000008],[-118.13262989999998,33.727577399999973],[-118.13263210000002,33.727595800000017],[-118.13263210000002,33.727632400000005],[-118.13263430000001,33.727650700000027],[-118.13263430000001,33.727668999999992],[-118.13263649999999,33.727687399999979],[-118.13263649999999,33.727705700000001],[-118.13263869999997,33.727724000000023],[-118.13263869999997,33.727742299999989],[-118.13264090000001,33.727760600000011],[-118.13264090000001,33.727778899999976],[-118.1326431,33.72779730000002],[-118.1326431,33.727815599999985],[-118.13264750000002,33.727852199999973],[-118.13264750000002,33.727870499999995],[-118.13264959999998,33.727888800000017],[-118.13264959999998,33.727907200000004],[-118.132654,33.727943799999991],[-118.132654,33.727962100000013],[-118.13265840000003,33.727998700000001],[-118.13265840000003,33.728017099999988],[-118.13266279999999,33.728053699999975],[-118.13266279999999,33.728071999999997],[-118.13266720000001,33.728108700000007],[-118.13266720000001,33.728126999999972],[-118.13267389999999,33.728181199999995],[-118.132676,33.728198399999997],[-118.132676,33.728216700000019],[-118.13268690000001,33.728308299999981],[-118.13268690000001,33.728326600000003],[-118.13273299999997,33.728709499999979],[-118.13273729999997,33.728727800000001],[-118.1327483,33.72881940000002],[-118.13275270000003,33.728837699999985],[-118.13275929999998,33.728890799999988],[-118.13276359999998,33.72890910000001],[-118.13277019999998,33.728964099999985],[-118.1327746,33.728982400000007],[-118.13277900000003,33.729018999999994],[-118.13278339999999,33.729037300000016],[-118.13278780000002,33.729074000000026],[-118.13279210000002,33.729092299999991],[-118.13279649999998,33.729127100000028],[-118.13280090000001,33.729145399999993],[-118.13280309999999,33.729163700000015],[-118.13280750000001,33.729182100000003],[-118.13281189999998,33.72921869999999],[-118.1328163,33.729237000000012],[-118.13281849999998,33.729255299999977],[-118.13282279999999,33.729273599999999],[-118.13282500000003,33.729290100000014],[-118.13282939999999,33.729308399999979],[-118.13283159999997,33.729326800000024],[-118.132836,33.729345099999989],[-118.13283819999998,33.729363400000011],[-118.1328469,33.729399999999998],[-118.13284909999999,33.72941830000002],[-118.13285350000001,33.729434799999979],[-118.13285569999999,33.729453100000001],[-118.13286010000002,33.729471499999988],[-118.1328623,33.72948980000001],[-118.13287109999999,33.729526399999997],[-118.13287330000003,33.729544700000019],[-118.13287759999997,33.729563100000007],[-118.132882,33.7295795],[-118.13288419999998,33.729597899999987],[-118.13289739999999,33.729652799999997],[-118.13289959999997,33.729671100000019],[-118.13290389999997,33.729689399999984],[-118.1329083,33.729705899999999],[-118.13291270000002,33.729724200000021],[-118.1329149,33.729742600000009],[-118.13292810000002,33.729797500000018],[-118.13293240000002,33.729813999999976],[-118.1329346,33.729832299999998],[-118.13296530000002,33.729958699999997],[-118.13296750000001,33.729977000000019],[-118.13297189999997,33.729995299999985],[-118.1329763,33.7300118],[-118.13299380000001,33.730085099999997],[-118.13299819999997,33.730101600000012],[-118.13301580000001,33.730174799999986],[-118.13302010000001,33.730191300000001],[-118.13302670000002,33.730209600000023],[-118.13303990000003,33.730264599999998],[-118.13304429999999,33.730281100000013],[-118.13305739999998,33.730336000000023],[-118.13306399999999,33.730352499999981],[-118.13307709999998,33.730407500000013],[-118.1330815,33.730424000000028],[-118.13308810000001,33.730442299999993],[-118.1330969,33.73047889999998],[-118.13310130000002,33.730495399999995],[-118.1331078,33.730513700000017],[-118.13311659999999,33.730550300000004],[-118.13312100000002,33.73056680000002],[-118.13312760000002,33.730585099999985],[-118.13313629999999,33.730621799999994],[-118.1331429,33.73063830000001],[-118.13315169999998,33.730674899999997],[-118.13315820000003,33.730691400000012],[-118.13316259999999,33.730709699999977],[-118.1331692,33.730727999999999],[-118.13317360000002,33.730746300000021],[-118.13318020000003,33.73076279999998],[-118.13318889999999,33.730799499999989],[-118.1331955,33.730815899999982],[-118.13319990000002,33.730834300000026],[-118.13320649999997,33.730852599999992],[-118.13321089999999,33.730869100000007],[-118.13321739999998,33.730887399999972],[-118.1332218,33.730905699999994],[-118.13322840000001,33.730922200000009],[-118.13323279999997,33.730940499999974],[-118.13323939999998,33.730958799999996],[-118.13324590000002,33.730975300000011],[-118.13325029999999,33.730993599999977],[-118.13325689999999,33.731011899999999],[-118.13326130000002,33.731028400000014],[-118.1332744,33.731065000000001],[-118.13327880000003,33.731081500000016],[-118.13328539999998,33.731099799999981],[-118.1332898,33.731118200000026],[-118.13329640000001,33.731134699999984],[-118.1333095,33.731171300000028],[-118.13331390000002,33.731187799999987],[-118.13332050000002,33.731206100000009],[-118.13332709999997,33.731222600000024],[-118.13333139999997,33.731240899999989],[-118.13333799999998,33.731259200000011],[-118.13334459999999,33.731275700000026],[-118.13335119999999,33.731293999999991],[-118.13335560000002,33.731312300000013],[-118.1333621,33.731328799999972],[-118.13336870000001,33.731347099999994],[-118.13337530000001,33.731363600000009],[-118.13338190000002,33.731381899999974],[-118.13338620000002,33.731400199999996],[-118.13339280000002,33.731416700000011],[-118.13339939999997,33.731434999999976],[-118.13340599999998,33.731451499999991],[-118.13341250000002,33.731469800000013],[-118.13341910000003,33.731486299999972],[-118.13343229999998,33.731522999999981],[-118.13343889999999,33.731539499999997],[-118.13344319999999,33.731557800000019],[-118.13344979999999,33.731574299999977],[-118.1334564,33.731592599999999],[-118.13346300000001,33.731609100000014],[-118.13346949999999,33.731627399999979],[-118.1334761,33.731643899999995],[-118.13348930000001,33.731680499999982],[-118.13349590000001,33.731696999999997],[-118.1335024,33.731715300000019],[-118.133509,33.731731799999977],[-118.13351779999999,33.731750099999999],[-118.1335244,33.731766600000014],[-118.13353089999998,33.73178489999998],[-118.13353749999999,33.731801399999995],[-118.13354409999999,33.731819700000017],[-118.1335507,33.731836199999975],[-118.13355719999998,33.731854499999997],[-118.13356379999999,33.731871000000012],[-118.1335704,33.731889299999978],[-118.13357919999999,33.731905799999993],[-118.13358570000003,33.731924100000015],[-118.13359229999998,33.731940599999973],[-118.13359889999998,33.731958899999995],[-118.13360549999999,33.73197540000001],[-118.13361420000001,33.731993699999975],[-118.13362080000002,33.732010199999991],[-118.13362740000002,33.732028500000013],[-118.13364050000001,33.732061499999986],[-118.1336493,33.732079800000008],[-118.13365590000001,33.732096300000023],[-118.13366250000001,33.732114599999989],[-118.13367119999998,33.732131100000004],[-118.13367779999999,33.732149400000026],[-118.13368439999999,33.732165899999984],[-118.13369319999998,33.732184200000006],[-118.13370629999997,33.73221719999998],[-118.13371510000002,33.732235500000002],[-118.13372170000002,33.732252000000017],[-118.13372820000001,33.732270299999982],[-118.133737,33.732286799999997],[-118.1337436,33.732303300000012],[-118.13375230000003,33.732321599999977],[-118.13375889999998,33.732338099999993],[-118.13376770000002,33.732356400000015],[-118.13378080000001,33.732389300000023],[-118.1337896,33.73240770000001],[-118.13379620000001,33.732424100000003],[-118.133805,33.732440600000018],[-118.13381149999998,33.732458899999983],[-118.13382030000002,33.732475399999998],[-118.13382689999997,33.73249370000002],[-118.13384439999999,33.732526699999994],[-118.13385099999999,33.732545000000016],[-118.13385979999998,33.732561499999974],[-118.13386630000002,33.73257799999999],[-118.13387510000001,33.732596300000012],[-118.1338839,33.732612800000027],[-118.13389050000001,33.732629299999985],[-118.13389919999997,33.732647600000007],[-118.13390579999998,33.732664100000022],[-118.13391460000003,33.732680599999981],[-118.13392329999999,33.732698900000003],[-118.1339299,33.732715400000018],[-118.13394749999998,33.732748300000026],[-118.1339562,33.732766700000013],[-118.13396280000001,33.732783199999972],[-118.1339716,33.732799600000021],[-118.13398030000002,33.732818000000009],[-118.13398690000002,33.732834400000002],[-118.1340045,33.732867399999975],[-118.13401320000003,33.732885699999997],[-118.13402200000002,33.732902200000012],[-118.13402860000002,33.732918700000027],[-118.13403729999999,33.732935199999986],[-118.13404609999998,33.732953500000008],[-118.13407239999998,33.733002899999974],[-118.13407899999999,33.733021300000019],[-118.13411409999998,33.7330872],[-118.1341228,33.733105500000022],[-118.13416669999998,33.733187900000019],[-118.13417550000003,33.733206300000006],[-118.13421929999998,33.733288700000003],[-118.13422809999997,33.733307000000025],[-118.13428069999998,33.73340589999998],[-118.13429159999998,33.733422399999995],[-118.13430039999997,33.733440700000017],[-118.13434430000001,33.733523100000014],[-118.13435520000002,33.733539599999972],[-118.13438150000002,33.733589100000017],[-118.13439249999999,33.733605599999976],[-118.13441,33.733638499999984],[-118.13441879999999,33.733656800000006],[-118.13442980000002,33.733673300000021],[-118.13444729999998,33.733706299999994],[-118.13445819999998,33.73372280000001],[-118.13447580000002,33.733755799999983],[-118.13448670000002,33.733772199999976],[-118.1345043,33.733805200000006],[-118.13451520000001,33.733821700000021],[-118.134524,33.73383819999998],[-118.13453500000003,33.733854699999995],[-118.13455249999998,33.733887600000003],[-118.13456350000001,33.733904100000018],[-118.13457219999998,33.733918800000026],[-118.13458320000001,33.733935200000019],[-118.134592,33.733951699999977],[-118.1346029,33.733968199999993],[-118.13461169999999,33.733984700000008],[-118.13462270000002,33.734001200000023],[-118.13463139999999,33.734017699999981],[-118.13464240000002,33.734034199999996],[-118.13465120000001,33.734050599999989],[-118.13466210000001,33.734067100000004],[-118.1346709,33.734083600000019],[-118.13468189999998,33.734100099999978],[-118.1346906,33.734116599999993],[-118.13470160000003,33.734131199999979],[-118.13471249999998,33.734147699999994],[-118.13472130000002,33.734164200000009],[-118.1347323,33.734180700000024],[-118.13474100000002,33.734197199999983],[-118.13476300000002,33.734230099999991],[-118.13477169999999,33.734246600000006],[-118.13478270000002,33.734261300000014],[-118.13479369999999,33.734277799999973],[-118.13480240000001,33.734294200000022],[-118.13482440000001,33.734327199999996],[-118.13483309999998,33.734343700000011],[-118.13484410000001,33.734358400000019],[-118.13486599999999,33.734391300000027],[-118.13487479999998,33.734407799999985],[-118.13488569999998,33.734424300000001],[-118.13489670000001,33.734438899999986],[-118.13491859999999,33.734471900000017],[-118.13492739999998,33.734488399999975],[-118.13493840000001,33.734503099999984],[-118.1349712,33.734552500000007],[-118.13498220000002,33.734567200000015],[-118.13499100000001,33.734583600000008],[-118.13501289999999,33.734616599999981],[-118.1350238,33.73463129999999],[-118.13505670000001,33.734680700000013],[-118.13506769999998,33.734695400000021],[-118.13508960000001,33.734728299999972],[-118.13510059999999,33.73474299999998],[-118.13512250000002,33.734776000000011],[-118.13513349999999,33.734790599999997],[-118.13515539999997,33.734823600000027],[-118.13516629999998,33.734838200000013],[-118.13518829999998,33.734871199999986],[-118.13519919999999,33.734885899999995],[-118.13521020000002,33.734902299999987],[-118.13522119999999,33.734916999999996],[-118.13524310000003,33.734950000000026],[-118.13525399999997,33.734964600000012],[-118.135265,33.734981100000027],[-118.13527809999999,33.734995799999979],[-118.13530009999999,33.735028699999987],[-118.135311,33.735043399999995],[-118.13532199999997,33.73505990000001],[-118.13535710000002,33.735105599999997],[-118.13536800000003,33.735122100000012],[-118.135379,33.735136800000021],[-118.13538999999997,33.735153299999979],[-118.13540310000002,33.735167900000022],[-118.13541409999999,33.73518439999998],[-118.135425,33.735199099999988],[-118.13543600000003,33.735215499999981],[-118.13544910000002,33.73523019999999],[-118.13546009999999,33.735246700000005],[-118.13547110000002,33.735261299999991],[-118.13548420000001,33.735277800000006],[-118.13549519999998,33.735292500000014],[-118.13550609999999,33.735308999999972],[-118.1355193,33.735323600000015],[-118.13553030000003,33.735340099999974],[-118.13554119999998,33.735354700000016],[-118.13555439999999,33.735371199999975],[-118.13557630000003,33.735400500000026],[-118.13558940000001,33.735416999999984],[-118.13560039999999,33.735431699999992],[-118.1356136,33.735448200000008],[-118.13562450000001,33.735462799999993],[-118.13563770000002,33.735477500000002],[-118.13564860000002,33.735493899999994],[-118.1356596,33.735508600000003],[-118.13567280000001,33.735525100000018],[-118.13568370000002,33.735539700000004],[-118.13569690000003,33.735554400000012],[-118.13570779999998,33.735570900000027],[-118.13572099999999,33.735585500000013],[-118.1357319,33.735600200000022],[-118.13574510000001,33.73561669999998],[-118.13575609999998,33.735631300000023],[-118.13576920000003,33.735645999999974],[-118.13578239999998,33.735662499999989],[-118.13579329999999,33.735677099999975],[-118.1358065,33.735691799999984],[-118.13581740000001,33.735708199999976],[-118.13584370000001,33.735737500000027],[-118.13585469999998,33.735752199999979],[-118.13586789999999,33.735768699999994],[-118.1358788,33.73578329999998],[-118.1359051,33.735812599999974],[-118.13591609999997,33.735829099999989],[-118.13594239999998,33.735858399999984],[-118.13595340000001,33.735873099999992],[-118.13596649999999,33.735889600000007],[-118.1359928,33.735918900000001],[-118.13600380000003,33.735933499999987],[-118.13601690000002,33.735948199999996],[-118.13603010000003,33.735964700000011],[-118.13604320000002,33.735979299999997],[-118.13605419999999,33.735994000000005],[-118.1360937,33.736037899999985],[-118.13610460000001,33.7360544],[-118.13618350000002,33.736142299999983],[-118.13619449999999,33.736156999999992],[-118.1362077,33.736171599999977],[-118.13622079999999,33.736188099999993],[-118.13652330000002,33.736525099999994],[-118.13655180000001,33.736552599999982],[-118.13663079999998,33.736640500000021],[-118.13664610000001,33.7366533],[-118.13668560000002,33.736697300000003],[-118.13670089999999,33.736711899999989],[-118.13671410000001,33.736726599999997],[-118.1367272,33.736739399999976],[-118.13674040000001,33.736754099999985],[-118.13675569999998,33.736768700000027],[-118.13678199999998,33.736798000000022],[-118.13681050000002,33.736825500000009],[-118.13683680000003,33.736854800000003],[-118.13685220000002,33.736867599999982],[-118.13687850000002,33.736896899999977],[-118.13690700000001,33.736924400000021],[-118.1369201,33.736939099999972],[-118.13696399999998,33.736981200000002],[-118.13697710000002,33.736995799999988],[-118.13700560000001,33.737023299999976],[-118.13701880000002,33.737037999999984],[-118.13703409999999,33.73705080000002],[-118.13704730000001,33.737065400000006],[-118.13709110000002,33.737107600000002],[-118.13710429999998,33.737122199999988],[-118.13711960000001,33.737135000000023],[-118.13713280000002,33.737149699999975],[-118.13714809999999,33.737162500000011],[-118.1371613,33.737177200000019],[-118.13726209999999,33.737274200000002],[-118.13727749999998,33.737287100000003],[-118.13729059999997,33.737301699999989],[-118.13730600000002,33.737314500000025],[-118.13731910000001,33.737329199999976],[-118.13733450000001,33.737342000000012],[-118.13737830000002,33.737384099999986],[-118.13739370000002,33.737396900000022],[-118.13740680000001,33.737411599999973],[-118.1374222,33.737424400000009],[-118.13745069999999,33.737451899999996],[-118.13746600000002,33.737464699999975],[-118.13748140000001,33.737479399999984],[-118.13749669999999,33.73749220000002],[-118.1375099,33.737506800000006],[-118.1375405,33.737532499999986],[-118.13756899999998,33.737559999999974],[-118.13758439999998,33.737572800000009],[-118.13759970000001,33.737587399999995],[-118.1376151,33.737600199999974],[-118.13764359999999,33.737627700000019],[-118.13765110000003,33.737634000000014],[-118.13767430000001,33.737653399999999],[-118.13768959999999,33.737667999999985],[-118.13772030000001,33.737693700000023],[-118.13773350000002,33.737708300000008],[-118.13777950000002,33.737746800000025],[-118.13779479999999,33.737761400000011],[-118.13785619999999,33.737812700000006],[-118.13788469999997,33.737840199999994],[-118.13793079999999,33.737878599999988],[-118.13794610000002,33.737893299999996],[-118.13805350000001,33.737982999999986],[-118.13806890000001,33.737997699999994],[-118.13808640000002,33.738010499999973],[-118.13822449999998,33.7381259],[-118.13824210000001,33.738138699999979],[-118.13831879999998,33.73820280000001],[-118.13833629999999,33.73821559999999],[-118.13839769999998,33.738266899999985],[-118.13843059999999,33.738290699999993],[-118.13846130000002,33.738316399999974],[-118.13847879999997,33.73832920000001],[-118.13852489999999,33.738367700000026],[-118.13855769999998,33.738391499999977],[-118.13857309999997,33.738404300000013],[-118.13859059999999,33.738417099999992],[-118.13862130000001,33.738442799999973],[-118.13863889999999,33.73845369999998],[-118.13866960000001,33.738479400000017],[-118.1386771,33.738484900000003],[-118.13868710000003,33.738492199999996],[-118.1387024,33.738504999999975],[-118.13873530000001,33.738528799999983],[-118.1387507,33.738541699999985],[-118.13876820000002,33.738552599999991],[-118.13878349999999,33.738565499999993],[-118.13880110000002,33.738578299999972],[-118.1388164,33.738591100000008],[-118.1388493,33.738614900000016],[-118.13885119999998,33.738616499999978],[-118.13888800000001,33.738622399999997],[-118.13896849999998,33.738636999999983],[-118.1390414,33.738656999999989],[-118.13909790000002,33.738666099999989],[-118.1392219,33.738695099999973],[-118.13934369999998,33.738713299999972],[-118.13937550000003,33.738722699999983],[-118.13943619999998,33.738740600000028],[-118.1395091,33.738770600000009],[-118.13958960000002,33.738795999999979],[-118.13969609999998,33.738835999999992],[-118.13977119999998,33.738861400000019],[-118.13984950000003,33.738904999999988],[-118.13991040000002,33.738954999999976],[-118.1399528,33.739002299999981],[-118.1399887,33.739035899999976],[-118.14010189999999,33.739135900000008],[-118.14024000000001,33.739274000000023],[-118.14027479999999,33.739312100000006],[-118.14032809999998,33.739356699999973],[-118.14042269999999,33.739425700000027],[-118.14047060000001,33.739519299999984],[-118.14050880000002,33.739592899999991],[-118.14051760000001,33.739609400000006],[-118.14056140000002,33.739690999999993],[-118.14077329999998,33.739802199999986],[-118.14103999999998,33.739955099999975],[-118.14105760000001,33.739966100000004],[-118.14107730000001,33.739975200000003],[-118.14109480000002,33.739986199999976],[-118.1411124,33.739995399999998],[-118.14113209999999,33.740006400000027],[-118.14114960000001,33.740015500000027],[-118.14116719999998,33.740026499999999],[-118.14118689999998,33.740035700000021],[-118.14120439999999,33.740044800000021],[-118.14122420000001,33.740055799999993],[-118.14124170000002,33.740065000000016],[-118.14125919999998,33.740075999999988],[-118.141279,33.740085099999988],[-118.14129650000001,33.740096100000017],[-118.14131620000001,33.740105299999982],[-118.14133379999998,33.740114399999982],[-118.14135349999998,33.740125400000011],[-118.14138860000003,33.740143699999976],[-118.14140830000002,33.740154700000005],[-118.1414259,33.740163900000027],[-118.1414456,33.740173099999993],[-118.14146310000001,33.740183999999999],[-118.14148280000001,33.740193200000022],[-118.14153770000001,33.740222500000016],[-118.14155740000001,33.740231699999981],[-118.14157490000002,33.740240799999981],[-118.14159469999998,33.74025180000001],[-118.1416122,33.740260999999975],[-118.14163189999999,33.740270099999975],[-118.14164950000003,33.740279299999997],[-118.14166920000002,33.740288399999997],[-118.14168669999998,33.740299400000026],[-118.14172619999999,33.740317699999991],[-118.14174370000001,33.740326900000014],[-118.14176350000002,33.740336099999979],[-118.14178099999998,33.740345199999979],[-118.14180069999998,33.740356200000008],[-118.14182049999999,33.740365399999973],[-118.14183800000001,33.740374499999973],[-118.1418577,33.740383699999995],[-118.14187529999998,33.740392799999995],[-118.14191469999997,33.740411100000017],[-118.14193230000001,33.740420299999982],[-118.141952,33.740429500000005],[-118.14196950000002,33.740438600000004],[-118.14200899999997,33.740456900000027],[-118.14202649999999,33.740466099999992],[-118.142066,33.740484400000014],[-118.14208350000001,33.740493599999979],[-118.14212300000003,33.740511900000001],[-118.14214049999998,33.740521000000001],[-118.14219969999999,33.740548499999989],[-118.14221730000003,33.740557700000011],[-118.14225670000002,33.740575999999976],[-118.14227419999997,33.740585099999976],[-118.14229399999999,33.740592499999991],[-118.14233339999998,33.740610800000013],[-118.14235100000002,33.740619900000013],[-118.14239040000001,33.740638199999978],[-118.14241019999997,33.740645599999993],[-118.14242990000002,33.740654699999993],[-118.14244739999998,33.740663900000015],[-118.14248689999999,33.740682199999981],[-118.14250659999999,33.740689499999974],[-118.14252640000001,33.740698699999996],[-118.14254390000002,33.740707799999996],[-118.14256360000002,33.740715200000011],[-118.14262280000003,33.740742599999976],[-118.1426404,33.740749999999991],[-118.1426798,33.740768300000013],[-118.14269949999999,33.740775600000006],[-118.14271930000001,33.740784799999972],[-118.14273900000001,33.740792100000021],[-118.1427587,33.740801200000021],[-118.14277629999998,33.740810399999987],[-118.14279599999998,33.74081769999998],[-118.14281570000003,33.740826900000002],[-118.14283549999999,33.740834199999995],[-118.14287489999998,33.740852500000017],[-118.1428947,33.740859899999975],[-118.1429144,33.740868999999975],[-118.14293409999999,33.740876300000025],[-118.14295379999999,33.74088549999999],[-118.1429736,33.740892799999983],[-118.14299110000002,33.740902000000006],[-118.14301080000001,33.740909299999998],[-118.14303059999997,33.740918500000021],[-118.14305030000003,33.740925800000014],[-118.14307000000002,33.740934900000013],[-118.14310949999998,33.740949600000022],[-118.14312919999998,33.740958799999987],[-118.14314899999999,33.74096609999998],[-118.14316869999999,33.74097519999998],[-118.14320809999998,33.740989899999988],[-118.1432279,33.740998999999988],[-118.1432476,33.741006400000003],[-118.14326729999999,33.741015500000003],[-118.1433068,33.741030200000012],[-118.1433265,33.741039300000011],[-118.14338570000001,33.741061300000013],[-118.14340540000001,33.741070499999978],[-118.14346460000002,33.741092499999979],[-118.14348660000002,33.741101599999979],[-118.14356550000002,33.741130899999973],[-118.14358520000002,33.741140099999996],[-118.14368389999998,33.741176699999983],[-118.14370580000002,33.741185900000005],[-118.14384389999998,33.741237099999978],[-118.14386580000001,33.741244499999993],[-118.14396449999998,33.741281099999981],[-118.14398640000002,33.741288399999974],[-118.14406530000002,33.741317700000025],[-118.1440872,33.741325000000018],[-118.14410700000002,33.741332399999976],[-118.14412670000002,33.741337900000019],[-118.14414640000001,33.741345200000012],[-118.14416829999999,33.741352500000005],[-118.14424730000002,33.741381799999999],[-118.1442692,33.741387299999985],[-118.14432840000001,33.741409299999987],[-118.14435029999999,33.74141659999998],[-118.14436999999998,33.741422100000023],[-118.1443898,33.741429400000015],[-118.14441169999998,33.741436799999974],[-118.14443139999997,33.741442300000017],[-118.14447089999999,33.741456900000003],[-118.14449280000002,33.741464199999996],[-118.14451250000002,33.741469699999982],[-118.14453229999998,33.741477099999997],[-118.14455420000002,33.74148439999999],[-118.14457390000001,33.741489899999976],[-118.14459360000001,33.741497200000026],[-118.14461560000001,33.741504500000019],[-118.1446353,33.741510000000005],[-118.144655,33.741517400000021],[-118.14467689999998,33.741522799999984],[-118.14471639999999,33.741537499999993],[-118.14473829999997,33.741542999999979],[-118.14475809999999,33.741550299999972],[-118.14477779999999,33.741555800000015],[-118.14479970000002,33.741563100000008],[-118.14481940000002,33.741568599999994],[-118.14483919999998,33.741576000000009],[-118.14486110000001,33.741581499999995],[-118.14488080000001,33.741588799999988],[-118.14490060000003,33.741594299999974],[-118.14492250000001,33.741601600000024],[-118.1449422,33.74160710000001],[-118.14496409999998,33.741614400000003],[-118.1450036,33.741625399999975],[-118.14502549999997,33.741632700000025],[-118.14504520000003,33.741638200000011],[-118.14492050000001,33.741585400000019],[-118.14527959999998,33.741704599999991],[-118.14536659999999,33.741721100000007],[-118.1454344,33.741732899999988],[-118.14549570000003,33.741749400000003],[-118.14551770000003,33.741754899999989],[-118.14553740000002,33.741760399999976],[-118.1455593,33.741767700000025],[-118.145579,33.741773200000011],[-118.145601,33.741778699999998],[-118.14562069999999,33.741784199999984],[-118.14564259999997,33.741789700000027],[-118.14566230000003,33.741795200000013],[-118.14568430000003,33.741800699999999],[-118.1457456,33.741817200000014],[-118.1457676,33.7418227],[-118.14578729999999,33.741828100000021],[-118.14583110000001,33.741839099999993],[-118.1458925,33.741855600000008],[-118.1459145,33.741861099999994],[-118.1459342,33.74186659999998],[-118.14595609999998,33.741872100000023],[-118.14597579999997,33.741877600000009],[-118.14599779999998,33.741883099999995],[-118.14601970000001,33.741886799999975],[-118.14603940000001,33.741892199999995],[-118.14606129999999,33.741897699999981],[-118.1460811,33.741903200000024],[-118.14612490000002,33.741914199999997],[-118.14614460000001,33.741919699999983],[-118.14616660000002,33.741923400000019],[-118.14618630000001,33.741928900000005],[-118.14623010000003,33.741939899999977],[-118.14624989999999,33.741943499999991],[-118.1463134,33.741960000000006],[-118.1463354,33.741963699999985],[-118.14635509999999,33.741969200000028],[-118.14637699999997,33.741974700000014],[-118.14639890000001,33.741978300000028],[-118.14641870000003,33.741983800000014],[-118.14644060000001,33.7419893],[-118.14646249999998,33.741992999999979],[-118.14648219999998,33.741998500000022],[-118.14650419999998,33.742004000000009],[-118.14652389999998,33.742007600000022],[-118.14654580000001,33.742013100000008],[-118.14656769999999,33.742016799999988],[-118.14658750000001,33.742022299999974],[-118.14660939999999,33.742025899999987],[-118.14663130000002,33.742031399999973],[-118.14665100000002,33.742036900000016],[-118.14667300000002,33.742040599999996],[-118.1466949,33.742046099999982],[-118.1467146,33.742049800000018],[-118.14673649999997,33.742055199999982],[-118.14675849999998,33.742058900000018],[-118.14678040000001,33.742064400000004],[-118.14680010000001,33.742068099999983],[-118.14682199999999,33.742071699999997],[-118.14684399999999,33.742077199999983],[-118.14686369999998,33.742080900000019],[-118.14688560000002,33.742086400000005],[-118.1469075,33.742090000000019],[-118.14692730000002,33.742095500000005],[-118.14697109999997,33.74210290000002],[-118.14699300000001,33.742108400000006],[-118.14703470000001,33.742115699999999],[-118.14705659999998,33.742121199999985],[-118.14707850000002,33.742124799999999],[-118.14709829999998,33.742128499999978],[-118.14712020000002,33.742134000000021],[-118.14718379999999,33.742144999999994],[-118.14720569999997,33.74215049999998],[-118.14729119999998,33.742165100000022],[-118.14731310000002,33.742170600000009],[-118.14735480000002,33.742178000000024],[-118.14742050000001,33.742188899999974],[-118.14744030000003,33.742194400000017],[-118.14750600000002,33.742205399999989],[-118.14752579999998,33.742209100000025],[-118.14761340000001,33.742223700000011],[-118.14763319999997,33.74222739999999],[-118.14772090000002,33.742242099999999],[-118.14774060000002,33.742245700000012],[-118.14785019999999,33.742263999999977],[-118.14786989999999,33.742267700000014],[-118.14789189999999,33.74226950000002],[-118.14797950000002,33.742284199999972],[-118.14799929999998,33.742287799999986],[-118.14802120000002,33.742289700000015],[-118.14810890000001,33.742304300000001],[-118.14812860000001,33.742306199999973],[-118.14817249999999,33.742313500000023],[-118.14819440000002,33.742315299999973],[-118.14826019999998,33.742326300000002],[-118.14827989999998,33.742328100000009],[-118.14832369999999,33.742335500000024],[-118.14834569999999,33.742337299999974],[-118.14836759999997,33.74234100000001],[-118.14838950000001,33.742342800000017],[-118.14841139999999,33.742346399999974],[-118.14843109999998,33.74235010000001],[-118.14845309999998,33.742351900000017],[-118.14847500000002,33.742355599999996],[-118.1484969,33.742357400000003],[-118.14851879999998,33.742361099999982],[-118.14854079999998,33.742362899999989],[-118.14856270000001,33.742366600000025],[-118.14858459999999,33.742368399999975],[-118.14860650000003,33.742372100000011],[-118.14862629999999,33.742373900000018],[-118.14864820000003,33.742377599999998],[-118.1486701,33.742379400000004],[-118.14869199999998,33.742383099999984],[-118.14871390000002,33.74238489999999],[-118.14873590000002,33.742388600000027],[-118.14877969999998,33.742392199999983],[-118.14880160000001,33.74239590000002],[-118.14882360000001,33.742397700000026],[-118.14884330000001,33.742401400000006],[-118.14888710000002,33.742405099999985],[-118.14890910000003,33.742408699999999],[-118.14895289999998,33.742412399999978],[-118.14897480000002,33.742415999999992],[-118.14904059999998,33.742421499999978],[-118.14906250000001,33.742425200000014],[-118.14912609999999,33.7424307],[-118.14914800000003,33.742434399999979],[-118.1492576,33.742443499999979],[-118.14927949999998,33.742447200000015],[-118.14978159999998,33.742489299999988],[-118.14980350000002,33.742489299999988],[-118.14991309999999,33.742498500000011],[-118.1503586,33.742519200000004],[-118.15070909999997,33.742533900000012],[-118.15094310000001,33.742537500000026],[-118.15105790000001,33.742542599999979],[-118.15105790000001,33.739439600000026],[-118.15105790000001,33.738479199999972],[-118.15105790000001,33.737201299999981],[-118.15105790000001,33.72954249999998],[-118.15105790000001,33.724234200000012],[-118.15105790000001,33.723561500000017],[-118.15105790000001,33.723463600000002],[-118.15105790000001,33.723412300000007],[-118.15105790000001,33.723411899999974],[-118.15105790000001,33.723359300000027],[-118.15105790000001,33.723359000000016],[-118.15105790000001,33.723267000000021],[-118.15099170000002,33.723267299999975],[-118.15086789999998,33.723267299999975],[-118.15008289999997,33.723268700000006],[-118.1496722,33.723269399999992],[-118.14906409999998,33.723265799999979],[-118.14863259999998,33.723263200000019],[-118.14594440000002,33.723247200000003],[-118.14119169999998,33.723233300000004],[-118.1372667,33.723236100000008],[-118.13693940000002,33.723242599999992],[-118.13681700000001,33.723244099999988],[-118.13679439999999,33.723244399999999],[-118.13679380000002,33.723225599999978],[-118.1367932,33.723204099999975],[-118.1367922,33.723170200000027],[-118.1367917,33.72315279999998]]]},"properties":{"OBJECTID":296,"OBJL":"4","THEMELAYER":null,"INFORM":"33 CFR 110.214","OBJNAM":null,"SHAPE.AREA":0.00044912986431499999,"SHAPE.LEN":0.11366092495083099}},{"type":"Feature","id":298,"geometry":{"type":"Polygon","coordinates":[[[-118.10925939999998,33.735431600000027],[-118.10904579999999,33.735743000000014],[-118.10898809999998,33.735724699999992],[-118.10885089999999,33.735903199999996],[-118.10871989999998,33.736058200000002],[-118.10871709999998,33.736062000000004],[-118.10868110000001,33.736110199999985],[-118.10855400000003,33.736280299999976],[-118.10855170000002,33.736287100000027],[-118.10853450000002,33.736336800000004],[-118.10845389999997,33.736459400000001],[-118.1083916,33.736487699999998],[-118.1077861,33.737362599999983],[-118.10774939999999,33.737408099999982],[-118.10774579999998,33.737412500000005],[-118.10768200000001,33.737497700000006],[-118.10748080000002,33.737766399999998],[-118.1071288,33.738254600000005],[-118.10710080000001,33.738290699999993],[-118.10761159999998,33.738539199999991],[-118.10797050000002,33.738695899999982],[-118.10830670000001,33.7388282],[-118.10879490000002,33.738968699999987],[-118.10939300000001,33.739127999999994],[-118.11015600000002,33.739276599999982],[-118.11089070000003,33.739398199999982],[-118.11152679999998,33.739503500000012],[-118.11300749999998,33.739778999999999],[-118.11301379999998,33.739779899999974],[-118.11313999999999,33.739797899999985],[-118.11370579999999,33.739873499999987],[-118.11422959999999,33.73994909999999],[-118.11476929999998,33.740041099999985],[-118.11529630000001,33.740114100000028],[-118.11566110000001,33.740123200000028],[-118.11570949999998,33.740120600000012],[-118.11572819999998,33.740086700000006],[-118.1157632,33.739954000000012],[-118.1157786,33.739909599999976],[-118.11579419999998,33.739847800000007],[-118.11580329999998,33.739790200000016],[-118.11581760000001,33.739752199999998],[-118.11583580000001,33.739724000000024],[-118.11586440000002,33.739717499999983],[-118.11588,33.739738100000011],[-118.11591129999999,33.739722500000028],[-118.11591609999999,33.739716699999974],[-118.11600609999999,33.739706500000011],[-118.116266,33.739747000000023],[-118.11761639999997,33.739957300000015],[-118.11778179999999,33.739983100000018],[-118.11789160000001,33.740001399999983],[-118.11867580000001,33.738827800000024],[-118.11960140000002,33.737433599999974],[-118.12001980000002,33.736795799999982],[-118.12001659999999,33.736758000000009],[-118.12003529999998,33.736733200000003],[-118.12006179999997,33.736722799999995],[-118.12020840000002,33.736514399999976],[-118.12025690000002,33.73646100000002],[-118.12034899999998,33.736508599999979],[-118.1203908,33.736528700000008],[-118.12077529999999,33.736713399999985],[-118.12087050000002,33.736759199999995],[-118.12128999999999,33.736960899999985],[-118.12193619999999,33.737271399999997],[-118.12199559999999,33.737298599999974],[-118.12205030000001,33.737221299999987],[-118.12216530000001,33.737243599999999],[-118.1221807,33.737322099999972],[-118.1221372,33.737371300000007],[-118.12225860000001,33.737448700000016],[-118.12264640000001,33.737644100000011],[-118.12297749999999,33.737810899999999],[-118.12299510000003,33.737819999999999],[-118.12399240000002,33.73833350000001],[-118.12454270000001,33.738616799999988],[-118.12521720000001,33.738959399999999],[-118.12525299999999,33.738977599999998],[-118.12537579999997,33.739045299999987],[-118.12578789999998,33.739190000000008],[-118.125811,33.739198600000009],[-118.12789070000002,33.739976000000013],[-118.13085419999999,33.741092900000012],[-118.13688509999997,33.743336499999998],[-118.13688289999999,33.743182600000011],[-118.13686089999999,33.738693699999999],[-118.13686089999999,33.738484900000003],[-118.1368544,33.737114399999996],[-118.13685220000002,33.736867599999982],[-118.13683900000001,33.733971899999972],[-118.13683450000002,33.733301900000015],[-118.13679519999999,33.727425400000016],[-118.1367798,33.724241699999993],[-118.1367798,33.723744699999997],[-118.1367798,33.723646400000007],[-118.1367813,33.72363230000002],[-118.13680199999999,33.723430599999972],[-118.13679439999999,33.723244399999999],[-118.13679380000002,33.723225599999978],[-118.1367487,33.723231300000009],[-118.13662820000002,33.723247800000024],[-118.13640029999999,33.723278999999991],[-118.13613420000001,33.72331250000002],[-118.13549360000002,33.723393199999975],[-118.13298320000001,33.723694099999989],[-118.12940170000002,33.724144500000023],[-118.12384129999998,33.724838999999974],[-118.11828350000002,33.725517500000024],[-118.11675869999999,33.725712999999985],[-118.11396230000003,33.726058000000023],[-118.11371079999998,33.726084300000025],[-118.10980929999999,33.726568999999984],[-118.1052636,33.727138400000001],[-118.104624,33.727226400000006],[-118.104624,33.72967749999998],[-118.104624,33.731109899999979],[-118.104624,33.735877599999981],[-118.104624,33.7359467],[-118.104624,33.736029099999996],[-118.104624,33.736054200000012],[-118.104624,33.736676699999975],[-118.104624,33.737133599999993],[-118.104624,33.737343899999985],[-118.10469519999998,33.737373600000012],[-118.10485180000001,33.737415399999975],[-118.1051751,33.737490499999979],[-118.1053584,33.737540700000011],[-118.10558500000002,33.737593600000025],[-118.10574439999999,33.737612899999988],[-118.10579159999998,33.737618600000019],[-118.10601819999999,33.737668699999972],[-118.10625490000001,33.737713299999996],[-118.10641149999998,33.73773829999999],[-118.10660810000002,33.737769000000014],[-118.1068381,33.737813500000016],[-118.10702470000001,33.737888699999985],[-118.1072446,33.737941599999999],[-118.10724759999999,33.737942599999997],[-118.10732669999999,33.737832200000014],[-118.10741150000001,33.737713999999983],[-118.10741200000001,33.737713299999996],[-118.10742809999999,33.737692600000003],[-118.1075161,33.737579400000016],[-118.1076162,33.737450500000023],[-118.10763500000002,33.737426299999981],[-118.10765190000001,33.737365599999976],[-118.10769479999999,33.737317800000028],[-118.1079312,33.737011699999982],[-118.10833009999999,33.736463500000013],[-118.1083496,33.736414700000012],[-118.1084333,33.736268600000017],[-118.10852349999999,33.736174100000028],[-118.10857240000001,33.736107199999992],[-118.10857490000001,33.736103800000024],[-118.1085855,33.736094400000013],[-118.10862639999999,33.736058200000002],[-118.1086841,33.735969599999976],[-118.10874330000001,33.735867999999982],[-118.10891789999999,33.735620499999982],[-118.10886959999999,33.735569699999985],[-118.10906139999997,33.735326100000009],[-118.10925939999998,33.735431600000027]]]},"properties":{"OBJECTID":298,"OBJL":"4","THEMELAYER":null,"INFORM":"33 CFR 110.214","OBJNAM":"Long Beach Harbor Anchorage Area Q","SHAPE.AREA":0.00046230263633999995,"SHAPE.LEN":0.10630981217621101}},{"type":"Feature","id":308,"geometry":{"type":"Polygon","coordinates":[[[-118.24072180000002,33.737583700000016],[-118.24063319999999,33.737382700000012],[-118.23998510000001,33.735921500000018],[-118.239777,33.735452599999974],[-118.23946669999998,33.734735399999977],[-118.23946080000002,33.734721999999977],[-118.2377788,33.730911999999989],[-118.23775219999999,33.730856300000028],[-118.2377515,33.73085420000001],[-118.23711109999999,33.729444399999977],[-118.23685740000002,33.729535800000008],[-118.23544679999998,33.730043899999998],[-118.2305556,33.731805599999973],[-118.23068960000001,33.735598600000003],[-118.23083329999997,33.739666699999987],[-118.23089590000001,33.739672600000006],[-118.23116420000002,33.739697700000022],[-118.23231509999999,33.739805199999978],[-118.23297409999998,33.739866800000016],[-118.23299379999997,33.739868699999988],[-118.23299420000001,33.739868699999988],[-118.23766669999998,33.740305599999999],[-118.23771369999997,33.74026379999998],[-118.24072180000002,33.737583700000016]]]},"properties":{"OBJECTID":308,"OBJL":"4","THEMELAYER":null,"INFORM":"Special anchorage area, 33 CFR 110.1, 110.100","OBJNAM":"Los Angeles and Long Beach Harbor Anchorage Area B-1","SHAPE.AREA":8.043752971999999e-05,"SHAPE.LEN":0.034693092637045904}},{"type":"Feature","id":313,"geometry":{"type":"Polygon","coordinates":[[[-118.18597569999997,33.751792099999989],[-118.1844322,33.747021299999972],[-118.18260770000001,33.741397300000017],[-118.1780594,33.741005700000017],[-118.17422590000001,33.738481299999989],[-118.16972229999999,33.738483499999973],[-118.16577940000002,33.738482400000009],[-118.16575089999998,33.738563499999998],[-118.16444869999998,33.741451900000015],[-118.16440979999999,33.741538199999979],[-118.16440360000001,33.741552000000013],[-118.16392580000002,33.742595400000027],[-118.1639174,33.742613300000016],[-118.16353359999999,33.743433700000026],[-118.16127060000002,33.748271199999976],[-118.1612111,33.748398300000019],[-118.16115689999998,33.748514100000023],[-118.1611049,33.748612400000013],[-118.1612002,33.748642800000027],[-118.16163390000003,33.748777899999993],[-118.16172669999997,33.748806800000011],[-118.16308040000001,33.749228399999993],[-118.16365080000003,33.749406099999987],[-118.16382199999998,33.749459399999978],[-118.1641151,33.749550699999986],[-118.16429399999998,33.749606400000005],[-118.16468559999998,33.749728300000015],[-118.16484860000003,33.749779100000012],[-118.16639659999998,33.750261299999977],[-118.16888979999999,33.751037800000006],[-118.16893959999999,33.751053300000024],[-118.16905550000001,33.751087400000017],[-118.16954750000002,33.75123339999999],[-118.17056739999998,33.751540999999975],[-118.17159859999998,33.751852100000008],[-118.17280640000001,33.752220099999988],[-118.17282640000002,33.752226199999996],[-118.17450559999997,33.752732499999979],[-118.1755556,33.753049099999998],[-118.1761965,33.753242399999976],[-118.17699829999998,33.753484200000003],[-118.17803930000002,33.753797599999984],[-118.17856319999999,33.753954700000008],[-118.1794883,33.75423219999999],[-118.18487440000001,33.752205300000014],[-118.18597569999997,33.751792099999989]]]},"properties":{"OBJECTID":313,"OBJL":"4","THEMELAYER":null,"INFORM":"Commercial Anchorage, 33 CFR 110.214","OBJNAM":"Long Beach Harbor Anchorage E","SHAPE.AREA":0.00026410435502999995,"SHAPE.LEN":0.065840297690687097}},{"type":"Feature","id":293,"geometry":{"type":"Polygon","coordinates":[[[-118.15105790000001,33.724234200000012],[-118.15056700000002,33.724227799999994],[-118.1367798,33.724241699999993],[-118.13679519999999,33.727425400000016],[-118.13683450000002,33.733301900000015],[-118.13683900000001,33.733971899999972],[-118.13685220000002,33.736867599999982],[-118.1368544,33.737114399999996],[-118.13686089999999,33.738484900000003],[-118.1386771,33.738484900000003],[-118.14033239999998,33.738484900000003],[-118.14128799999997,33.738473399999975],[-118.15082960000001,33.738484599999992],[-118.15103249999999,33.738480100000004],[-118.15105790000001,33.738479199999972],[-118.15105790000001,33.737201299999981],[-118.15105790000001,33.72954249999998],[-118.15105790000001,33.724234200000012]]]},"properties":{"OBJECTID":293,"OBJL":"4","THEMELAYER":null,"INFORM":"Commercial & Naval Anchorage, 33 CFR 110.214","OBJNAM":"Long Beach Harbor Anchorage D","SHAPE.AREA":0.00020282045410500001,"SHAPE.LEN":0.056963729401333804}},{"type":"Feature","id":297,"geometry":{"type":"Polygon","coordinates":[[[-118.12656459999999,33.652500799999984],[-118.1265464,33.652500799999984],[-118.11016899999998,33.652500799999984],[-118.10083329999998,33.673055599999998],[-118.11208149999999,33.688774000000024],[-118.1124433,33.689279499999998],[-118.11549869999999,33.693549099999984],[-118.1158653,33.69406140000001],[-118.1210944,33.701368500000001],[-118.12145079999999,33.701866600000017],[-118.12425380000002,33.705783600000018],[-118.13305559999998,33.718083299999989],[-118.13590799999997,33.718083299999989],[-118.15105790000001,33.718083299999989],[-118.15105790000001,33.718071399999985],[-118.15105790000001,33.714769699999977],[-118.15105790000001,33.714766300000008],[-118.15105790000001,33.714705700000025],[-118.15105790000001,33.714703100000008],[-118.15105790000001,33.712271299999998],[-118.15105790000001,33.711309799999981],[-118.15105790000001,33.711218400000007],[-118.15105790000001,33.70658659999998],[-118.15105790000001,33.706557900000007],[-118.15105790000001,33.702715800000021],[-118.15105790000001,33.694753300000002],[-118.15518400000002,33.694753300000002],[-118.15843919999998,33.694753300000002],[-118.15922849999998,33.694753300000002],[-118.14292490000003,33.673085500000013],[-118.1274363,33.652500799999984],[-118.12656479999998,33.652500799999984],[-118.12656459999999,33.652500799999984]]]},"properties":{"OBJECTID":297,"OBJL":"4","THEMELAYER":null,"INFORM":"33 CFR 110.214","OBJNAM":"Commercial Anchorage F (outside of Long Beach Breakwater)","SHAPE.AREA":0.0021460378098150002,"SHAPE.LEN":0.19759252536087299}},{"type":"Feature","id":301,"geometry":{"type":"Polygon","coordinates":[[[-118.1017994,33.727736999999991],[-118.10164900000001,33.727663899999982],[-118.10141429999999,33.727549699999997],[-118.10120280000001,33.727792799999975],[-118.09850110000002,33.73089809999999],[-118.09682959999998,33.732814200000007],[-118.09622000000002,33.733504799999992],[-118.09552550000001,33.734291700000028],[-118.09547839999999,33.734352600000022],[-118.09534789999998,33.734521099999995],[-118.09530339999998,33.734716699999979],[-118.09532849999999,33.734715499999993],[-118.09543189999999,33.734710600000028],[-118.0954916,33.734707800000024],[-118.09552300000001,33.734706300000028],[-118.09561910000002,33.734701799999982],[-118.0957535,33.734695400000021],[-118.09575740000002,33.734638599999982],[-118.09576980000003,33.734602900000027],[-118.09577089999999,33.73459969999999],[-118.09579810000002,33.734568899999999],[-118.09586400000001,33.7345057],[-118.09599009999999,33.734395500000005],[-118.09610070000002,33.734293400000013],[-118.09622869999998,33.734196199999985],[-118.09633350000001,33.734099000000015],[-118.09640330000002,33.734061699999984],[-118.0964692,33.734040600000014],[-118.09649639999998,33.734042199999976],[-118.09652349999999,33.734068200000024],[-118.09652349999999,33.734103800000014],[-118.09652740000001,33.734132999999986],[-118.09654289999997,33.73414600000001],[-118.09657010000001,33.734155699999974],[-118.09666709999999,33.734171899999978],[-118.0967369,33.734184900000002],[-118.09676409999997,33.734194600000023],[-118.09692699999999,33.73424],[-118.09704340000002,33.73427079999999],[-118.09735760000001,33.734342099999992],[-118.09754379999998,33.734382600000004],[-118.09777459999998,33.734426299999996],[-118.09800159999998,33.734468499999991],[-118.09826340000001,33.734510600000021],[-118.09844959999998,33.734538199999974],[-118.09865530000002,33.734575399999983],[-118.09881039999999,33.734601399999974],[-118.09895010000002,33.734632099999999],[-118.09917309999997,33.734684000000016],[-118.099468,33.734755300000018],[-118.09957229999998,33.734781899999973],[-118.09967219999999,33.734800699999994],[-118.09976310000002,33.734815700000013],[-118.0998707,33.73483520000002],[-118.09990970000001,33.734845600000028],[-118.09994010000003,33.734863200000007],[-118.09998059999998,33.73489189999998],[-118.09999629999999,33.73490670000001],[-118.09999720000002,33.73490750000002],[-118.10009910000002,33.734815700000013],[-118.10015399999997,33.734757600000023],[-118.10019599999998,33.734688699999992],[-118.10023969999997,33.734641399999987],[-118.10032539999997,33.73455100000001],[-118.10042879999997,33.734421300000008],[-118.10058240000001,33.734220100000016],[-118.10069709999999,33.734086400000024],[-118.10078440000001,33.733990500000004],[-118.10087490000001,33.733866200000023],[-118.10096870000001,33.733751499999983],[-118.10099780000002,33.733708200000024],[-118.1010091,33.733673099999976],[-118.10101559999998,33.73362179999998],[-118.10102039999998,33.733579899999995],[-118.10104790000003,33.733484099999998],[-118.10105920000001,33.733411100000012],[-118.10106730000001,33.733281499999975],[-118.10108339999999,33.733165299999996],[-118.10111089999998,33.732903299999975],[-118.10113360000003,33.732754800000009],[-118.10115300000001,33.732622400000025],[-118.10116749999997,33.73246979999999],[-118.10118690000002,33.732278000000008],[-118.10120790000002,33.73214569999999],[-118.10121279999998,33.732067400000005],[-118.10123700000003,33.731964699999992],[-118.10126129999998,33.731837799999994],[-118.10127899999998,33.731648699999994],[-118.10129519999998,33.731415000000027],[-118.10132270000003,33.731261099999983],[-118.10134049999999,33.731115199999977],[-118.10135179999997,33.731023400000026],[-118.10135339999999,33.73096129999999],[-118.1013696,33.730865400000027],[-118.1013873,33.730769500000008],[-118.10141479999999,33.730572300000006],[-118.10143579999999,33.730406200000004],[-118.1014649,33.730168499999991],[-118.1014892,33.729999700000008],[-118.10150529999999,33.729857799999991],[-118.10152470000003,33.729685000000018],[-118.10154260000002,33.729573899999991],[-118.10163790000001,33.728981299999987],[-118.10173159999999,33.728281700000025],[-118.10179790000001,33.727753600000028],[-118.1017994,33.727736999999991]]]},"properties":{"OBJECTID":301,"OBJL":"4","THEMELAYER":null,"INFORM":"33 CFR 110.215","OBJNAM":"Anaheim Bay Harbor West Side Naval Explosives Anchorage Area","SHAPE.AREA":2.0440496465000001e-05,"SHAPE.LEN":0.022616224949436499}}]}