mmsi,observed_at_utc,latitude,longitude,sog_knots,cog_degrees,heading_degrees,anchorage_object_id,anchorage_name,record_hash
369042000,2024-12-27 13:43:55+01:00,33.65312,-118.12663,8.7,40.5,40.0,297,Commercial Anchorage F (outside of Long Beach Breakwater),f4a8637ecba36fe1dcf4c129adf3f0e434d030f6349dafe26427bba9fcb282f7
369042000,2024-12-27 13:45:03+01:00,33.65527,-118.1245,8.8,40.8,40.0,297,Commercial Anchorage F (outside of Long Beach Breakwater),7db92172a25d1f5a4ea9081fcea23db2f03b2cbf0cb0921237659a5d22aeab8b
369042000,2024-12-27 13:46:04+01:00,33.65717,-118.12259,8.9,39.9,40.0,297,Commercial Anchorage F (outside of Long Beach Breakwater),368f523f8f4734bd09bafe2f566f3c4bf7d84fe3d395149b8228be5c48310ba3
369042000,2024-12-27 13:47:05+01:00,33.65906,-118.12067,8.9,39.7,40.0,297,Commercial Anchorage F (outside of Long Beach Breakwater),2d07b64d3cde7f22afce9db892d911a81f15767196157b68865387143acd03b3
369042000,2024-12-27 13:48:14+01:00,33.66127,-118.11844,8.9,40.0,39.0,297,Commercial Anchorage F (outside of Long Beach Breakwater),5eed4624c7f8af8c6a5baf22c2c27a3e9d76b764bccef59e5719cb248c72045e
369042000,2024-12-27 13:49:15+01:00,33.66317,-118.11654,9.0,39.5,41.0,297,Commercial Anchorage F (outside of Long Beach Breakwater),59e96a867db0f5f27729ca9d4c695ebd38b6a66dd94c3b87f470994f04a6289d
369042000,2024-12-27 13:50:25+01:00,33.66539,-118.11426,8.9,38.2,39.0,297,Commercial Anchorage F (outside of Long Beach Breakwater),661fba60bc356b7f4b8f78a1c6b398d382adaf397212c793b44344aafc61d6ab
369042000,2024-12-27 13:51:33+01:00,33.66757,-118.11211,8.9,39.8,40.0,297,Commercial Anchorage F (outside of Long Beach Breakwater),05a43a73c3140b2d47bc374e5447c39356d0a83f0a37cd224f54ea4afeb7414f
369042000,2024-12-27 13:52:34+01:00,33.66944,-118.1102,8.8,40.9,31.0,297,Commercial Anchorage F (outside of Long Beach Breakwater),e18f35cf35f1b2d4c9feb39c2f2d6e59b3c9709220529687545c7526a6480824
369042000,2024-12-27 13:53:37+01:00,33.67156,-118.10863,8.2,23.0,5.0,297,Commercial Anchorage F (outside of Long Beach Breakwater),17dd73a37286c83d1126e747157d8b302e2403c5d5d056ce7ad59c54312b3f01
369042000,2024-12-27 13:54:40+01:00,33.67386,-118.10832,7.6,357.2,349.0,297,Commercial Anchorage F (outside of Long Beach Breakwater),84e3e0eb5b894d9ef512cc55119068f2f58108a63577dc5139935dbe9a1a88d2
369042000,2024-12-27 13:55:44+01:00,33.67609,-118.10873,7.7,350.7,350.0,297,Commercial Anchorage F (outside of Long Beach Breakwater),3c21cc87def59dc742e3ccd4502019144c1fb75cf9fcc6334f904dc26d3a8c7b
369042000,2024-12-27 13:56:54+01:00,33.67862,-118.1092,7.8,350.5,350.0,297,Commercial Anchorage F (outside of Long Beach Breakwater),abd27a21693c9e1a707e5bb058cc60e6ba0c0b017cffd8c74a2e18c210fe3f2d
369042000,2024-12-27 13:57:55+01:00,33.68079,-118.10962,7.5,352.3,348.0,297,Commercial Anchorage F (outside of Long Beach Breakwater),3b5a45b2753758142bcdfd04c0c695c43079aaeae21981aa1801fb08d49efa0a
369042000,2024-12-27 13:59:04+01:00,33.68308,-118.11019,7.3,348.9,348.0,297,Commercial Anchorage F (outside of Long Beach Breakwater),9cc1e7887448ac37396eeaddb9d75f0a1e1ca6b2d4d430d0c896f94cfaa96fdd
369042000,2024-12-27 14:00:04+01:00,33.68508,-118.11064,7.1,348.1,346.0,297,Commercial Anchorage F (outside of Long Beach Breakwater),048cbbbc9d6a1eb62ff58bfa832057507215b04e83fbb8ea31b9edbd498a9d98
369042000,2024-12-27 14:01:05+01:00,33.687,-118.11105,6.8,347.3,319.0,297,Commercial Anchorage F (outside of Long Beach Breakwater),3bf5b37a3926a758a6f2ad3d5db5016f8bf5295f9897b47269abb07f895fdeae
369042000,2024-12-27 14:02:08+01:00,33.6884,-118.11212,5.1,314.4,281.0,297,Commercial Anchorage F (outside of Long Beach Breakwater),60c3c58af2d6fa189874d29a71dcd79dd8bed01084b4e60e98c629aa8743524f
369042000,2024-12-27 14:03:12+01:00,33.68897,-118.11343,3.7,285.2,253.0,297,Commercial Anchorage F (outside of Long Beach Breakwater),6702b86830bc35497f97bff6e649ccee689f02982c90b2139550ad3c32f155d5
369042000,2024-12-27 14:04:14+01:00,33.68902,-118.11453,2.8,262.4,236.0,297,Commercial Anchorage F (outside of Long Beach Breakwater),d4c897cd9dc15631f664d9843d78c62836441d6364b24d3f445d8d74583c5ce8
369042000,2024-12-27 14:05:25+01:00,33.68876,-118.11549,2.4,247.0,228.0,297,Commercial Anchorage F (outside of Long Beach Breakwater),26d44d99bd2dce0d70e8e7714eb3c0c1dd7a4d910d17747ed65b0ac9141aaec7
369042000,2024-12-27 14:06:34+01:00,33.68842,-118.11621,1.8,239.3,224.0,297,Commercial Anchorage F (outside of Long Beach Breakwater),2acdc781feca7a395bcd8e4d1ea12cc44cb6cc264f74d4ab478e4d88d5b5a7f3
369042000,2024-12-27 14:07:35+01:00,33.68819,-118.11664,1.1,236.1,222.0,297,Commercial Anchorage F (outside of Long Beach Breakwater),78f1b8d86002f14fd9ad5ec121e234789b86fc7eb92295769fdb472a1966b100
369042000,2024-12-27 14:08:45+01:00,33.68811,-118.11674,0.1,110.6,226.0,297,Commercial Anchorage F (outside of Long Beach Breakwater),e21f13b3f03247dd137053ee7c1457b707e0dbb7257630b707123c33ea94327a
369042000,2024-12-27 14:09:54+01:00,33.68811,-118.11665,0.4,68.4,231.0,297,Commercial Anchorage F (outside of Long Beach Breakwater),3cb3712a7aca8492f750cd1cc94282513a59eef9e90fb6ac69fe37af4ac5ab4e
369042000,2024-12-27 14:11:04+01:00,33.68823,-118.11643,0.6,63.5,235.0,297,Commercial Anchorage F (outside of Long Beach Breakwater),e6be74a7cbdbb59938c65cd615efd0438e150d04d0eda6a703a8c8856587c6de
369042000,2024-12-27 14:12:05+01:00,33.68835,-118.11624,0.6,44.2,239.0,297,Commercial Anchorage F (outside of Long Beach Breakwater),41b22e469decb09ef7adf102d385330d0a6f6910d5a9d23bd03c7f8e5baf1e0a
369042000,2024-12-27 14:13:14+01:00,33.68843,-118.11606,0.5,62.9,244.0,297,Commercial Anchorage F (outside of Long Beach Breakwater),af1819743585f016b27be36181017c8f2eced348d57a1a13145bb923821fed6b
369042000,2024-12-27 14:14:23+01:00,33.68852,-118.1159,0.4,73.9,248.0,297,Commercial Anchorage F (outside of Long Beach Breakwater),a1b0b3ed36751379a18d881e99dda341d388d39e01bd8bd176324f01a7a845cd
369042000,2024-12-27 14:15:24+01:00,33.6886,-118.11577,0.4,61.0,250.0,297,Commercial Anchorage F (outside of Long Beach Breakwater),97b1270c266a7f570c2d2823e99c69c8090f762d3f6528b1ba5da8ddf2330566
369042000,2024-12-27 14:16:25+01:00,33.68865,-118.11564,0.4,47.2,251.0,297,Commercial Anchorage F (outside of Long Beach Breakwater),eab46b3a32ef41ce4caabb3d5d9e1fa8fe1029265b2d17055dd93ac670740e1c
369042000,2024-12-27 14:17:34+01:00,33.68873,-118.11552,0.4,51.6,252.0,297,Commercial Anchorage F (outside of Long Beach Breakwater),1d51d02cc083788aa78c4a01da50e57aef07b73bbd14d65f0dc81b9ab73c9fe6
369042000,2024-12-27 14:18:35+01:00,33.68882,-118.11539,0.4,48.2,252.0,297,Commercial Anchorage F (outside of Long Beach Breakwater),136633d82986d04b7d90c8324e09a0812d63033d129294be4950138a99bfd1cb
369042000,2024-12-27 14:19:44+01:00,33.68893,-118.11522,0.4,55.6,252.0,297,Commercial Anchorage F (outside of Long Beach Breakwater),87db5a694c9a80f0ab777b56c4edf8589401891460c484f0d2f26fab2b4230d6
369042000,2024-12-27 14:20:54+01:00,33.68902,-118.1151,0.4,48.5,251.0,297,Commercial Anchorage F (outside of Long Beach Breakwater),41cb4e31e77a4c511475ce866f543cc18bbe849c2327054985db7f41559de495
369042000,2024-12-27 14:22:04+01:00,33.6891,-118.11502,0.2,4.5,247.0,297,Commercial Anchorage F (outside of Long Beach Breakwater),770fdd819705881514d84b74e9239ce1ea6cf506706110ed2bd477e2d6655c31
369042000,2024-12-27 14:23:05+01:00,33.6892,-118.11504,0.2,335.1,241.0,297,Commercial Anchorage F (outside of Long Beach Breakwater),c43b0d15b7d8738d94ff2929bb42fcf25ff044ed0de70ebd90f53a35072e8fb9
369042000,2024-12-27 14:24:13+01:00,33.68927,-118.11513,0.2,294.1,232.0,297,Commercial Anchorage F (outside of Long Beach Breakwater),dce7fb006d7cad715d190cf01c11a713b2e71fdbbc344c5380f03e5a30b30268
369042000,2024-12-27 14:25:14+01:00,33.68932,-118.11521,0.3,297.1,227.0,297,Commercial Anchorage F (outside of Long Beach Breakwater),bb88395034deb421276ed3adf8735f46a0672c6003299d1d5e905030a317539e
369042000,2024-12-27 14:26:24+01:00,33.68934,-118.11533,0.2,272.9,221.0,297,Commercial Anchorage F (outside of Long Beach Breakwater),30c4cb55886530112671f001f1b60ebb22f5368dace5f6726b6a46801a1226f0
369042000,2024-12-27 14:28:42+01:00,33.68936,-118.11556,0.1,256.1,214.0,297,Commercial Anchorage F (outside of Long Beach Breakwater),7ac3e4025f9a9968c9a4e2d74844154c5cd351b5dc7a0f771625b488ca16591c
369042000,2024-12-27 14:31:41+01:00,33.68938,-118.11576,0.1,283.6,208.0,297,Commercial Anchorage F (outside of Long Beach Breakwater),c83c791e0942ac1c9b18704fe23021177cbe536a68642a09b6094b8b468d949c
369042000,2024-12-27 14:34:41+01:00,33.68941,-118.11596,0.1,299.8,202.0,297,Commercial Anchorage F (outside of Long Beach Breakwater),37c1258252567bc56692da81f94ff93fddaa56ab8909d00c569ee63f95c8c18b
369042000,2024-12-27 14:40:40+01:00,33.68966,-118.11616,0.4,299.3,187.0,297,Commercial Anchorage F (outside of Long Beach Breakwater),d6372b5d197900be5800aa5bd6efe91a55ab8d596c6f2845c69e1d823f4fb7b6
369042000,2024-12-27 14:52:47+01:00,33.6899,-118.11612,0.1,272.9,194.0,297,Commercial Anchorage F (outside of Long Beach Breakwater),86cf9d72e777d21c50aefa3c02f8d988758d40bfa320800e985eaca94f72b918
369042000,2024-12-27 14:55:41+01:00,33.68991,-118.1162,0.0,261.1,188.0,297,Commercial Anchorage F (outside of Long Beach Breakwater),4cd783e953d96b9639ad4a23ffc94b61d89862148ae6644501d8d39f51c094cc
369042000,2024-12-27 14:58:42+01:00,33.68984,-118.11626,0.0,269.4,184.0,297,Commercial Anchorage F (outside of Long Beach Breakwater),f5c0bc778c4e2211b2ddef54ad11f849710e57c7f12e7fa9e738cba1514c36f9
369042000,2024-12-27 15:01:41+01:00,33.68984,-118.11627,0.3,257.9,183.0,297,Commercial Anchorage F (outside of Long Beach Breakwater),e142cfcb0f4a5a4c20b9b58f7985616114ce50b165da36df1fdb866db5f5df3b
369042000,2024-12-27 15:04:44+01:00,33.68979,-118.11618,0.7,97.4,187.0,297,Commercial Anchorage F (outside of Long Beach Breakwater),1e52edba6abb8df8328349e82db7544f76d94f400b4d83417099c4bd16d5aa2c
369042000,2024-12-27 15:07:43+01:00,33.6898,-118.11609,0.1,92.3,191.0,297,Commercial Anchorage F (outside of Long Beach Breakwater),f0f0ef247cee012d0376b793cb15b88de0c4708f4c7d14cc230abb1f11d94526
369042000,2024-12-27 15:10:43+01:00,33.68981,-118.11607,0.1,91.1,193.0,297,Commercial Anchorage F (outside of Long Beach Breakwater),ce791831c3def8b79579818c5261883f32bc6e3149171f8b7ae2e5dee9bfbfff
369042000,2024-12-27 15:16:41+01:00,33.68985,-118.116,0.0,300.3,195.0,297,Commercial Anchorage F (outside of Long Beach Breakwater),13bdfe3eb8e40d95ffa75f38e6f2708640fcf49cb9d29890ecfc0a2c583329ab
369042000,2024-12-27 15:19:38+01:00,33.68987,-118.11605,0.0,296.3,195.0,297,Commercial Anchorage F (outside of Long Beach Breakwater),cba0f66f7779eb9ddc79d93d8b369e56554b87b1f8a98f911e73ce33e4dc6d17
369042000,2024-12-27 15:22:41+01:00,33.68991,-118.11609,0.1,278.7,193.0,297,Commercial Anchorage F (outside of Long Beach Breakwater),744fd78180028d988861e6b2c2add0594c5b796c65f20c8d7ab0c1d182c4771e
369042000,2024-12-27 15:25:43+01:00,33.6899,-118.11611,0.1,121.3,193.0,297,Commercial Anchorage F (outside of Long Beach Breakwater),a7311219a9187e417a0d420aca1e6f78b74d132831fd97dcac6e85a3ad0badaf
369042000,2024-12-27 15:28:42+01:00,33.68986,-118.11613,0.0,272.8,192.0,297,Commercial Anchorage F (outside of Long Beach Breakwater),dee920001286ae9081acbd6b7c6d37a7c8e16871acb18d464d3fff0fa4da23c6
369042000,2024-12-27 15:43:44+01:00,33.68986,-118.11606,0.0,276.2,196.0,297,Commercial Anchorage F (outside of Long Beach Breakwater),1e596ba11e31830a9340bf1e6d0df0e1693abc175686d4ee2da708e2fdc012cb
369042000,2024-12-27 15:49:42+01:00,33.68983,-118.11612,0.1,108.0,192.0,297,Commercial Anchorage F (outside of Long Beach Breakwater),8d394bbb0faa705345c3b319c7bb2aa649b63e81b91dcac9c95cdbd0d2e8f0dd
369042000,2024-12-27 15:55:45+01:00,33.68982,-118.11602,0.2,111.7,192.0,297,Commercial Anchorage F (outside of Long Beach Breakwater),d21859059eb54b718b45b4c6742f513fa95f4b8139fc961280a5304d836ede8f
369042000,2024-12-27 15:58:43+01:00,33.68974,-118.11593,0.1,121.2,199.0,297,Commercial Anchorage F (outside of Long Beach Breakwater),04405adfd5bb12377c535a7840f953e4193c9cc4f85a3872eb39de1b9550d263
369042000,2024-12-27 16:01:45+01:00,33.68969,-118.11589,0.0,105.7,200.0,297,Commercial Anchorage F (outside of Long Beach Breakwater),b08bef59b713738682e287f7818ef1e4346e4a8401524ba9d1e88efc18d160b1
369042000,2024-12-27 16:04:45+01:00,33.6897,-118.11579,0.1,129.0,200.0,297,Commercial Anchorage F (outside of Long Beach Breakwater),50c588f8b6e22d9180b787a70914a0620a94631aaaceab9eb1435e8bfb8746e4
369042000,2024-12-27 16:07:46+01:00,33.68966,-118.1157,0.1,113.3,205.0,297,Commercial Anchorage F (outside of Long Beach Breakwater),73b0061772ce4c58881c55a731933e4492bc2f25c3562feb427919112437a621
369042000,2024-12-27 16:10:39+01:00,33.6896,-118.11566,0.0,111.5,208.0,297,Commercial Anchorage F (outside of Long Beach Breakwater),ab015b5b2004305985a363eb644a70c8fcfd2df7c3c47a3e459816534b5a284f
369042000,2024-12-27 16:13:48+01:00,33.6896,-118.11562,0.1,109.0,207.0,297,Commercial Anchorage F (outside of Long Beach Breakwater),7cbaa6975d58b8c99ab567eeb15c91d0a34d839c41f3daa5c626b6b837874b2b
369042000,2024-12-27 16:22:43+01:00,33.68955,-118.11557,0.0,312.2,213.0,297,Commercial Anchorage F (outside of Long Beach Breakwater),2a628cc9e278961ffb01e7f693bcfddfe12f8ce76daa98046f815ceedc2cb968
369042000,2024-12-27 16:25:42+01:00,33.68959,-118.11558,0.1,318.7,209.0,297,Commercial Anchorage F (outside of Long Beach Breakwater),408da67af6e05b8c772f23ec88e2f75913f380ca9956e1948804560e8ba8c392
369042000,2024-12-27 16:37:42+01:00,33.68972,-118.11584,0.0,294.9,199.0,297,Commercial Anchorage F (outside of Long Beach Breakwater),3e3e9ebc90af89e72d9a47a6bef436e44f42fae64e3ba34c2dca1cbb3079d6e8
369042000,2024-12-27 16:43:42+01:00,33.68972,-118.1159,0.3,108.2,197.0,297,Commercial Anchorage F (outside of Long Beach Breakwater),0b058501dd321062eb4c567ac6c1d50f7b3f1173aa4dd7e190b58ea0ffec7467
369042000,2024-12-27 16:46:42+01:00,33.68968,-118.11594,0.1,277.1,195.0,297,Commercial Anchorage F (outside of Long Beach Breakwater),5536514983b0512cda68e8b70dd0078a4994a0035e8df28b39c9a23ba0639cd5
369042000,2024-12-27 16:52:42+01:00,33.68965,-118.11604,0.2,291.9,189.0,297,Commercial Anchorage F (outside of Long Beach Breakwater),d340f0d49da835e81e1dc6baea87c02c48f3cd5f253e1a0d835587b0d1d3da56
369042000,2024-12-27 16:55:42+01:00,33.68967,-118.11604,0.0,91.0,192.0,297,Commercial Anchorage F (outside of Long Beach Breakwater),646d5bc01e76b28f83934f226b51b111bd495cafa9036890e3b7ff30413e0309
369042000,2024-12-27 16:58:39+01:00,33.68971,-118.11604,0.1,91.1,191.0,297,Commercial Anchorage F (outside of Long Beach Breakwater),e123125a9dd5b7a0bdccd465f4ab4dcf8cb7b43eef39e9d42c9c4ed358e3115a
369042000,2024-12-27 17:01:45+01:00,33.68976,-118.11602,0.0,88.6,192.0,297,Commercial Anchorage F (outside of Long Beach Breakwater),db3fbf239c736eb32021bd912a9753ba4058edfcc9be1bbab84e3974d3e06a96
369042000,2024-12-27 17:04:43+01:00,33.68979,-118.11599,0.2,123.2,197.0,297,Commercial Anchorage F (outside of Long Beach Breakwater),a9551a8d90f407b1375069971dfa95edb8de5f37e6dc9b9c698ae4d95419e080
369042000,2024-12-27 17:07:44+01:00,33.68983,-118.11605,0.1,290.7,196.0,297,Commercial Anchorage F (outside of Long Beach Breakwater),c98bcbe3463c82f37ec5f6a85b85d3f8ddba5dcdcb528264a3d87484ae5e9add
369042000,2024-12-27 17:10:39+01:00,33.68983,-118.11613,0.2,278.3,191.0,297,Commercial Anchorage F (outside of Long Beach Breakwater),11c7cf171401ff7822ae27e9c56748ddce452ff334f9b9c28553bbc66a043f0a
369042000,2024-12-27 17:19:49+01:00,33.68979,-118.11632,0.1,275.9,187.0,297,Commercial Anchorage F (outside of Long Beach Breakwater),c5df238fc96e7d45760a3fd453986f09840e795ab1bb259f6aec12306b897044
369042000,2024-12-27 17:22:42+01:00,33.68985,-118.11633,0.3,298.2,186.0,297,Commercial Anchorage F (outside of Long Beach Breakwater),f53a266ad2d2b8ad96afb14947840a706c81b5e4df0131a192242d0546e3fe0c
369042000,2024-12-27 17:25:46+01:00,33.68994,-118.11634,0.1,302.6,184.0,297,Commercial Anchorage F (outside of Long Beach Breakwater),468d764833d761a96748bcf2f86825e6ba6171ecd37b760fc9a97666c2beae50
369042000,2024-12-27 17:43:45+01:00,33.69009,-118.11662,0.1,278.6,181.0,297,Commercial Anchorage F (outside of Long Beach Breakwater),2d8b2577320e70c25d56bf7e19b9cd21752324f95bbd1169e9a15d1bd6384659
369042000,2024-12-27 17:46:45+01:00,33.69013,-118.11669,0.2,89.6,182.0,297,Commercial Anchorage F (outside of Long Beach Breakwater),73576e4e210e6cf494bfd740d41159ada73aed2f9bb5d0e5eeeeba22870ec649
369042000,2024-12-27 17:49:44+01:00,33.69012,-118.11674,0.0,262.8,181.0,297,Commercial Anchorage F (outside of Long Beach Breakwater),a0f28bc94593ac640a7742556e7cfd903d3cfed9aa67fd6589bd03b906e230b8
369042000,2024-12-27 17:52:46+01:00,33.6901,-118.11683,0.2,263.9,177.0,297,Commercial Anchorage F (outside of Long Beach Breakwater),d7542f7aa926ba5d147308f20aae9bf6adf19a7cde8c83f60874dbe9933246d0
369042000,2024-12-27 17:55:39+01:00,33.69008,-118.11688,0.2,79.0,174.0,297,Commercial Anchorage F (outside of Long Beach Breakwater),c19f3ca2adae2ac6df97f8ff7a33a09aa693758bee716866a777202e10fe3e42
369042000,2024-12-27 17:58:45+01:00,33.69013,-118.11693,0.1,71.7,172.0,297,Commercial Anchorage F (outside of Long Beach Breakwater),08d194a69baed99f6ccd16b789a0fcadcbb9707c77e3df0169f6f756fcab8318
369042000,2024-12-27 18:04:45+01:00,33.69012,-118.11692,0.3,86.3,173.0,297,Commercial Anchorage F (outside of Long Beach Breakwater),ff707b30f41010cf41c86296e744f8661e4dcca24600417a2893fdfdd1b5611f
369042000,2024-12-27 18:07:44+01:00,33.6901,-118.11693,0.2,255.0,172.0,297,Commercial Anchorage F (outside of Long Beach Breakwater),b165f6df1b7ad03cfc32d9dd01668fc53f4e0fd2129e626f12c95758ba5d65b8
369042000,2024-12-27 18:10:44+01:00,33.6901,-118.11688,0.3,264.8,171.0,297,Commercial Anchorage F (outside of Long Beach Breakwater),48d8fc9d57070c418889b4a0eebc9dd7452ac2f74e64fb745b94e60a89a26108
369042000,2024-12-27 18:13:46+01:00,33.6901,-118.11679,0.0,94.5,172.0,297,Commercial Anchorage F (outside of Long Beach Breakwater),79f8a00156696bfc0870bc6195450d9602ad0eac4a4773a24f77abba441446ad
369042000,2024-12-27 18:22:44+01:00,33.6901,-118.11661,0.0,285.0,181.0,297,Commercial Anchorage F (outside of Long Beach Breakwater),0e3ea64295c7989cd72f272e74ab67a8751e0d06f4e259faf6d8008854ce6a76
369042000,2024-12-27 18:25:40+01:00,33.69013,-118.11664,0.1,258.6,180.0,297,Commercial Anchorage F (outside of Long Beach Breakwater),57a003303d595cd5de9168520673627f7d75ce0eb5dd7659c6c7a80de63116cc
369042000,2024-12-27 18:28:45+01:00,33.69009,-118.11668,0.2,253.6,181.0,297,Commercial Anchorage F (outside of Long Beach Breakwater),e8942d2065eebb0db09a7bae916120aa8c2e570a9a19d34540e8529a4006c69e
369042000,2024-12-27 18:43:43+01:00,33.69013,-118.11694,0.1,252.4,170.0,297,Commercial Anchorage F (outside of Long Beach Breakwater),ba59f6fa2a4d87f460070c41cb3d73c0e8848028458374d03d13c3b104a95cf2
369042000,2024-12-27 18:46:46+01:00,33.6901,-118.11678,0.1,94.3,178.0,297,Commercial Anchorage F (outside of Long Beach Breakwater),ca0b1e8cc9eb2676186a3c8ff7f6f254948ed12baf2518ec8b0433e6705f1ba0
369042000,2024-12-27 18:55:42+01:00,33.69021,-118.11684,0.1,266.2,177.0,297,Commercial Anchorage F (outside of Long Beach Breakwater),1515e371991b1841ad7b568c1b1398934a8bc8e545f74235106e5fa2c451152c
369042000,2024-12-27 18:58:47+01:00,33.6902,-118.11691,0.2,101.7,178.0,297,Commercial Anchorage F (outside of Long Beach Breakwater),2197215af1ff96ba0a20cb3aa013741e8f841d251f67695a9d931de371e1742d
369042000,2024-12-27 19:01:43+01:00,33.69018,-118.11702,0.1,248.4,175.0,297,Commercial Anchorage F (outside of Long Beach Breakwater),419551342556ec4e96d192e53ce5b886fed0acb1b9a69d6693e1f5fe002d1211
369042000,2024-12-27 19:04:44+01:00,33.69016,-118.11713,0.1,71.9,170.0,297,Commercial Anchorage F (outside of Long Beach Breakwater),c25764fc78b07c810949f4b16bc9af579952604137d451031c2a18f585e3d3c4
369042000,2024-12-27 19:07:39+01:00,33.6902,-118.11721,0.0,274.2,167.0,297,Commercial Anchorage F (outside of Long Beach Breakwater),0933563f09745e562aac1b1b7f5d5c1803aabb975314e75da572ef2fd2781ecc
369042000,2024-12-27 19:10:42+01:00,33.69018,-118.11721,0.3,258.0,167.0,297,Commercial Anchorage F (outside of Long Beach Breakwater),e7e33ce49e1cda0aea2a6a2b017b2f64c80f8594b608312b3580ea58aab97616
369042000,2024-12-27 19:13:42+01:00,33.69018,-118.11712,0.2,77.3,169.0,297,Commercial Anchorage F (outside of Long Beach Breakwater),10b13addad1fe79271a4009929b092589f1e37c3d47cb03da2dd3518ce396964
369042000,2024-12-27 19:16:44+01:00,33.6902,-118.11692,0.8,86.8,175.0,297,Commercial Anchorage F (outside of Long Beach Breakwater),3cf672dbcae74a24dcbb277a8fb2772cf734be95a6ac6974ded19192b5585ffd
369042000,2024-12-27 19:19:42+01:00,33.69022,-118.11677,0.2,270.0,180.0,297,Commercial Anchorage F (outside of Long Beach Breakwater),1dad799191f0d9d44c32ddc7c13f1ee4f321f515fc922fa0789209baaff5b504
369042000,2024-12-27 19:22:48+01:00,33.69019,-118.1167,0.2,246.7,183.0,297,Commercial Anchorage F (outside of Long Beach Breakwater),6a265f05cf2902aa661e92909e8294cc5c4d2e2f342b5ec5e4ac14d6ae0eafb3
369042000,2024-12-27 19:25:42+01:00,33.69015,-118.11667,0.0,99.8,182.0,297,Commercial Anchorage F (outside of Long Beach Breakwater),858634db9227db8d1009da909ca7a68714edee3ebcda2ff5d2c565422f7b2060
369042000,2024-12-27 19:28:48+01:00,33.69016,-118.11664,0.0,76.6,181.0,297,Commercial Anchorage F (outside of Long Beach Breakwater),e131da5d8c35513ca908a73cab30886ec8e482032255118f559baec854847c23
369042000,2024-12-27 19:31:43+01:00,33.69018,-118.11661,0.1,95.9,184.0,297,Commercial Anchorage F (outside of Long Beach Breakwater),57e29167eeb3798fd9b3c6c2823e2ece127e91052623bf5f76b47acf73d112de
369042000,2024-12-27 19:34:46+01:00,33.69014,-118.11667,0.0,254.0,183.0,297,Commercial Anchorage F (outside of Long Beach Breakwater),75b03cff52271b57bff0090afa9829a201453b5ccfad6d9c7ce5696404976ae6
369042000,2024-12-27 19:37:46+01:00,33.69013,-118.11676,0.2,267.4,180.0,297,Commercial Anchorage F (outside of Long Beach Breakwater),0530cea774ef8c58e2deb15839983028927ecff4ca47d8ecff6dd8b557712001
369042000,2024-12-27 19:40:48+01:00,33.69018,-118.11683,0.0,269.3,178.0,297,Commercial Anchorage F (outside of Long Beach Breakwater),b89d1ab214097b0d119e5b1c1572c35d6954a8e6262ae8512a817b6d6fbf0d75
369042000,2024-12-27 19:43:44+01:00,33.69021,-118.11685,0.0,86.1,177.0,297,Commercial Anchorage F (outside of Long Beach Breakwater),9703e82a5c440e47e0143bd04121de2cb116c86b0e92a5bfa8b005b48ee728bb
369042000,2024-12-27 19:46:49+01:00,33.69017,-118.11684,0.0,111.1,177.0,297,Commercial Anchorage F (outside of Long Beach Breakwater),edddfd4de0acce02e054f9e75891135c76c0816bcfc82149080155d1bbe6e403
369042000,2024-12-27 19:49:40+01:00,33.69015,-118.11678,0.5,279.6,178.0,297,Commercial Anchorage F (outside of Long Beach Breakwater),e0418c2f628e0851957355ef8dd1d0d45b85d43b31fbab0ed644b34fa6740fdd
369042000,2024-12-27 19:52:43+01:00,33.69018,-118.11679,0.1,300.9,178.0,297,Commercial Anchorage F (outside of Long Beach Breakwater),38716215a94f44434098529242798a65f33a7a0b8ea0f88194439086000f41a1
369042000,2024-12-27 19:55:45+01:00,33.6902,-118.11678,0.1,95.1,178.0,297,Commercial Anchorage F (outside of Long Beach Breakwater),b1a70d5f9f8237d7cb6672e04891d917ee8c4c0d0916bedc56ec6927a02fdf8e
369042000,2024-12-27 19:58:43+01:00,33.69018,-118.11674,0.2,98.4,180.0,297,Commercial Anchorage F (outside of Long Beach Breakwater),a9783450479653ad7ab2eaa3101ac59d0f337f2a01c575cbb81197a5c9de0992
369042000,2024-12-27 20:01:44+01:00,33.69014,-118.11669,0.0,271.7,181.0,297,Commercial Anchorage F (outside of Long Beach Breakwater),328722293bea81b3b56005c44c14fb5268bd2b7e4e7baac6c096116c846c834b
369042000,2024-12-27 20:04:42+01:00,33.69015,-118.11663,0.2,87.0,181.0,297,Commercial Anchorage F (outside of Long Beach Breakwater),0decd91d59754e11544b7df31240e09b9a8f1ae9d1aa580c1698530ad1286ec2
369042000,2024-12-27 20:07:45+01:00,33.69015,-118.11651,0.0,108.9,187.0,297,Commercial Anchorage F (outside of Long Beach Breakwater),d78130ca3c26935a492ab0e09ce058b777183ee1d8fd038ee3f7276078141dad
369042000,2024-12-27 20:10:44+01:00,33.69011,-118.11638,0.2,106.0,193.0,297,Commercial Anchorage F (outside of Long Beach Breakwater),55d3497429bd0e456c62af352f0e2fb949d28da170e60a299f7602794db12c4c
369042000,2024-12-27 20:13:44+01:00,33.69008,-118.11633,0.0,267.2,194.0,297,Commercial Anchorage F (outside of Long Beach Breakwater),8b3e6f3afd3dd7ecda3719bfbed4c0b7398817924121c740912309e431812b08
369042000,2024-12-27 20:16:42+01:00,33.69007,-118.11636,0.0,289.4,191.0,297,Commercial Anchorage F (outside of Long Beach Breakwater),0982beb9a68577f219d4d96136fbc5cc761d20600f0066d11e50b447ea4b9fd9
369042000,2024-12-27 20:19:46+01:00,33.69013,-118.11642,0.0,86.5,187.0,297,Commercial Anchorage F (outside of Long Beach Breakwater),6202bf8220deb848cb10841fd785866b99bcb24b3f9a754b8ac8682743315712
369042000,2024-12-27 20:22:42+01:00,33.69014,-118.1164,0.3,110.9,188.0,297,Commercial Anchorage F (outside of Long Beach Breakwater),d94f08fb5fcb5bcdd53d210d790248ca6f153fe019cb9d1ff42d361c1aa605a4
369042000,2024-12-27 20:25:44+01:00,33.69012,-118.11639,0.0,113.3,190.0,297,Commercial Anchorage F (outside of Long Beach Breakwater),e5dabb0d144dfe8c993a1162e76cc43301afb94d810af0e838790ad24bf16902
369042000,2024-12-27 20:28:44+01:00,33.69011,-118.11644,0.0,299.0,189.0,297,Commercial Anchorage F (outside of Long Beach Breakwater),847ac3c5534434daa6f7c0f599d8629e1f920ef7e6a9d7d236a358af739b0ea8
369042000,2024-12-27 20:31:44+01:00,33.69013,-118.11643,0.1,265.1,186.0,297,Commercial Anchorage F (outside of Long Beach Breakwater),d1fdc7a9ac203b7225d1cdbbcd03475f7dc1b74e9e213526c5943a9fe4cc88ce
369042000,2024-12-27 20:34:45+01:00,33.6901,-118.11637,0.0,107.2,189.0,297,Commercial Anchorage F (outside of Long Beach Breakwater),6424df792d47ee7222be0881db36cdc07ee705b043ed09692606a504206fcced
369042000,2024-12-27 20:37:40+01:00,33.69008,-118.11634,0.3,103.2,191.0,297,Commercial Anchorage F (outside of Long Beach Breakwater),01b7abda612540f81b60c11f25436d078b2c8914bbde16a3190cac5e58556afa
369042000,2024-12-27 20:40:46+01:00,33.69008,-118.11634,0.3,289.7,189.0,297,Commercial Anchorage F (outside of Long Beach Breakwater),132b8ed1dabd438034c00ea89dae98f86d664bd48b4e04517f396bad386cde2a
369042000,2024-12-27 20:43:43+01:00,33.6901,-118.11635,0.1,103.9,189.0,297,Commercial Anchorage F (outside of Long Beach Breakwater),1ddb02898da527a8cb0ac70fce1f4c831bf93d5e5c14a9c5eaa9a198f6005a33
369042000,2024-12-27 20:46:43+01:00,33.6901,-118.11638,0.2,288.1,191.0,297,Commercial Anchorage F (outside of Long Beach Breakwater),e031834b0bb5cf9a280d36382c9916aff54fb2a111abb2d6c877ecdf4a5c8a52
369042000,2024-12-27 20:49:43+01:00,33.69013,-118.11644,0.2,289.1,187.0,297,Commercial Anchorage F (outside of Long Beach Breakwater),6cfdc6c25110762374cd0a06eeefbac0cffd65ea10de1f35b23ac13bd285c3e7
369042000,2024-12-27 20:52:48+01:00,33.69015,-118.11651,0.1,100.2,185.0,297,Commercial Anchorage F (outside of Long Beach Breakwater),40bb1a3f2f91a8241662d901f4a7fffa5d4b716492a79d7af8f6b3942d7c6e92
369042000,2024-12-27 20:55:49+01:00,33.69014,-118.11649,0.0,111.8,181.0,297,Commercial Anchorage F (outside of Long Beach Breakwater),ae0869dd29d701db014f5f5eee404e4a4f3d1053a0bec829ecb8a40e604c3a69
369042000,2024-12-27 20:58:50+01:00,33.69009,-118.11642,0.2,278.4,184.0,297,Commercial Anchorage F (outside of Long Beach Breakwater),f2b114ce027a17507460921bf04a964694c1366eb604c98f01137f15d911ff7f
369042000,2024-12-27 21:01:43+01:00,33.69007,-118.11639,0.1,94.1,186.0,297,Commercial Anchorage F (outside of Long Beach Breakwater),49cbcb272b7815c09c3a86e7680a099f19e10360906da73995139036633f43f3
369042000,2024-12-27 21:04:48+01:00,33.69008,-118.11637,0.1,99.6,188.0,297,Commercial Anchorage F (outside of Long Beach Breakwater),8b967f73706383959bebc006b4f155f5c8b339d5fc2515916f6e7d22b0b0783a
369042000,2024-12-27 21:07:40+01:00,33.69012,-118.11637,0.2,97.9,188.0,297,Commercial Anchorage F (outside of Long Beach Breakwater),3e9341ff0288f52f9147128282ed3eaee3f4ae54b7d38edb4c3a4585122365e8
369042000,2024-12-27 21:10:48+01:00,33.69014,-118.11636,0.4,285.1,189.0,297,Commercial Anchorage F (outside of Long Beach Breakwater),c6aefb51c1dc03530c28249bdbd026a96943fcb26637792f8d3468aad8c06a15
369042000,2024-12-27 21:13:45+01:00,33.69011,-118.11642,0.1,103.8,186.0,297,Commercial Anchorage F (outside of Long Beach Breakwater),b60d8ce7b241687f4b451aee76099bbbd361b2be3e0e355bed32a4f921bcb6bc
369042000,2024-12-27 21:16:50+01:00,33.6901,-118.11645,0.0,283.8,186.0,297,Commercial Anchorage F (outside of Long Beach Breakwater),8853739ff39638f2c967dadde516bf2c7e18fa19585ba8627213a117970eb671
369042000,2024-12-27 21:19:44+01:00,33.69014,-118.11646,0.0,285.4,187.0,297,Commercial Anchorage F (outside of Long Beach Breakwater),d635ed5bd83cb2f43aa4a77d7a22b3150168caf593097fc55228131d6975f058
369042000,2024-12-27 21:22:49+01:00,33.69017,-118.11652,0.2,92.6,185.0,297,Commercial Anchorage F (outside of Long Beach Breakwater),4b70158230f18f3ac4319d3eab8326b2a38863be2f5de4dfa0f84b1e5a871d2d
369042000,2024-12-27 21:25:45+01:00,33.6902,-118.11662,0.1,262.6,181.0,297,Commercial Anchorage F (outside of Long Beach Breakwater),904eb7006e30c2061b1dc99d388f0633b75ec81e48c41696cac788637e0bcb00
369042000,2024-12-27 21:28:45+01:00,33.69015,-118.11663,0.1,120.5,182.0,297,Commercial Anchorage F (outside of Long Beach Breakwater),7a8405159669276485c1904ed11d79593f27761f9f146fee0f9ff6249630ca75
369042000,2024-12-27 21:31:45+01:00,33.69015,-118.11666,0.1,276.6,182.0,297,Commercial Anchorage F (outside of Long Beach Breakwater),c0e9d1de287b20fc78263a416dbbf90e8a664104d521d318a308da42a771bda3
369042000,2024-12-27 21:34:46+01:00,33.69019,-118.11667,0.2,63.6,183.0,297,Commercial Anchorage F (outside of Long Beach Breakwater),c8581b63041dc77713de1a240d1cdd2c714e982f40f24356b56f178783305410
369042000,2024-12-27 21:37:49+01:00,33.69023,-118.11665,0.0,300.3,183.0,297,Commercial Anchorage F (outside of Long Beach Breakwater),3c7408f940839d6c3c3c4157dff1eb914381e22049bfcf7e1f9c20b6e7d36259
369042000,2024-12-27 21:40:46+01:00,33.6902,-118.11667,0.1,269.8,183.0,297,Commercial Anchorage F (outside of Long Beach Breakwater),4827cca153ae6171ae50bf279ef5d2c8c5a2af5383d8cc48d2ceda8c39eae4f6
369042000,2024-12-27 21:43:44+01:00,33.69018,-118.11668,0.0,106.3,182.0,297,Commercial Anchorage F (outside of Long Beach Breakwater),45bfc925d950a636d87c3c14a7b3d72a479ca4860246b8619141f0a76f0e5807
369042000,2024-12-27 21:46:45+01:00,33.69021,-118.11672,0.0,287.6,179.0,297,Commercial Anchorage F (outside of Long Beach Breakwater),d7eca522a0d9755250357f17d4da7c26985ff38449d2614529f2e9af4200ab18
369042000,2024-12-27 21:49:45+01:00,33.69021,-118.11671,0.2,101.7,180.0,297,Commercial Anchorage F (outside of Long Beach Breakwater),4ae8efa5ac383530b3c31b7dbc84f6b820e66bb143e6c8f3b858c9a450861c2d
369042000,2024-12-27 21:52:43+01:00,33.6902,-118.11672,0.0,282.0,181.0,297,Commercial Anchorage F (outside of Long Beach Breakwater),973640d21facc986a91692e2c3a533afa9eb227db0069e1722726ba740e05e7f
369042000,2024-12-27 21:55:44+01:00,33.69019,-118.11677,0.0,274.2,180.0,297,Commercial Anchorage F (outside of Long Beach Breakwater),43f1434996f8cd9e44e3065226781c620e5643e260eadeab7a0327d137e184c3
369042000,2024-12-27 21:58:42+01:00,33.69022,-118.1168,0.1,288.8,181.0,297,Commercial Anchorage F (outside of Long Beach Breakwater),e64313585570750afa64734e6b6af8cfc086aa665f2be0748ce271892c05760a
369042000,2024-12-27 22:01:45+01:00,33.69024,-118.11686,0.0,89.2,177.0,297,Commercial Anchorage F (outside of Long Beach Breakwater),a6061d684501300ac0e1c8d0f8fea68923156fe9f7a8364fb508af3df88b01dc
369042000,2024-12-27 22:04:41+01:00,33.69022,-118.11688,0.0,263.8,175.0,297,Commercial Anchorage F (outside of Long Beach Breakwater),360635c0c2f7a0cb08e7c4959da62c8f4350082c74867ba3e2d36d949ece1b2f
369042000,2024-12-27 22:07:43+01:00,33.6902,-118.11682,0.3,259.0,174.0,297,Commercial Anchorage F (outside of Long Beach Breakwater),1c7e0ab1a0f715122db6be6e361013984a7fb171898bdeeac618c5d1c390d0cd
369042000,2024-12-27 22:10:43+01:00,33.69019,-118.11674,0.2,268.7,177.0,297,Commercial Anchorage F (outside of Long Beach Breakwater),62b4a92159d37ed47449728543310fb83a116e60e943dea7b8763aebc2f6ae98
369042000,2024-12-27 22:13:46+01:00,33.69017,-118.11672,0.5,93.9,181.0,297,Commercial Anchorage F (outside of Long Beach Breakwater),95b6d1b5e18ebaffff10aedeb129c25743823e1507b947027ee6144d2ee09c16
369042000,2024-12-27 22:16:43+01:00,33.6902,-118.11667,0.1,96.7,184.0,297,Commercial Anchorage F (outside of Long Beach Breakwater),fe9cbdfed67f6b37fbfebdd9362a9aa9aa4ef66e53d6b76b729d7653bc0cb4ad
369042000,2024-12-27 22:19:40+01:00,33.69019,-118.11667,0.4,98.4,184.0,297,Commercial Anchorage F (outside of Long Beach Breakwater),c7d7f292695ebf812828f763cb0b91c9ed298bd7f6a6b1e70b7cae6cabe7ba04
369042000,2024-12-27 22:22:45+01:00,33.69018,-118.11671,0.2,276.9,180.0,297,Commercial Anchorage F (outside of Long Beach Breakwater),95315776915dbcf577388f6b07f71f67b83200e37475de05477502e5f0dc093a
369042000,2024-12-27 22:25:48+01:00,33.69018,-118.11672,0.4,266.3,179.0,297,Commercial Anchorage F (outside of Long Beach Breakwater),1af71233ec7acc4edadf0283a983edc7101c21ad3d41787c1480ab94c94e9ac5
369042000,2024-12-27 22:28:50+01:00,33.69018,-118.11666,0.4,85.4,182.0,297,Commercial Anchorage F (outside of Long Beach Breakwater),8a742f7cfcc610bd9994cb11f0a9905a06118aab03541e7eb17aae710bba5c88
369042000,2024-12-27 22:31:47+01:00,33.6902,-118.11667,0.2,94.0,184.0,297,Commercial Anchorage F (outside of Long Beach Breakwater),bade0b4127f215abc42c7504543a8764b7440845792def59b8ca1702d094f94c
369042000,2024-12-27 22:34:47+01:00,33.6902,-118.11673,0.1,95.0,183.0,297,Commercial Anchorage F (outside of Long Beach Breakwater),816d08dc52b93165090f1af7acedc0b94f21323e1840947b92487c8dde2a2c9b
369042000,2024-12-27 22:37:45+01:00,33.69019,-118.11678,0.1,278.1,180.0,297,Commercial Anchorage F (outside of Long Beach Breakwater),251184d85d0362fff141e579185cc053343e7f4f2cc17860a81ff04bc3e93593
369042000,2024-12-27 22:40:40+01:00,33.69019,-118.11682,0.4,268.0,177.0,297,Commercial Anchorage F (outside of Long Beach Breakwater),9fb4d71ef634a4e7964bfac201e991e3e134c4e876da482d5540ef900bdd3aea
369042000,2024-12-27 22:43:48+01:00,33.69019,-118.11678,0.1,89.2,176.0,297,Commercial Anchorage F (outside of Long Beach Breakwater),a25cae19a825f9b70e694d57f2c61d6c705895441b21c2726ab5a5adc74c4f9f
369042000,2024-12-27 22:46:44+01:00,33.69019,-118.11666,0.0,88.3,180.0,297,Commercial Anchorage F (outside of Long Beach Breakwater),e841d73878d8884779628917edbc5b530c6d4f7680bfc2961f1cf0e35ac1e67a
369042000,2024-12-27 22:49:40+01:00,33.69015,-118.11659,0.3,102.6,184.0,297,Commercial Anchorage F (outside of Long Beach Breakwater),5d0d965b80ca4a0ac8572c8e93724b3cb23fce9f54a376c840cdb61b9c07e37e
369042000,2024-12-27 22:52:46+01:00,33.69013,-118.11656,0.1,101.1,183.0,297,Commercial Anchorage F (outside of Long Beach Breakwater),5630f496e0e6b51f05515de6038759c5ae0f0b3d31cab3deed898aa394e659f1
369042000,2024-12-27 22:55:46+01:00,33.69015,-118.11654,0.3,85.3,182.0,297,Commercial Anchorage F (outside of Long Beach Breakwater),932ccb6bb259a2d9457b4041e6400c134bbbdb9e73e6ea668fb9dc6922014668
369042000,2024-12-27 22:58:45+01:00,33.69015,-118.11651,0.0,101.8,184.0,297,Commercial Anchorage F (outside of Long Beach Breakwater),9f74fa923612bb0a210ed7b6025da206d9be7b2cfa73e4e71bdb665a0ea5bc0d
369042000,2024-12-27 23:01:48+01:00,33.69014,-118.11649,0.4,95.4,186.0,297,Commercial Anchorage F (outside of Long Beach Breakwater),b77a04f10e9e7db958f2c316441fa26437e4ee756ab7c709512178dfdc08baf4
369042000,2024-12-27 23:04:44+01:00,33.69015,-118.1165,0.2,94.8,186.0,297,Commercial Anchorage F (outside of Long Beach Breakwater),96c4085616410d9579c337e0632170778ec9ff70334260789d09c041321b9cff
369042000,2024-12-27 23:07:41+01:00,33.69015,-118.11655,0.3,93.6,185.0,297,Commercial Anchorage F (outside of Long Beach Breakwater),4122b116b173df4f59b09491f1248a4f07b00bca3a4c06d3ab35c67dabf619b8
369042000,2024-12-27 23:10:43+01:00,33.69015,-118.11662,0.3,285.0,184.0,297,Commercial Anchorage F (outside of Long Beach Breakwater),7933144e377309a71e20f0ba7ccd93a7b074a815d79b7a29d658d503d24db856
369042000,2024-12-27 23:13:43+01:00,33.69017,-118.1167,0.1,265.5,181.0,297,Commercial Anchorage F (outside of Long Beach Breakwater),a259cf25d60c93f55202f3f7396585079ffba8b6913e1808e142d630452aff63
369042000,2024-12-27 23:16:44+01:00,33.6902,-118.11672,0.1,287.4,180.0,297,Commercial Anchorage F (outside of Long Beach Breakwater),e46e1b04b5eb61722f3c24b99a5e9eb8506222d5604cb49b74a997409aabb4e7
369042000,2024-12-27 23:19:43+01:00,33.69018,-118.11674,0.4,261.2,179.0,297,Commercial Anchorage F (outside of Long Beach Breakwater),4a36c873365b009f7cff4a86178df4fc01096544f9eb3b2bf99cf02f2d02e26c
369042000,2024-12-27 23:22:46+01:00,33.69017,-118.11666,0.2,97.8,180.0,297,Commercial Anchorage F (outside of Long Beach Breakwater),22a0e81b1b7ddfb736cb89243d8369e63d951ffc4ca68b36fa3131e3c05c2e3f
369042000,2024-12-27 23:25:46+01:00,33.69016,-118.11659,0.1,275.3,181.0,297,Commercial Anchorage F (outside of Long Beach Breakwater),8a4dda613435429db1ec475c60b89445bc293bd687a7be3e450efb4e57230297
369042000,2024-12-27 23:28:44+01:00,33.69017,-118.11656,0.3,103.2,184.0,297,Commercial Anchorage F (outside of Long Beach Breakwater),bec9d1f38764bc7000b74336329f3593477fc57a8288ebb11aeacf4dbb00a897
369042000,2024-12-27 23:31:48+01:00,33.69016,-118.11651,0.1,107.7,185.0,297,Commercial Anchorage F (outside of Long Beach Breakwater),f829972e36795e94b8a7c977e4b10c21fbd5dfddd4749c8e9820d3b2af50f0bd
369042000,2024-12-27 23:34:45+01:00,33.69011,-118.11647,0.1,83.6,186.0,297,Commercial Anchorage F (outside of Long Beach Breakwater),78708e2bd7e9028dae05594315d43bb481dcf7ba6e8a23a07496674079af5ac7
369042000,2024-12-27 23:37:49+01:00,33.69013,-118.11645,0.2,104.2,186.0,297,Commercial Anchorage F (outside of Long Beach Breakwater),3dd743475b1468803d41f6742e04a52e4066d7b7d99b10bb8f272e6f45adc2f7
369042000,2024-12-27 23:40:46+01:00,33.69012,-118.11644,0.3,280.4,186.0,297,Commercial Anchorage F (outside of Long Beach Breakwater),2f510585ef92f84cae42e27b0ec561f1487e1d798837fa02efeed2dc44c057e5
369042000,2024-12-27 23:43:49+01:00,33.6901,-118.11643,0.3,280.4,186.0,297,Commercial Anchorage F (outside of Long Beach Breakwater),5dd08007dc037aa5343b21d9aa9e8ccf6dc0f144c6566a5de7ff3acfbe45d809
369042000,2024-12-27 23:46:48+01:00,33.69014,-118.11647,0.1,291.0,186.0,297,Commercial Anchorage F (outside of Long Beach Breakwater),057997b28ae5a4339ffec2d59e853bb938c6b8af05916c9568f62bb4158627c0
369042000,2024-12-27 23:49:41+01:00,33.69014,-118.11651,0.3,271.7,187.0,297,Commercial Anchorage F (outside of Long Beach Breakwater),487ba12e4a8866bc55fcfaec34680f922e94a146f600b7b30d452e888158ef09
369042000,2024-12-27 23:52:47+01:00,33.69013,-118.11659,0.0,280.0,186.0,297,Commercial Anchorage F (outside of Long Beach Breakwater),212167c70d7a2e0cb8112c177f62865cb675a5d6203d882834201f526c76b33b
369042000,2024-12-27 23:55:44+01:00,33.69017,-118.11667,0.2,76.9,181.0,297,Commercial Anchorage F (outside of Long Beach Breakwater),5f8a925842a73335a3e94690e6b439a7075e3983471af69ba837be68de37b6bd
369042000,2024-12-27 23:58:47+01:00,33.69017,-118.11674,0.2,89.1,178.0,297,Commercial Anchorage F (outside of Long Beach Breakwater),55d7835d3c1180e01a7ec407a4c31a001a941489db465120a30cf30452aa5e5f
369042000,2024-12-28 00:01:44+01:00,33.69017,-118.11673,0.1,97.0,178.0,297,Commercial Anchorage F (outside of Long Beach Breakwater),2acd7652e03add9dd6d0e0b4393a856b0686fd21ccb84b68134ad8a3fb350d79
369042000,2024-12-28 00:16:51+01:00,33.69016,-118.11657,0.1,284.3,185.0,297,Commercial Anchorage F (outside of Long Beach Breakwater),89b1e58c868706b066755e80d0106fb2c5d2087b17df7c3e770242ab5918c040
369042000,2024-12-28 00:19:44+01:00,33.69018,-118.11663,0.0,289.6,182.0,297,Commercial Anchorage F (outside of Long Beach Breakwater),c32795b8b91a113676013cb79ed2e45388476feb28026625c77cc01b4e16d44b
369042000,2024-12-28 00:22:50+01:00,33.69018,-118.11664,0.6,271.5,181.0,297,Commercial Anchorage F (outside of Long Beach Breakwater),2eb9efda9f9001aa8294bed8bb0f44ee342af454d5192e69bdf8ba168dd1b2ce
369042000,2024-12-28 00:25:41+01:00,33.69016,-118.1166,0.3,271.3,182.0,297,Commercial Anchorage F (outside of Long Beach Breakwater),04c6abbbaa408b5d685e04698514e20bf042fd0faa24f260bf1e6bec029d6114
369042000,2024-12-28 00:28:41+01:00,33.69015,-118.11659,0.1,285.3,185.0,297,Commercial Anchorage F (outside of Long Beach Breakwater),17ee958aa30e39c901e2b13baad8281718fc3daedea8ea3bb65604ca2347bcf3
369042000,2024-12-28 00:31:49+01:00,33.69011,-118.11659,0.3,268.9,184.0,297,Commercial Anchorage F (outside of Long Beach Breakwater),70c8f6f178618f5762f8eb72f9623a358f8dc8dcb6221b9abc0315e1bb5a72eb
369042000,2024-12-28 00:34:53+01:00,33.68985,-118.11654,0.5,197.3,196.0,297,Commercial Anchorage F (outside of Long Beach Breakwater),9d57a7c36019839a1f2e6ecb10064c54e44f47298ee81087885358b1056371ef
369042000,2024-12-28 00:37:43+01:00,33.68948,-118.11675,0.5,210.4,203.0,297,Commercial Anchorage F (outside of Long Beach Breakwater),295126354ca872d30a628b7b8d8443454a5822ada30237f0d48ae575bb34a94e
369042000,2024-12-28 00:38:57+01:00,33.68935,-118.1169,0.5,234.0,200.0,297,Commercial Anchorage F (outside of Long Beach Breakwater),ab8aa82bcb060cc18ddea3a9f648a94a4292efaa3555b82cb15b3f2f86ae3399
369042000,2024-12-28 00:40:03+01:00,33.68924,-118.11701,0.4,178.4,197.0,297,Commercial Anchorage F (outside of Long Beach Breakwater),e0223fe251ec6469fa411fe80c6e471357b10b8e636573f5a0351cd4e8e9fc8e
369042000,2024-12-28 00:41:13+01:00,33.68915,-118.11711,0.4,168.0,193.0,297,Commercial Anchorage F (outside of Long Beach Breakwater),a4d0a8df115e5e33c2a68528b2050f7f3d0c771bdd2d078e518463fe590ef0e7
369042000,2024-12-28 00:42:24+01:00,33.68907,-118.11722,0.3,209.0,190.0,297,Commercial Anchorage F (outside of Long Beach Breakwater),d2d9696af4a010a56a192de205fce2e3d922a59c8aed52c6de79b63eb4d4e8bf
369042000,2024-12-28 00:43:28+01:00,33.689,-118.11729,0.4,235.4,188.0,297,Commercial Anchorage F (outside of Long Beach Breakwater),8aea491c18732deed2ac132bb6fb32dd38ee0dcf550eb7d3b221e4604f6c9ddf
369042000,2024-12-28 00:44:33+01:00,33.68892,-118.11736,0.4,236.4,186.0,297,Commercial Anchorage F (outside of Long Beach Breakwater),b03bcf23295fc1d9fc4007683d4b96a70194000833c5cb601d0af074e0be193d
369042000,2024-12-28 00:45:38+01:00,33.68885,-118.11742,0.2,218.4,184.0,297,Commercial Anchorage F (outside of Long Beach Breakwater),11da3668ab8f05044cd2eb08af9b88bb36d9a06d87531d7cc518140732c86cfe
369042000,2024-12-28 00:46:44+01:00,33.68879,-118.11745,0.3,130.7,183.0,297,Commercial Anchorage F (outside of Long Beach Breakwater),f0796473902af071ee95cb97f105b8b3cd00f95e65ca5811874a53af28a10334
369042000,2024-12-28 00:47:54+01:00,33.68873,-118.11745,0.3,130.0,185.0,297,Commercial Anchorage F (outside of Long Beach Breakwater),001135dd8780110cd4d0643a65ce471b4ce3d8dbb6f6c85a4aa829cc4eb95d97
369042000,2024-12-28 00:48:58+01:00,33.68868,-118.11744,0.1,165.9,186.0,297,Commercial Anchorage F (outside of Long Beach Breakwater),6f4a696576546307d03d34e721c8595f96b5c76c3263b798969909387e9f5a3f
369042000,2024-12-28 00:49:59+01:00,33.68865,-118.11742,0.1,108.7,187.0,297,Commercial Anchorage F (outside of Long Beach Breakwater),e2cd3c4bfb79c3e2b6c0b683f96937a375341f8b94c37ca71a422ef3e7fcbc53
369042000,2024-12-28 00:51:03+01:00,33.68864,-118.11741,0.1,126.1,189.0,297,Commercial Anchorage F (outside of Long Beach Breakwater),a091c3517dc946cdf840a2af535d372c7b8d3cbe5346d61608d24062ca2a03a3
369042000,2024-12-28 00:52:04+01:00,33.68849,-118.11733,0.6,190.5,196.0,297,Commercial Anchorage F (outside of Long Beach Breakwater),a956219e8b97573a3db0d50a9c49a866c8ccac104bfae3a9d3f3fc4a1aa08425
369042000,2024-12-28 00:53:07+01:00,33.68817,-118.11725,1.4,173.2,209.0,297,Commercial Anchorage F (outside of Long Beach Breakwater),e7bd56e71695f549cadce9cd752002177c0c9b89182a6186bdb50311bd4db66e
369042000,2024-12-28 00:54:08+01:00,33.68773,-118.11734,1.7,194.0,224.0,297,Commercial Anchorage F (outside of Long Beach Breakwater),557f6845f487e2989566abb583bb6196ed876ee03dd2fae43294c6b9c3281193
369042000,2024-12-28 00:55:15+01:00,33.68728,-118.11768,1.8,216.3,235.0,297,Commercial Anchorage F (outside of Long Beach Breakwater),07d4fbed9f0abae8149be5b09cc3dbcb59da5422c8cf1464df921883c96b7684
369042000,2024-12-28 00:56:18+01:00,33.68686,-118.11825,2.3,235.2,245.0,297,Commercial Anchorage F (outside of Long Beach Breakwater),9cd3f6bddeb113f1c790058e023b3459ae56638793d86bf6199100dd77091a07
369042000,2024-12-28 00:57:23+01:00,33.68653,-118.1191,2.8,249.1,253.0,297,Commercial Anchorage F (outside of Long Beach Breakwater),8914cc3dca0ee0f168f9b747fb71bb963c3b5853dcc368cc5611adc5138be2dc
369042000,2024-12-28 00:58:24+01:00,33.68624,-118.12014,3.5,257.3,258.0,297,Commercial Anchorage F (outside of Long Beach Breakwater),44e6457f9ab70e9dd00aa993104b04dc7759e5d4fa124bffcb6edb65a4fb86c2
369042000,2024-12-28 00:59:28+01:00,33.68601,-118.12155,4.2,263.0,259.0,297,Commercial Anchorage F (outside of Long Beach Breakwater),b31d05b42dd76d55cac78761a8a7e182358c747770ada4d17b8fd00663f0966b
369042000,2024-12-28 01:00:04+01:00,33.68593,-118.12248,4.7,265.3,259.0,297,Commercial Anchorage F (outside of Long Beach Breakwater),3e7afe17822e9a6b89c9859c725ce2270842ca4111480e272168bdc8df2d7555
369042000,2024-12-28 01:01:07+01:00,33.68578,-118.12424,5.3,264.6,260.0,297,Commercial Anchorage F (outside of Long Beach Breakwater),6f978af869786302d5db29b029acb8bbca0c63ee48b182cd70abec2b06ec3b10
369042000,2024-12-28 01:02:18+01:00,33.68556,-118.12645,5.9,263.9,260.0,297,Commercial Anchorage F (outside of Long Beach Breakwater),0d054981c3603c27d042c2c24d804ce945613b2a64febe72046586c0e03ed299
369042000,2024-12-28 01:03:24+01:00,33.6853,-118.1288,6.6,259.4,255.0,297,Commercial Anchorage F (outside of Long Beach Breakwater),6819919087701afe35cd18afb59f508c7880fdad286d2dbcd98730d8118a659b
369042000,2024-12-28 01:04:28+01:00,33.6849,-118.13124,7.2,259.3,255.0,297,Commercial Anchorage F (outside of Long Beach Breakwater),8ae1f1ff4dcb22d47fa8c55a0881e2ec78fc3733c3906940a394e757746be032
369042000,2024-12-28 01:05:34+01:00,33.68438,-118.13399,7.7,257.1,255.0,297,Commercial Anchorage F (outside of Long Beach Breakwater),62bc7c5ec557d6abd30e734e6e5f58a297be3cefe47b0bf3427c086415c7c765
369042000,2024-12-28 01:06:38+01:00,33.68385,-118.13681,8.2,258.6,255.0,297,Commercial Anchorage F (outside of Long Beach Breakwater),9621e4cc84a3a84b5a12c8786176a036d988eb99b13afdb3ccab8200a6e4498e
369042000,2024-12-28 01:07:48+01:00,33.68326,-118.14002,8.5,258.6,254.0,297,Commercial Anchorage F (outside of Long Beach Breakwater),09b9a3a95671a26b721321fba60be387b830ccfcf2fa645bb0eb132f6c446ae1
369042000,2024-12-28 01:08:54+01:00,33.68263,-118.14315,8.8,257.4,255.0,297,Commercial Anchorage F (outside of Long Beach Breakwater),07f06025ed969c341247584b78a4801cd2961f5c0f637941d8bf7d772f03dbaf
369042000,2024-12-28 01:09:57+01:00,33.68205,-118.14626,9.0,258.0,255.0,297,Commercial Anchorage F (outside of Long Beach Breakwater),89c9dc3291ae94d23d758a0642b2f5d2c6f64938279d411f69ea97aad10eb178
369042000,2024-12-28 22:13:19+01:00,33.72067,-118.22908,6.5,37.1,32.0,314,Long Beach Harbor Anchorage B,d1bc42e8991ebd2b532ed24c63a185bff3c94bb1ec21fd21fba2401efc757272
369042000,2024-12-28 22:14:21+01:00,33.72225,-118.2278,6.4,31.2,27.0,314,Long Beach Harbor Anchorage B,240b721c17556d25be31de4d874085794eb443869add43f9406216b6569d0147
369042000,2024-12-28 22:15:39+01:00,33.72426,-118.22652,6.2,30.0,28.0,314,Long Beach Harbor Anchorage B,66e27bfd67f4f326ba6db4e8726bd8d29eab00b02defc259d417af3ad6759ebd
369042000,2024-12-28 22:17:11+01:00,33.72643,-118.225,5.4,29.3,27.0,314,Long Beach Harbor Anchorage B,4360157ca257c127bdbe56c97ac4672364517bbbd90174bacad379ce5dd829d9
369042000,2024-12-28 22:18:39+01:00,33.72807,-118.22388,3.8,29.9,26.0,314,Long Beach Harbor Anchorage B,dd77c0cbc48a7b3152a60750a0444cbf94e83ad7a5f8faca8a55aa51fee3a976
369042000,2024-12-28 22:20:30+01:00,33.7293,-118.22303,2.1,30.9,24.0,314,Long Beach Harbor Anchorage B,4a152c0f1403479d14ca04bacf66aa79ca1fb74df819c9e2ec4e8345523e803d
369042000,2024-12-28 22:21:39+01:00,33.72976,-118.22274,1.3,23.1,24.0,314,Long Beach Harbor Anchorage B,305e7f9d835cacfd095b5f2900bfd99e08e61a8135f47f033033be914c9b3f73
369042000,2024-12-28 22:22:40+01:00,33.73007,-118.22259,0.9,24.3,26.0,314,Long Beach Harbor Anchorage B,2278b81e937cf6353305a6c24e07fedb400fbba94ea102c2b033b4f26ba576c1
369042000,2024-12-28 22:23:50+01:00,33.73033,-118.22243,0.7,32.1,26.0,314,Long Beach Harbor Anchorage B,c036a339babd9fba779ceb505af94a8070a506a3dee20d1fc6e9361811ce78ce
369042000,2024-12-28 22:25:10+01:00,33.73053,-118.2222,0.7,50.0,20.0,314,Long Beach Harbor Anchorage B,650b9e310453e670c9fbe5c9302099c34b7a8ca6b29208bf666e171906c3f4f7
369042000,2024-12-28 22:26:30+01:00,33.73058,-118.22199,0.4,69.4,10.0,314,Long Beach Harbor Anchorage B,a5146855a749e429785db3623164663ce38a24916fe75d5fa97e657b08b56004
369042000,2024-12-28 22:28:11+01:00,33.73058,-118.22182,0.3,106.7,0.0,314,Long Beach Harbor Anchorage B,298da8139c50b1095b64411f60cff04fe8a4f7848712663eaed7a9f9a1cdf640
369042000,2024-12-28 22:31:00+01:00,33.73051,-118.22154,0.4,139.1,351.0,314,Long Beach Harbor Anchorage B,a6bfe92c05629e9be907cad2d3f1765dbdfb7c37c57376bb253bd8cd00fc031c
369042000,2024-12-28 22:32:22+01:00,33.7303,-118.22137,0.6,147.1,350.0,314,Long Beach Harbor Anchorage B,4aa1a713a7b4a76d5bb3f35657f9df20fe38e04f164fff01e024207df2753403
369042000,2024-12-28 22:33:50+01:00,33.73008,-118.22116,0.6,135.1,346.0,314,Long Beach Harbor Anchorage B,862751c1cbf86c00498c413e394062fac39cb028274ba68c007837cc5c1160f7
369042000,2024-12-28 22:35:09+01:00,33.72993,-118.22096,0.5,128.3,341.0,314,Long Beach Harbor Anchorage B,ff2db350aafb62d1685b941610d668a3ddccdb7cee81c13179888f53cb09464e
369042000,2024-12-28 22:38:09+01:00,33.72971,-118.22056,0.4,108.2,335.0,314,Long Beach Harbor Anchorage B,aa91ed453260b6bd10e468e2bfb5a450994abee122bee7ca292f782c6337b61a
369042000,2024-12-28 22:39:40+01:00,33.72969,-118.22041,0.2,92.2,332.0,314,Long Beach Harbor Anchorage B,8231659812eb9770b11403ff36c95477fd85cf4387b3fba872bf067ffd1f791c
369042000,2024-12-28 22:40:51+01:00,33.72971,-118.22032,0.2,34.5,330.0,314,Long Beach Harbor Anchorage B,989691339e0a15322f4db98cbc6cce058647ba5fdb3291ffbfe53eb658dddb0b
369042000,2024-12-28 22:42:09+01:00,33.72974,-118.22024,0.1,96.6,329.0,314,Long Beach Harbor Anchorage B,8c12d18a0c2976f18f9642b872c2f821f126e21aa284809b4b76d02b4db8cbf9
369042000,2024-12-28 22:43:51+01:00,33.72978,-118.22011,0.2,25.1,326.0,314,Long Beach Harbor Anchorage B,7e1fe81b659c48644dba9883968b98019cd36acacefb29327f01b8767e1929c7
369042000,2024-12-28 22:45:00+01:00,33.72987,-118.2201,0.3,14.7,324.0,314,Long Beach Harbor Anchorage B,90f9a8f884fdc5e6332528bc0782d703b0524c36fd7175ae71e998cac13dac26
369042000,2024-12-28 22:46:09+01:00,33.72995,-118.22003,0.3,14.8,321.0,314,Long Beach Harbor Anchorage B,11aa338f8bdabca60c1e68aadfaa59fbf9aa5d7129306947c87b40fd5d327f60
369042000,2024-12-28 22:47:19+01:00,33.73007,-118.22006,0.3,18.5,318.0,314,Long Beach Harbor Anchorage B,10ab058f0a8a89818c870e80268cb67885abd68207f475e8f599f39df80bf3dd
369042000,2024-12-28 22:49:19+01:00,33.73028,-118.21996,0.3,14.5,313.0,314,Long Beach Harbor Anchorage B,dd784760d11d48919cc60cc2804a074aafa8adbd51cd69a5fd94e3291f4953af
369042000,2024-12-28 22:52:15+01:00,33.73054,-118.21982,0.3,25.2,305.0,314,Long Beach Harbor Anchorage B,e0154eaccfc975fe11d31cfb3f174261f23f4db80ba920fbddaa71dec8b2aa3a
369042000,2024-12-28 22:55:17+01:00,33.73078,-118.21965,0.3,33.4,297.0,314,Long Beach Harbor Anchorage B,8edce6cc50b0d8711e4342c4d74882bd82a10aab83f69c6bec8a720bb18b35d3
369042000,2024-12-28 22:58:18+01:00,33.73107,-118.21949,0.3,27.2,284.0,314,Long Beach Harbor Anchorage B,d3b2eaf7595a2cf3896bedb547237814d1eeb62b86e143b9a1678e2050663d64
369042000,2024-12-28 23:01:19+01:00,33.73134,-118.2193,0.3,15.9,269.0,314,Long Beach Harbor Anchorage B,dfee93cdb41a05798889132371e045e4cf6039c37856db5ff8d769589c957ebc
369042000,2024-12-28 23:04:19+01:00,33.73154,-118.21929,0.2,338.6,257.0,314,Long Beach Harbor Anchorage B,f22867750d2c1f57a1453308b8a9bf5d51e991c87d12da65e999fd0f4fc26fb8
369042000,2024-12-28 23:07:18+01:00,33.73168,-118.21941,0.1,335.5,253.0,314,Long Beach Harbor Anchorage B,3ed679b7a8a9f7640f32cef5e11817fc13c5bfb833f002d66ab42342e67fcee8
369042000,2024-12-28 23:10:21+01:00,33.73181,-118.21953,0.1,332.3,252.0,314,Long Beach Harbor Anchorage B,c456c6a6316b413404668ff522ab78f890e2fc1b82280eaa143b56821cb5b701
369042000,2024-12-28 23:13:17+01:00,33.73188,-118.21959,0.1,321.8,248.0,314,Long Beach Harbor Anchorage B,5843f79f6405d49754c3e6388a4e506209ee7b8c12fb58b0ba1f5c70b3562b81
369042000,2024-12-28 23:16:21+01:00,33.73207,-118.21968,0.2,329.2,241.0,314,Long Beach Harbor Anchorage B,e2b514ecd4adb516e4b1ddedfff5117284b91be665446d90c3f8415c443b3204
369042000,2024-12-28 23:19:17+01:00,33.73218,-118.21976,0.1,333.6,233.0,314,Long Beach Harbor Anchorage B,849bba271bfa88625a9e46563f65f16a94fcc79fae5decbc2a69a0a64732f6f6
369042000,2024-12-28 23:22:20+01:00,33.7323,-118.21983,0.1,333.6,227.0,314,Long Beach Harbor Anchorage B,882a9d3895ef40172215433c95f7de8e03b675735ba97df2b81e48304f9b45c0
369042000,2024-12-28 23:25:17+01:00,33.73235,-118.21985,0.1,333.6,223.0,314,Long Beach Harbor Anchorage B,f21a33797475fce5766f3ec3297cea60a3645bcd89f93aa3b5fca925d51206cf
369042000,2024-12-28 23:28:20+01:00,33.7324,-118.21987,0.0,333.6,222.0,314,Long Beach Harbor Anchorage B,27d403a13bccd573c775a53783fcad647a021cad3abd094cc15ec7783ddfda27
369042000,2024-12-28 23:31:16+01:00,33.73236,-118.21994,0.0,333.6,222.0,314,Long Beach Harbor Anchorage B,4d822b025c25ff67c2d704d0b8d4c648e81a45c5056b7c8c996fdd060dd5deac
369042000,2024-12-28 23:34:22+01:00,33.73238,-118.21997,0.0,333.6,221.0,314,Long Beach Harbor Anchorage B,0ba5e8c98c5a9181f1b54965f3a7f7e01ad169573fbf3265a99b90df116e8307
369042000,2024-12-28 23:37:16+01:00,33.73236,-118.21992,0.0,333.6,220.0,314,Long Beach Harbor Anchorage B,5281a5593aeb2b9de4743bba0f7a9d42e8177ee2fa6c8a42d907783740d87317
369042000,2024-12-28 23:40:21+01:00,33.7324,-118.2199,0.0,333.6,221.0,314,Long Beach Harbor Anchorage B,3f58a7805424d040224e36866362b0dab794995966fd9e8859d2e43533227213
369042000,2024-12-28 23:49:21+01:00,33.73233,-118.21982,0.0,333.6,224.0,314,Long Beach Harbor Anchorage B,8a3f7bca139dc4bbe216f0bdddf94171e8bddd78d1f764360acb93eb66036a82
369042000,2024-12-28 23:52:23+01:00,33.7323,-118.2198,0.0,333.6,227.0,314,Long Beach Harbor Anchorage B,45549d99baec34afe40d761c4d728b4a721d5f636999d899255969209f6e7170
369042000,2024-12-28 23:58:21+01:00,33.73228,-118.21981,0.0,333.6,225.0,314,Long Beach Harbor Anchorage B,1f00063b07087fc45f985439e123811ad479dcae3cd19ed7ca4675500805f7bc
369042000,2024-12-29 00:01:18+01:00,33.73231,-118.21984,0.0,333.6,225.0,314,Long Beach Harbor Anchorage B,fd66b3e6fd553adf480f1814bb2c0f443e09a35a49389bc28c37a0209065b837
369042000,2024-12-29 00:04:21+01:00,33.73229,-118.2198,0.0,333.6,226.0,314,Long Beach Harbor Anchorage B,6efb4797a6a61b39e7a9d144dceb5d2af4bf72ca7279ea50554094734b87aa67
369042000,2024-12-29 00:07:22+01:00,33.73228,-118.21977,0.0,333.6,228.0,314,Long Beach Harbor Anchorage B,c03698280a3dc491d2d1bac4b07876848ded3d745e78cb2f95c429959325739a
369042000,2024-12-29 00:10:23+01:00,33.73224,-118.2198,0.0,333.6,230.0,314,Long Beach Harbor Anchorage B,0c2eb3da6dcd25af6867655462e1c705613394305673a129a5e52821d8facd93
369042000,2024-12-29 00:13:20+01:00,33.73225,-118.21975,0.0,333.6,229.0,314,Long Beach Harbor Anchorage B,765297b83cd4f10af4ee986cae15fb707a41c6de30ea2c409576950d2c850ef5
369042000,2024-12-29 00:16:18+01:00,33.73226,-118.21973,0.0,333.6,229.0,314,Long Beach Harbor Anchorage B,eef5e3b6cf7b2cfd1386aaba42f113efef9b858d53eecdf2484ab3673fd93da1
369042000,2024-12-29 00:19:18+01:00,33.73223,-118.21971,0.0,333.6,230.0,314,Long Beach Harbor Anchorage B,1b0ec3ec462ce146ac07a517684f343310ce66a3f0ecfe7ef9995611bcc9de56
369042000,2024-12-29 00:22:21+01:00,33.7322,-118.21974,0.0,333.6,232.0,314,Long Beach Harbor Anchorage B,2b49f6087035dcb66e48ce8ef5a3247d65f7b49b0bc2dea4e539be8d2d0e8a0f
369042000,2024-12-29 00:28:14+01:00,33.73224,-118.21978,0.1,333.6,232.0,314,Long Beach Harbor Anchorage B,7c1e9c385c1e00b09c8f55ad610662d8a2f2ed2510b0e41573b2f4e197ca67af
369042000,2024-12-29 00:31:16+01:00,33.73231,-118.21983,0.0,333.6,227.0,314,Long Beach Harbor Anchorage B,f7131d28d63b7e729900864f94d8862a3eaa86ed9acf9517fa008b192ded7bcb
369042000,2024-12-29 00:34:19+01:00,33.73233,-118.21988,0.0,333.6,223.0,314,Long Beach Harbor Anchorage B,f29a758576c7ca68e9055aed02352e423d6213df6c5d5146c23d634da56516eb
369042000,2024-12-29 00:37:19+01:00,33.73235,-118.21991,0.0,333.6,221.0,314,Long Beach Harbor Anchorage B,a15b5594b9ebf2341cdf259556a30b299098229bcb135229bd75aba3165cbc63
369042000,2024-12-29 00:40:24+01:00,33.73237,-118.21988,0.0,333.6,221.0,314,Long Beach Harbor Anchorage B,72cbc94a08c3b83ca9b718876033370a50f4ebbb723688380f56de89c2b2a6c8
369042000,2024-12-29 00:43:18+01:00,33.73234,-118.21988,0.0,333.6,223.0,314,Long Beach Harbor Anchorage B,e8f064e2b3dd0a0e2d3fdf024f99aacfb279df9dd2a6dee31e7a82f4c07afdc3
369042000,2024-12-29 00:46:24+01:00,33.73227,-118.21986,0.0,333.6,226.0,314,Long Beach Harbor Anchorage B,8193c92e639749580f5cf25fc87bb3d6307febe821e01c37b268a95b6d41b5c5
369042000,2024-12-29 00:49:16+01:00,33.73229,-118.21981,0.0,333.6,227.0,314,Long Beach Harbor Anchorage B,75bc9629f0cf2f717890a207ea3aaaff0b0600028c059776788cc0cd495f293d
369042000,2024-12-29 00:52:20+01:00,33.73231,-118.21984,0.0,333.6,227.0,314,Long Beach Harbor Anchorage B,a5bb1cc8174dffeb6a1591f9a23542b001c64799ed6f11660108b3177984dca6
369042000,2024-12-29 00:55:18+01:00,33.73234,-118.21977,0.0,333.6,226.0,314,Long Beach Harbor Anchorage B,5ab8778312c0acf77c9ec34e52fa78bb0b786d8ab2cfbc62c0c8c5dda9737aa3
369042000,2024-12-29 00:58:24+01:00,33.73232,-118.21986,0.0,333.6,224.0,314,Long Beach Harbor Anchorage B,856c219245c45b917be6128e78a78d12966e847e9439030498611b9e64ef2428
369042000,2024-12-29 01:01:18+01:00,33.7323,-118.21988,0.0,333.6,224.0,314,Long Beach Harbor Anchorage B,30724977ce93ed56b5c78f28ea1960769a9f87f5e215c007da1eed991b9195cf
369042000,2024-12-29 01:04:26+01:00,33.73232,-118.2199,0.0,333.6,223.0,314,Long Beach Harbor Anchorage B,48726ae50dc2b909223f802a9e84e96cefdf306aad73288766482f28e99e63b9
369042000,2024-12-29 01:07:21+01:00,33.73233,-118.21988,0.0,333.6,223.0,314,Long Beach Harbor Anchorage B,979b839684558d5e8c5bcacc4baa1f033ea43195675efb95278e7229e31b95d4
369042000,2024-12-29 01:10:20+01:00,33.73236,-118.21986,0.0,333.6,223.0,314,Long Beach Harbor Anchorage B,f4dec07349bd757e40df81e50e517185e44e62d34210cea6179b41e1d536e2d2
369042000,2024-12-29 01:13:18+01:00,33.73236,-118.21983,0.0,333.6,224.0,314,Long Beach Harbor Anchorage B,4b5e6924c1be89198c8dd94d9b06616d11656d766337012b1956ae721027c823
369042000,2024-12-29 01:16:18+01:00,33.7323,-118.21986,0.0,333.6,225.0,314,Long Beach Harbor Anchorage B,e366ebd67600d6afcdd6b94fa0757bde491e0025c400a9da6c756fd19614093d
369042000,2024-12-29 01:19:18+01:00,33.73228,-118.21989,0.0,333.6,225.0,314,Long Beach Harbor Anchorage B,0eea1cdd3f5407437ba7a72b942fb4fea44cb8172ba2db064d9e0cdd60d5d110
369042000,2024-12-29 01:22:18+01:00,33.73228,-118.21988,0.0,333.6,225.0,314,Long Beach Harbor Anchorage B,318c2d521ca28fd3da023d5b53d40a57ff1c58d770e1f3abaf88a6643c5b65b0
369042000,2024-12-29 01:25:25+01:00,33.7323,-118.21984,0.0,333.6,224.0,314,Long Beach Harbor Anchorage B,31f1bbae6295072c47003f729e590154d3def3aeed37d3eeef27f36694aa47af
369042000,2024-12-29 01:31:16+01:00,33.73225,-118.2198,0.0,333.6,228.0,314,Long Beach Harbor Anchorage B,588a5701aa01752195264c391ae8d4d49123b94105fff5c09a932152b2f2d1d0
369042000,2024-12-29 01:37:19+01:00,33.73222,-118.2198,0.0,333.6,229.0,314,Long Beach Harbor Anchorage B,30a316484856d2c69eb09089502f003c4e2686602204787df85ca67439916e1d
369042000,2024-12-29 01:43:18+01:00,33.73221,-118.21976,0.0,333.6,228.0,314,Long Beach Harbor Anchorage B,642ec3aa7c14b7869db8b38f569c1e8eabdfc61c597a49a964d26ebe7a8be633
369042000,2024-12-29 01:49:16+01:00,33.73224,-118.21975,0.1,333.6,227.0,314,Long Beach Harbor Anchorage B,6b472de6f132aabff24f8211ae554af8ada8fa65c02937a33f47c378b3a8cfaf
369042000,2024-12-29 01:52:17+01:00,33.73219,-118.2197,0.0,333.6,230.0,314,Long Beach Harbor Anchorage B,00378f99dbcb0fdfee424fbb734da7ddf45a4ad0fc23e5a0213d952ecbb9a99a
369042000,2024-12-29 01:55:16+01:00,33.73209,-118.21971,0.0,333.6,233.0,314,Long Beach Harbor Anchorage B,9c6f09b6212874d7deb5300858099cc0f6d57c960d8b412730d29920520e3ba9
369042000,2024-12-29 01:58:19+01:00,33.73204,-118.21966,0.0,333.6,235.0,314,Long Beach Harbor Anchorage B,6ed5777488f88c1ce3ef44762d40caf6681d5c474df9f4ca44fe75f306d03611
369042000,2024-12-29 02:01:16+01:00,33.732,-118.21965,0.0,333.6,236.0,314,Long Beach Harbor Anchorage B,96d9e73635778eac38fa8ff4b0db0127ee49490931a77d8a6bb2dc5cd832fb1e
369042000,2024-12-29 02:04:17+01:00,33.73197,-118.21967,0.0,333.6,237.0,314,Long Beach Harbor Anchorage B,573e2500b45a1601c899aa0462452bb99cc25d95052daec23883061b138edc48
369042000,2024-12-29 02:07:19+01:00,33.73201,-118.21956,0.0,333.6,240.0,314,Long Beach Harbor Anchorage B,f1f0e855070c986b6c136b9822e19ef74863c1032b0119335928113374690085
369042000,2024-12-29 02:10:17+01:00,33.73199,-118.21954,0.0,333.6,242.0,314,Long Beach Harbor Anchorage B,2a67dc3a540f5924596079cfa202f55bcfe8120f73cf67f240da14d77dee4f94
369042000,2024-12-29 02:13:21+01:00,33.73197,-118.2196,0.0,333.6,243.0,314,Long Beach Harbor Anchorage B,531d3bf39f6ab6eadc773e43004da7b3fcd8753ac193159f12b2301515e8f5e0
369042000,2024-12-29 02:16:16+01:00,33.73198,-118.21964,0.0,333.6,240.0,314,Long Beach Harbor Anchorage B,cb1cf5bf19118bdd2b096740b4e738c95d0af402a87a23d54ef0b3f1a6040bd6
369042000,2024-12-29 02:19:21+01:00,33.73198,-118.21965,0.0,333.6,238.0,314,Long Beach Harbor Anchorage B,69688dd0e7c4a4fd44cd2acb0f7d88c56efd485e5aa254e7bd4bc906d883ea3b
369042000,2024-12-29 02:22:19+01:00,33.73198,-118.21967,0.0,333.6,237.0,314,Long Beach Harbor Anchorage B,a2d303c1fb7b7646ccbe945b2da73487e31198cbc4917e44b097740eb45d4456
369042000,2024-12-29 02:25:22+01:00,33.73201,-118.21959,0.0,333.6,238.0,314,Long Beach Harbor Anchorage B,e4420088c52d5441c948e9cf2aeecf5fe4779eb634a51fd15df053700c3ae822
369042000,2024-12-29 02:28:19+01:00,33.73201,-118.21959,0.0,333.6,240.0,314,Long Beach Harbor Anchorage B,72a00d1c2933ff1ab7fe9c987074c4018f165e0f354a0de760b5925084cf7ad8
369042000,2024-12-29 02:31:23+01:00,33.73204,-118.21955,0.0,333.6,240.0,314,Long Beach Harbor Anchorage B,07bdc335b809ac9587d04fd5943cc6012c2a774956a7644ed095ecd8cb8416dd
369042000,2024-12-29 02:34:19+01:00,33.73204,-118.2196,0.0,333.6,239.0,314,Long Beach Harbor Anchorage B,8ca83ad5a0f97d6410e75f7c0f7d17aa40138d6fc46436d322cc054d8f80c42f
369042000,2024-12-29 02:37:23+01:00,33.73202,-118.2196,0.1,333.6,238.0,314,Long Beach Harbor Anchorage B,53ce8abd1825b1eef1a78b23b8f203e96f15d4e4c5959d1fb3eaaebd3c430db1
369042000,2024-12-29 02:40:14+01:00,33.732,-118.21969,0.0,333.6,238.0,314,Long Beach Harbor Anchorage B,0774909def778e36b690e0db3ca30aa7bc245ea5069cd0feb1876843f2c18cd0
369042000,2024-12-29 02:43:15+01:00,33.73201,-118.21966,0.0,333.6,238.0,314,Long Beach Harbor Anchorage B,0a5a6c283016f4f1d3954364f80d8ec884d5771ef58ae64b702bf81a2ee8a535
369042000,2024-12-29 02:46:16+01:00,33.73201,-118.21962,0.0,333.6,238.0,314,Long Beach Harbor Anchorage B,f5a20f257234ec71603f084b0e6887017b73ed99c630fb26d1a1bd7723e5f462
369042000,2024-12-29 02:49:18+01:00,33.73204,-118.21966,0.0,333.6,237.0,314,Long Beach Harbor Anchorage B,bf18a0cde527dc01ac62fa390d33d2c8d0820828d13965e686d41fa8efd692f5
369042000,2024-12-29 02:52:19+01:00,33.73201,-118.21962,0.0,333.6,237.0,314,Long Beach Harbor Anchorage B,6b9f90d06bbbcbacb0da4d158451c3aa07771657c6f6d445db8a7e7d23d58509
369042000,2024-12-29 02:55:19+01:00,33.73203,-118.21964,0.0,333.6,237.0,314,Long Beach Harbor Anchorage B,188934bfd72d7772decd8cafc20bf8b74efd1d498ebf950d57bdea789b0fc2b7
369042000,2024-12-29 02:58:20+01:00,33.73198,-118.21967,0.0,333.6,237.0,314,Long Beach Harbor Anchorage B,3fa0dbd045cbca8f74598a105381d392d5653138683454964aa39789ad577944
369042000,2024-12-29 03:01:18+01:00,33.73199,-118.21967,0.0,333.6,237.0,314,Long Beach Harbor Anchorage B,782309b3faaa9db6d1767beec6caffcacd2a18261760216e9780ccb9f0f10721
369042000,2024-12-29 03:04:21+01:00,33.73198,-118.21969,0.0,333.6,237.0,314,Long Beach Harbor Anchorage B,636cb315eeaa72b2ac63828c3cede0f6e2bbe1ec4b0eef025304d3893b3d8682
369042000,2024-12-29 03:07:17+01:00,33.732,-118.21968,0.0,333.6,237.0,314,Long Beach Harbor Anchorage B,d517287888e360744ccdd69852e39540a2e85c3a5499b1f66f4c0a30fcf58a87
369042000,2024-12-29 03:10:19+01:00,33.73199,-118.21964,0.0,333.6,237.0,314,Long Beach Harbor Anchorage B,0b45f2d83a1e086b787ee2af33f0c161e2fbac5cfff9b29ab3cb313226cd5d34
369042000,2024-12-29 03:13:16+01:00,33.732,-118.21968,0.0,333.6,238.0,314,Long Beach Harbor Anchorage B,07a7eaef48aff24432a7913065ddd5dad5c1caef0fc0cade797e829e56cd2878
369042000,2024-12-29 03:16:19+01:00,33.732,-118.21974,0.0,333.6,239.0,314,Long Beach Harbor Anchorage B,6b21d4f95b36d472783c7d70e5f3ee7741e612d9cea0aba9400e68dd9bc0e6fc
369042000,2024-12-29 03:19:21+01:00,33.73202,-118.21973,0.1,333.6,238.0,314,Long Beach Harbor Anchorage B,32e121f6e148d0115ee24ae456696aa9a5f95b21534c5e86e89820b9c539531e
369042000,2024-12-29 03:22:15+01:00,33.73201,-118.21981,0.1,333.6,236.0,314,Long Beach Harbor Anchorage B,f529c32a878092f4b6b8f612abe389f56a4d47012e075e1ea7d6861daae1a486
369042000,2024-12-29 03:25:18+01:00,33.73207,-118.21985,0.0,333.6,233.0,314,Long Beach Harbor Anchorage B,c6e9905de2f55a8421c8f738b97af0264237f20a6e18069fba47622030106c9d
369042000,2024-12-29 03:28:20+01:00,33.73209,-118.21993,0.0,333.6,229.0,314,Long Beach Harbor Anchorage B,0fcac0814883a78341b6e140d478c4a89b96d9d474678b15e798c9e4c0e27010
369042000,2024-12-29 03:31:20+01:00,33.73212,-118.21998,0.1,333.6,226.0,314,Long Beach Harbor Anchorage B,350258e87551ce8ca0fc691c02c64c60a78f09898027097eb7145fa995385b5f
369042000,2024-12-29 03:34:19+01:00,33.73218,-118.22002,0.0,333.6,223.0,314,Long Beach Harbor Anchorage B,42b99694cbe3992426081e46a2481c806363639e23c420be4e1c419472399690
369042000,2024-12-29 03:37:21+01:00,33.73222,-118.22006,0.0,333.6,220.0,314,Long Beach Harbor Anchorage B,8c68e5e5d4be1e813c8091069f8f5827494788d45413f2762a27f4f572e05b0e
369042000,2024-12-29 03:40:17+01:00,33.7323,-118.22,0.1,333.6,218.0,314,Long Beach Harbor Anchorage B,9d7407f4ab87541fc8d14237dc515f047ebfe1617f91a2634ff849898f5de7ca
369042000,2024-12-29 03:43:21+01:00,33.73231,-118.22002,0.0,333.6,217.0,314,Long Beach Harbor Anchorage B,617dffc6e0546b0fbc8e79761245a9072d457b2301732d00d4d4e4ca043041c6
369042000,2024-12-29 03:46:20+01:00,33.73237,-118.22,0.0,333.6,218.0,314,Long Beach Harbor Anchorage B,39ab7e93fc60e473e22f3fa934022cedd40e8a5b0e8dd8ebb93ae35b8893313a
369042000,2024-12-29 03:49:22+01:00,33.73233,-118.22003,0.0,333.6,219.0,314,Long Beach Harbor Anchorage B,b59d4a554f149b23ed9ebc5874f29fdcef5525a35e5fe2426f6b52ae2568b75c
369042000,2024-12-29 03:52:18+01:00,33.73232,-118.22006,0.0,333.6,219.0,314,Long Beach Harbor Anchorage B,849be4d5f5bedee1097f4cc3015d45c24aaa7c12f35ed8d4cab1cba9eae45672
369042000,2024-12-29 03:55:20+01:00,33.73234,-118.22015,0.0,333.6,219.0,314,Long Beach Harbor Anchorage B,3bc1835149b9072148aaf2cb0ca19be98c06594062085439209078b284239988
369042000,2024-12-29 03:58:17+01:00,33.73232,-118.22016,0.0,333.6,217.0,314,Long Beach Harbor Anchorage B,e1dd90efd75d871eca6abc393086a817a3ae08c83c8e84256f2ce66a95665d7c
369042000,2024-12-29 04:01:20+01:00,33.7323,-118.2202,0.0,333.6,215.0,314,Long Beach Harbor Anchorage B,c1bd8636d501fcfe7f1c48dab70beb3b24a4a355b60c6a9c39b1b273078fdb75
369042000,2024-12-29 04:04:19+01:00,33.73229,-118.22028,0.0,333.6,214.0,314,Long Beach Harbor Anchorage B,b127f0e39322cc3bb6aefe5808684b5a0901b5fb696daeec49228eaa997ecbd0
369042000,2024-12-29 04:07:22+01:00,33.73226,-118.22033,0.0,333.6,212.0,314,Long Beach Harbor Anchorage B,61b88fa42fac5f212c3b1fcd63864f5dca64462aa930c1545eace6c21e62ffd4
369042000,2024-12-29 04:10:19+01:00,33.73224,-118.22035,0.0,333.6,211.0,314,Long Beach Harbor Anchorage B,30f2d09230f2b01616baff8c843f040871a9facf88be23b4110608a72fbff275
369042000,2024-12-29 04:13:19+01:00,33.73227,-118.22034,0.0,333.6,211.0,314,Long Beach Harbor Anchorage B,b1139d9b2f8f089754aa13816b1dbbc7964c177c2a2a95adc19912cb42efe3fe
369042000,2024-12-29 04:16:19+01:00,33.73228,-118.22038,0.0,333.6,212.0,314,Long Beach Harbor Anchorage B,37e4817133bad4fe7392520c19e743f2cb42511fee57126b842d5e6294d4aa15
369042000,2024-12-29 04:19:20+01:00,33.73226,-118.22033,0.0,333.6,212.0,314,Long Beach Harbor Anchorage B,2569939b50747ae096e83119b100852cc5cec4cab8d128fbaf414e0263f5c4ec
369042000,2024-12-29 04:22:19+01:00,33.73231,-118.22037,0.0,333.6,212.0,314,Long Beach Harbor Anchorage B,ad6cfd654b5a9a2765cd0bf72813a8e0100443fa6a737790c49d912050f65214
369042000,2024-12-29 04:25:24+01:00,33.7323,-118.22031,0.0,333.6,213.0,314,Long Beach Harbor Anchorage B,c7b4965c70d5ab2ff88749d2329b32ea32c87e5549e4d1f134286d46bf042983
369042000,2024-12-29 04:28:18+01:00,33.73228,-118.22028,0.0,333.6,214.0,314,Long Beach Harbor Anchorage B,33c078c6b0311cab031f6ef95e5ac42dd43a0f8125fc65ef396304e66a995377
369042000,2024-12-29 04:31:18+01:00,33.73229,-118.22029,0.0,333.6,216.0,314,Long Beach Harbor Anchorage B,19f7fe84b0985a328040c708d91727f727d179ecb531cf93d37d6dcce74c7a1b
369042000,2024-12-29 04:34:18+01:00,33.73221,-118.22023,0.1,333.6,218.0,314,Long Beach Harbor Anchorage B,fbe688d95b095a65ef09d0f5a27a8aa59ec174ed1f84ba6384300c292ea6aee5
369042000,2024-12-29 04:37:20+01:00,33.73216,-118.22023,0.1,145.8,221.0,314,Long Beach Harbor Anchorage B,ed285ea3e756ab1d9344b8efa52e0877ed214416c514ef4061d59fd45a32a0ed
369042000,2024-12-29 04:40:20+01:00,33.73207,-118.22018,0.1,145.8,226.0,314,Long Beach Harbor Anchorage B,954b2437c55d4c81580cb8c22d74370fb14860d842a7fd59bb48b06463896a26
369042000,2024-12-29 04:43:19+01:00,33.73197,-118.22006,0.2,140.4,232.0,314,Long Beach Harbor Anchorage B,893ac096dd3e50afe02923bd5c50f69daf4f8e324fe20dd98c863e615649efac
369042000,2024-12-29 04:46:21+01:00,33.73184,-118.21993,0.2,145.9,239.0,314,Long Beach Harbor Anchorage B,ce0fd77238e4152a881ebb51a017df3a7847ceca3d8994bc8572e2253922a2c6
369042000,2024-12-29 04:49:17+01:00,33.73171,-118.21984,0.3,159.0,245.0,314,Long Beach Harbor Anchorage B,9acd41dddb2f58e1027522ab720777d07f1a79362e830a81cab63478ec096536
369042000,2024-12-29 04:52:20+01:00,33.73151,-118.21976,0.2,145.4,252.0,314,Long Beach Harbor Anchorage B,538cafd041d0622e047ca04d5e8ad50b75cf6d1ffa23e68a68edea5d6c90045a
369042000,2024-12-29 04:55:20+01:00,33.73136,-118.21963,0.2,162.6,260.0,314,Long Beach Harbor Anchorage B,315eadcdabc02c97393075b99a48d67301d1c77446f2eada3302479727544bc9
369042000,2024-12-29 04:58:19+01:00,33.73117,-118.21954,0.2,168.9,268.0,314,Long Beach Harbor Anchorage B,43610721d748fd75fdda26606565c155795831fd7b5358728f480f2e001c73e8
369042000,2024-12-29 05:01:21+01:00,33.73093,-118.21946,0.3,180.3,278.0,314,Long Beach Harbor Anchorage B,b1526b284a060cc188fa35b05e39ca0c25157e60aeb7c0ec1d08df39d136b330
369042000,2024-12-29 05:10:17+01:00,33.73025,-118.21975,0.3,227.0,308.0,314,Long Beach Harbor Anchorage B,6c6e4b05acb1bdef2c4e471661a22d993f80681cce226c2f3301dcae7f7db79b
369042000,2024-12-29 05:13:21+01:00,33.73007,-118.22002,0.3,237.6,318.0,314,Long Beach Harbor Anchorage B,4d13101a8a0b41aaeddb523537be4fbf52bf1838dae3fbb3fd70e2076d1847ea
369042000,2024-12-29 05:16:17+01:00,33.7299,-118.22033,0.3,237.3,327.0,314,Long Beach Harbor Anchorage B,10cbeea50acaae2e9ff030d9666d0bff6eb4870258fdda7cc8168ed55575c041
369042000,2024-12-29 05:19:19+01:00,33.72981,-118.22067,0.3,255.6,338.0,314,Long Beach Harbor Anchorage B,5968b1b2b0229d6520e24fb0441d56b92838212203485b3c32bcebc3974dd5aa
369042000,2024-12-29 05:22:18+01:00,33.72974,-118.22097,0.3,260.5,350.0,314,Long Beach Harbor Anchorage B,a99a57467c8f77e007cc8f6cb458afd8908b49a5106f01d4ba48af3fe036d952
369042000,2024-12-29 05:25:18+01:00,33.72971,-118.22127,0.3,274.5,1.0,314,Long Beach Harbor Anchorage B,405c67976c67ac5f272d17442e3a55aedc4d3daf10672f0c564189ad3576d2e8
369042000,2024-12-29 05:28:18+01:00,33.72975,-118.22155,0.2,283.5,11.0,314,Long Beach Harbor Anchorage B,e13efec2cb773de8c9298eeeadd6bb46ec7a02d57c3da01c6dec5b4cc424c2cf
369042000,2024-12-29 05:31:18+01:00,33.7298,-118.22173,0.2,284.5,20.0,314,Long Beach Harbor Anchorage B,68060c141aefa4ee8ffe9d4d54cc2e84b735279980e830f4e7498a001ee52712
369042000,2024-12-29 05:34:17+01:00,33.72988,-118.22189,0.1,295.8,27.0,314,Long Beach Harbor Anchorage B,3d59fbb243bd52891da16dbb9eca49c2011dddeb33604dcc3dcfd0e23060392f
369042000,2024-12-29 05:37:20+01:00,33.72993,-118.22199,0.0,309.7,32.0,314,Long Beach Harbor Anchorage B,a68f0633d32bf6c0482d73a68055a69a7811432ab9f92d601f7f9f5f64d4dc41
369042000,2024-12-29 05:40:21+01:00,33.72998,-118.22204,0.0,309.7,35.0,314,Long Beach Harbor Anchorage B,afce05d748f7077cf51dc05ef4baf2c43d8a436f99998298a4411eb33dbf2e01
369042000,2024-12-29 05:43:18+01:00,33.73,-118.22202,0.0,309.7,35.0,314,Long Beach Harbor Anchorage B,71475de2eca465c65839542c4bc43a582435f0bd8454e1770fa18ffcdfe74149
369042000,2024-12-29 05:46:21+01:00,33.72998,-118.22207,0.0,309.7,35.0,314,Long Beach Harbor Anchorage B,faf84fc02f6e562977cc5d2e8cdb3312edc1518a24d2dd01d0f286c1424a2680
369042000,2024-12-29 05:52:22+01:00,33.72998,-118.22208,0.0,309.7,33.0,314,Long Beach Harbor Anchorage B,f90d4fe448730fed5c938a5038210b37ff9fba65556697d08d77a7314817b97f
369042000,2024-12-29 05:55:19+01:00,33.72998,-118.22205,0.0,309.7,32.0,314,Long Beach Harbor Anchorage B,a4d7aaa3b0f40389d266004e76c8f3ed9cb80656c767a59c1e3d25e199fa0f07
369042000,2024-12-29 05:58:22+01:00,33.72995,-118.22204,0.0,309.7,31.0,314,Long Beach Harbor Anchorage B,4af0ecbff3657603bb30cf53dd1aa8f4b726c23ac545f7882850b7ccefdf619c
369042000,2024-12-29 06:01:19+01:00,33.72996,-118.22203,0.0,309.7,30.0,314,Long Beach Harbor Anchorage B,428f494eab53683bd31223e056e4bbcd553e1664dcb630d20704082a8acc23b4
369042000,2024-12-29 06:04:21+01:00,33.72995,-118.22203,0.0,309.7,30.0,314,Long Beach Harbor Anchorage B,480ac2a15a7642a035d3f52f3c3bd13e72e359b165e343a401c97d3dec72f532
369042000,2024-12-29 06:07:19+01:00,33.72993,-118.22201,0.0,309.7,30.0,314,Long Beach Harbor Anchorage B,2b30367bef86c9967b5e1e815424abd371f9f72da059b8ca428934d9fb31f62e
369042000,2024-12-29 06:10:16+01:00,33.72993,-118.22202,0.0,309.7,30.0,314,Long Beach Harbor Anchorage B,f1838ced255106ae7c841b0d30e24644d55c3e3c46c08ef55cf78b3e19491e2b
369042000,2024-12-29 06:13:15+01:00,33.72995,-118.22197,0.0,309.7,30.0,314,Long Beach Harbor Anchorage B,d5efbd1c8d10526791fae7bcb83ce08af51416874594b50038abec77b21d8bd0
369042000,2024-12-29 06:16:18+01:00,33.72993,-118.22198,0.0,309.7,29.0,314,Long Beach Harbor Anchorage B,d7b753236a99a50132603ae11f112885e5d20cbd63160612b9a2cbac5852afba
369042000,2024-12-29 06:19:21+01:00,33.72997,-118.22187,0.1,309.7,28.0,314,Long Beach Harbor Anchorage B,68cd7ac012dc89ee84c8742656d4236616103a879ca98e11441fb1d49a05bfdf
369042000,2024-12-29 06:22:18+01:00,33.72991,-118.22187,0.0,309.7,27.0,314,Long Beach Harbor Anchorage B,9430b27a642a761dc6576c7aeef53ce66da324c94f577e07c6375649d07f038d
369042000,2024-12-29 06:25:15+01:00,33.72996,-118.22187,0.0,309.7,27.0,314,Long Beach Harbor Anchorage B,60e6f3c222157c1e3a4627f39b4443411d902e33cd823cf8059b3de6e0a1ab1c
369042000,2024-12-29 06:28:17+01:00,33.72995,-118.22185,0.0,309.7,26.0,314,Long Beach Harbor Anchorage B,4ac029d16920624b1fdbaec92d3a8bda317a3adafe9c90c7bb71f7f8b8029497
369042000,2024-12-29 06:31:18+01:00,33.72996,-118.22185,0.0,309.7,26.0,314,Long Beach Harbor Anchorage B,287f6dbbfa31f2366fca3f5844a7a23e542fbdeaefe5d38ad61efb235623e391
369042000,2024-12-29 06:34:19+01:00,33.72994,-118.22189,0.0,309.7,26.0,314,Long Beach Harbor Anchorage B,0f79249aac495218924628e925a0941c5f8470c62329df1400653ecfaba7a75f
369042000,2024-12-29 06:37:25+01:00,33.72993,-118.22191,0.0,309.7,26.0,314,Long Beach Harbor Anchorage B,03fc6f5b62bf58821322ade6c2b1ca90b599ca4285b6aafbcccc78572b899f5a
369042000,2024-12-29 06:40:17+01:00,33.72995,-118.22194,0.0,309.7,27.0,314,Long Beach Harbor Anchorage B,86d8498de253c16420d197371fdc8bfcb85c86051056a76f746e89bdcdee1cba
369042000,2024-12-29 06:43:19+01:00,33.72998,-118.22195,0.0,309.7,29.0,314,Long Beach Harbor Anchorage B,7bcfe7ba31c79c100c2bb90541a43b1eeb977aed103e560ef7d1f23778fdb15c
369042000,2024-12-29 06:46:21+01:00,33.72997,-118.22201,0.0,309.7,31.0,314,Long Beach Harbor Anchorage B,2688689d02f2c05d5bcb6c9d1393893c3fbc3499f18ccb479e559ada29043af2
369042000,2024-12-29 06:49:19+01:00,33.73001,-118.22203,0.0,309.7,33.0,314,Long Beach Harbor Anchorage B,827d24b73ef27b1cec0742ba199004cbbebabd039cb8060f428c379a12b79ef7
369042000,2024-12-29 06:52:20+01:00,33.73005,-118.22203,0.0,309.7,34.0,314,Long Beach Harbor Anchorage B,ad761486802039a4a270088987f55eadcc8f8c579e6c3d0daaaa6923d1fcbeea
369042000,2024-12-29 06:55:19+01:00,33.73006,-118.22206,0.1,309.7,35.0,314,Long Beach Harbor Anchorage B,3d85a8b90d0db915cbf841e9dfe905f9498c868f46cc490cac97e413780372cc
369042000,2024-12-29 06:58:19+01:00,33.73011,-118.22208,0.0,309.7,36.0,314,Long Beach Harbor Anchorage B,a3e797bf2978ebc97d3efb05d08ed9362af67af558c486894fa81eb3513ed44c
369042000,2024-12-29 07:01:18+01:00,33.7301,-118.22212,0.0,309.7,37.0,314,Long Beach Harbor Anchorage B,b97cf89d60e92f2681656bf801b9f82a3ee17313d1972701a302ebf9b28de0ad
369042000,2024-12-29 07:04:18+01:00,33.73016,-118.22216,0.0,309.7,39.0,314,Long Beach Harbor Anchorage B,e3e5019f1d60745cb74ac77d5df859ebf18b1b15c37c8a25f1cf4fb63adf7dba
369042000,2024-12-29 07:07:19+01:00,33.73018,-118.22224,0.0,309.7,42.0,314,Long Beach Harbor Anchorage B,fa7636b42c32885a4ef81837e54aea5c22f6bf91defb6e46f9d30ab760a7fbbd
369042000,2024-12-29 07:10:18+01:00,33.73021,-118.22226,0.1,309.7,45.0,314,Long Beach Harbor Anchorage B,207608df634f475e87bbc7a254ec4eb6cd0c4dac5490b22d9dd5bf6bbef58c68
369042000,2024-12-29 07:13:18+01:00,33.73027,-118.22236,0.1,309.7,49.0,314,Long Beach Harbor Anchorage B,b9cf1e790cfd07e173242018f881b594d57a18b99dbd9e2c646972ac69735c3c
369042000,2024-12-29 07:16:18+01:00,33.73035,-118.22239,0.0,309.7,53.0,314,Long Beach Harbor Anchorage B,4bbe64f06178bc0e99f4382369f757f9aeec92173a2fe4a95062808074ecfbdd
369042000,2024-12-29 07:19:21+01:00,33.73036,-118.22241,0.0,309.7,56.0,314,Long Beach Harbor Anchorage B,8293664a050f07996894d5bbf5b122d9085061d5f66431e398cd7272ad09f4cb
369042000,2024-12-29 07:22:18+01:00,33.73038,-118.22245,0.0,309.7,59.0,314,Long Beach Harbor Anchorage B,3075ef6fabcdad930b158e2032821029a5a65ac7769baaaafc3005e57cc6c0e9
369042000,2024-12-29 07:25:21+01:00,33.73045,-118.22249,0.0,309.7,61.0,314,Long Beach Harbor Anchorage B,93700650b996e49dc53c76a1234ebdb09ea3dd0241e84dc586b3a83933106a1b
369042000,2024-12-29 07:28:19+01:00,33.73047,-118.22249,0.0,309.7,61.0,314,Long Beach Harbor Anchorage B,a6425cc48c2879da0991a2c25ae9fe38cfcf6b3d580c8110a240cdc20623371b
369042000,2024-12-29 07:31:21+01:00,33.73048,-118.22252,0.0,309.7,60.0,314,Long Beach Harbor Anchorage B,04c0b044d3669c37dde0d7fd76cc62d69f42e3b17b85153530c7a979161860e4
369042000,2024-12-29 07:34:18+01:00,33.73049,-118.22252,0.0,309.7,60.0,314,Long Beach Harbor Anchorage B,d372a5c839d9f7860e6835a9d422ecebb036f5a88c2074128b9de45b224cc211
369042000,2024-12-29 07:37:20+01:00,33.73054,-118.22249,0.0,309.7,59.0,314,Long Beach Harbor Anchorage B,937cf472fc05f9e76eacfd7aa07abf7f7e3baa58468fd537c22fc80cac7bb2e5
369042000,2024-12-29 07:40:20+01:00,33.73058,-118.22247,0.0,309.7,60.0,314,Long Beach Harbor Anchorage B,8f0e50d37b1fbdccd87b824541f1428196b24727b63b8aa95b681cb494f26b7c
369042000,2024-12-29 07:43:23+01:00,33.73053,-118.22241,0.0,309.7,60.0,314,Long Beach Harbor Anchorage B,36c69de989501c8b5331d6727c368f005f72a7eb055a186d6722440f9f1cf368
369042000,2024-12-29 07:46:20+01:00,33.73056,-118.2224,0.0,309.7,61.0,314,Long Beach Harbor Anchorage B,9709e9f3b4cfaf47be0f7bd4bf224f7b071aa922c9afe2a96dab3871f1d8573f
369042000,2024-12-29 07:49:22+01:00,33.73054,-118.22236,0.0,309.7,60.0,314,Long Beach Harbor Anchorage B,82768b4323413aa2dcd6b5685798b1a61cd6f0a446fd01b9230c89d4bc16c290
369042000,2024-12-29 07:52:16+01:00,33.73053,-118.2223,0.0,309.7,57.0,314,Long Beach Harbor Anchorage B,cb0bee1c628cdfb32d8b48d3a7f74c4ddf1cf37745574d23575c31f2f6898206
369042000,2024-12-29 07:55:21+01:00,33.73046,-118.2223,0.0,309.7,53.0,314,Long Beach Harbor Anchorage B,98b2d09dc1d09566e2b604d3412ff6e277afce4d521506593e4d5ac4f5638085
369042000,2024-12-29 07:58:20+01:00,33.7304,-118.22226,0.0,309.7,49.0,314,Long Beach Harbor Anchorage B,d8cbc044410dc37e360ce67c76e2f1ed50c5be32340c96673aa2d969956a7d28
369042000,2024-12-29 08:01:20+01:00,33.73035,-118.22226,0.0,309.7,45.0,314,Long Beach Harbor Anchorage B,6d5d05d3cc46e31d3787b4dcb9a431c2b15c582c9153f63b03708e7adbc1b13b
369042000,2024-12-29 08:04:17+01:00,33.73031,-118.22226,0.1,309.7,44.0,314,Long Beach Harbor Anchorage B,ad1e204a8cc285ed8b819cad16075bb103641ae3280cf41357c80e1689078df6
369042000,2024-12-29 08:07:27+01:00,33.73027,-118.22225,0.0,309.7,45.0,314,Long Beach Harbor Anchorage B,50316d46d07aa5d41f33064e68fac40f74159e45ed522101c83b5bef35661a5a
369042000,2024-12-29 08:10:18+01:00,33.73028,-118.2223,0.0,309.7,46.0,314,Long Beach Harbor Anchorage B,40289bda9c6c71eb28b169058136991b0d073cd31e0ceea0adea15cabb9d5969
369042000,2024-12-29 08:13:20+01:00,33.73027,-118.2223,0.0,309.7,48.0,314,Long Beach Harbor Anchorage B,7549e80dc9065cf02506676704ece786685dbf3ba34c478696396892b1434249
369042000,2024-12-29 08:16:20+01:00,33.73029,-118.2223,0.0,309.7,49.0,314,Long Beach Harbor Anchorage B,8b9ab0292d77a9c2da72d684809a8791e4359523dc93f1352af1b9f151d66b40
369042000,2024-12-29 08:19:18+01:00,33.73031,-118.22226,0.0,309.7,49.0,314,Long Beach Harbor Anchorage B,03e71af430eaab64f7e1eca9ca78794e5abae9f0435854361dafc290d497c4ad
369042000,2024-12-29 08:22:24+01:00,33.73029,-118.22229,0.0,309.7,48.0,314,Long Beach Harbor Anchorage B,3b37b27403b78df8737a6a8726c705df3d5b5b1306fe36ab76a368c6e889f25a
369042000,2024-12-29 08:25:21+01:00,33.73025,-118.22226,0.0,309.7,47.0,314,Long Beach Harbor Anchorage B,3727066016ed2a032f487b356d4b41d0fd6ca3d13ce7aee7d9de033dd1dbe555
369042000,2024-12-29 08:28:19+01:00,33.73029,-118.22228,0.0,309.7,46.0,314,Long Beach Harbor Anchorage B,9524eba9ade23df350bb5a22f8fcc1632e96903bbfe3c56a7fa4b2b5d97f79a6
369042000,2024-12-29 08:31:23+01:00,33.73027,-118.22224,0.0,309.7,45.0,314,Long Beach Harbor Anchorage B,e6d0037e700e4d77877f6bd614372627ed8adf5701cf620ced7bc81b19b40a64
369042000,2024-12-29 08:34:16+01:00,33.73028,-118.22221,0.0,309.7,45.0,314,Long Beach Harbor Anchorage B,9bf3e57455cf5e9a54c757783b6e206f24bff929a5db5b53fc2a5b2a3f211ddc
369042000,2024-12-29 08:37:24+01:00,33.7303,-118.2222,0.0,309.7,45.0,314,Long Beach Harbor Anchorage B,c8d0d389f0ee4667793de6fc083df01d0093e269f550451ee1a6d9104e3e0273
369042000,2024-12-29 08:40:24+01:00,33.73026,-118.22221,0.0,309.7,45.0,314,Long Beach Harbor Anchorage B,416b00152374df96144415af07ed88eb104b13f28b97f8349d544a68f4c1d1fe
369042000,2024-12-29 08:43:26+01:00,33.73027,-118.22224,0.0,309.7,44.0,314,Long Beach Harbor Anchorage B,b69bd2a18cc039d17cf8d5cb470c29fce51954c09c74bddeaf6ddd6c57d44803
369042000,2024-12-29 08:46:20+01:00,33.73023,-118.22222,0.0,309.7,45.0,314,Long Beach Harbor Anchorage B,ef9cc750764cea9355bacebec5ecb317b8773722013fb6fce383765c4e753ebe
369042000,2024-12-29 08:49:16+01:00,33.73027,-118.2222,0.0,309.7,45.0,314,Long Beach Harbor Anchorage B,331142e9a44ad99bdb14adc4c006f0990a52f458e5de88c08ada50d3c7897dcd
369042000,2024-12-29 08:52:21+01:00,33.73024,-118.22222,0.0,309.7,46.0,314,Long Beach Harbor Anchorage B,b39518454b1b96b7975a9765ef9e1cb72d556ae4e9b364a640d327b5a54934f3
369042000,2024-12-29 08:55:28+01:00,33.7302,-118.22222,0.1,309.7,47.0,314,Long Beach Harbor Anchorage B,cfdae2fafb8627fb4b29a19e2d5332612d32b87369cbc2334d22a6241da7adf5
369042000,2024-12-29 08:58:23+01:00,33.73014,-118.22226,0.0,309.7,46.0,314,Long Beach Harbor Anchorage B,b94841a49b4a10e7691bb45b19eda6bcc66c263155b5ee571a0070dd26b4055f
369042000,2024-12-29 09:01:22+01:00,33.73008,-118.22219,0.1,132.7,42.0,314,Long Beach Harbor Anchorage B,6aa58ac6b2f44674bf2e7ba55db3ff25cb1b4706c10e26e1d34a50eb38c8320b
369042000,2024-12-29 09:04:22+01:00,33.73,-118.22213,0.0,132.7,35.0,314,Long Beach Harbor Anchorage B,5361f0cb9c95076ad1d2fc9cf011cc3b63eff85f19ffe473d76523ad75ffeedc
369042000,2024-12-29 09:07:23+01:00,33.72994,-118.22202,0.0,132.7,30.0,314,Long Beach Harbor Anchorage B,d6ab66476116d86c62942f8f0000118f9213204520c10e13961d95a8c54717e7
369042000,2024-12-29 09:10:22+01:00,33.72995,-118.22199,0.0,132.7,28.0,314,Long Beach Harbor Anchorage B,aafec7cc018c2522ef6f22d7c6c6c2490f2385fd5098d5fb71ce15de214c717a
369042000,2024-12-29 09:13:24+01:00,33.72996,-118.22195,0.0,132.7,29.0,314,Long Beach Harbor Anchorage B,dc5f5352f86a3d95948a5db23b0915ac9ced4d18cd8abb761703d2a341755230
369042000,2024-12-29 09:16:23+01:00,33.72997,-118.22191,0.0,132.7,30.0,314,Long Beach Harbor Anchorage B,9e1a03cc23396f55f0d456c8252023885b4880a797c7db53764b84483d97ee4b
369042000,2024-12-29 09:19:20+01:00,33.72999,-118.22193,0.0,132.7,31.0,314,Long Beach Harbor Anchorage B,23f0ee0bc4b0cc29cf982e2a8f278161284086a11c875e223489b2183f51bc47
369042000,2024-12-29 09:22:23+01:00,33.72993,-118.22195,0.0,132.7,31.0,314,Long Beach Harbor Anchorage B,7bf6608d68deef8e7d071085429ddd5d30a61f38c9a044ce40c87ef850a49d64
369042000,2024-12-29 09:25:25+01:00,33.7299,-118.22195,0.0,132.7,29.0,314,Long Beach Harbor Anchorage B,60b0c537a13f8356e2928396d38e143d1bbe8c7548d6ba2ea1718f2f5d5804d9
369042000,2024-12-29 09:28:20+01:00,33.7299,-118.22196,0.0,132.7,26.0,314,Long Beach Harbor Anchorage B,f8eb5f6299f98111f5fc687355f9567bfbf0428bd7d7f22e76ff9540a40730c4
369042000,2024-12-29 09:31:26+01:00,33.72992,-118.22195,0.0,132.7,25.0,314,Long Beach Harbor Anchorage B,0409c0357878c67b6183392e28897781f49c4117e3def7b8e4249b24873323f0
369042000,2024-12-29 09:34:24+01:00,33.72987,-118.22198,0.0,132.7,26.0,314,Long Beach Harbor Anchorage B,3b139311637dead949aee5a20086f2868b421e9df62a0eaa6f022f6fff856c72
369042000,2024-12-29 09:37:25+01:00,33.72995,-118.222,0.0,132.7,28.0,314,Long Beach Harbor Anchorage B,423735019a444d0d31e65e02bba8006ff4e899afeaa4ad6a5837f9b4b2a15cd5
369042000,2024-12-29 09:40:24+01:00,33.73001,-118.222,0.0,132.7,30.0,314,Long Beach Harbor Anchorage B,fb4a05aa856149be2459b5c765228fc4e159b4a35dcddeae70d0ac53c9fff438
369042000,2024-12-29 09:43:24+01:00,33.73001,-118.22201,0.0,132.7,31.0,314,Long Beach Harbor Anchorage B,8e90a26aab670327621698b6e390e78fd63c5b6eb1b79ed398b770dd83f03221
369042000,2024-12-29 09:46:22+01:00,33.73002,-118.22205,0.0,132.7,32.0,314,Long Beach Harbor Anchorage B,505c4a846536f59cd30816173bafb211eccc86699773cc2a8329c3ec772b642a
369042000,2024-12-29 09:49:17+01:00,33.73001,-118.22207,0.0,132.7,33.0,314,Long Beach Harbor Anchorage B,703fae4f13f3dfcce20c5c347aed46d9db06d56b6c42fd46b0902a09cccb411d
369042000,2024-12-29 09:52:23+01:00,33.73,-118.2221,0.0,132.7,33.0,314,Long Beach Harbor Anchorage B,41fb2cc87e03d5535ff09648327cf6d0bf19241f59c0354b8f417add806a4b4c
369042000,2024-12-29 09:55:22+01:00,33.73001,-118.22219,0.0,132.7,35.0,314,Long Beach Harbor Anchorage B,be6467270507f276780c87dcf0d4643515b2eb3b14a4a0fa471dea5e1f4eb412
369042000,2024-12-29 09:58:22+01:00,33.73003,-118.22218,0.0,132.7,37.0,314,Long Beach Harbor Anchorage B,cf341895e6213dcf432ade4aefe3d94ac957d55b7cca6ee74a53ef36ebd997c6
369042000,2024-12-29 10:01:21+01:00,33.73003,-118.22222,0.0,132.7,40.0,314,Long Beach Harbor Anchorage B,8405601ae10f400ccea6a9974031c181fd1c6dc58516d97cdc716595a9095821
369042000,2024-12-29 10:04:23+01:00,33.7301,-118.22222,0.0,132.7,42.0,314,Long Beach Harbor Anchorage B,d59166e2693a355d62337cadf162438cf338e509b487e2d13526a82badb81e01
369042000,2024-12-29 10:07:28+01:00,33.73014,-118.22216,0.0,132.7,43.0,314,Long Beach Harbor Anchorage B,18292c7796e09f48c629a8566b84fe40d02d4efb574248a16c70881f258f4678
369042000,2024-12-29 10:10:22+01:00,33.73019,-118.22214,0.0,132.7,42.0,314,Long Beach Harbor Anchorage B,e9a43364c32d2b4637ed6a8484237a8b77cb0bfe759dbbf809700c485a8dc0c2
369042000,2024-12-29 10:13:20+01:00,33.7302,-118.22212,0.0,132.7,40.0,314,Long Beach Harbor Anchorage B,ea39989dc66da67798f827e13b176953e231f5184458885ffdbf8488a8b0f7e2
369042000,2024-12-29 10:16:23+01:00,33.73019,-118.22209,0.0,132.7,39.0,314,Long Beach Harbor Anchorage B,f0a4ad01a8c00a94f81e7a8668d3a5e3e0b18e77b63614d26ff0d7c0da06acc7
369042000,2024-12-29 10:19:22+01:00,33.73017,-118.2221,0.0,132.7,37.0,314,Long Beach Harbor Anchorage B,98dbd6c90496e8bf5eb128ae7c4e9736e1fd12ad74d66e97a25eec9829ccf9d0
369042000,2024-12-29 10:22:24+01:00,33.73016,-118.22213,0.0,132.7,36.0,314,Long Beach Harbor Anchorage B,0ae4d8be029135f3179caf543adf1d20d8f2839d19ea747532a2f074919900c9
369042000,2024-12-29 10:25:21+01:00,33.73012,-118.2222,0.0,132.7,35.0,314,Long Beach Harbor Anchorage B,5f8b9c7889605420e2a1fc0f4b64ded8d48904447908433b6d31ae976f23a609
369042000,2024-12-29 10:28:23+01:00,33.73013,-118.22226,0.0,132.7,37.0,314,Long Beach Harbor Anchorage B,e7a7d1885150e2c65d46640f9249a68abea8bce92812c967955cc00ec6697aa3
369042000,2024-12-29 10:31:21+01:00,33.73012,-118.22233,0.0,132.7,41.0,314,Long Beach Harbor Anchorage B,48aea573ad7c087df6c9ca2f06e5ee1aaf7c0b7795cf79a851b51f4bf861bbc9
369042000,2024-12-29 10:34:23+01:00,33.73013,-118.22238,0.0,132.7,45.0,314,Long Beach Harbor Anchorage B,d84449b7ff972144dc36d98bf806402108e88d0434716c4823fb5903ed8ea509
369042000,2024-12-29 10:37:22+01:00,33.73011,-118.22248,0.0,132.7,47.0,314,Long Beach Harbor Anchorage B,fad8e4463a41d74b0cf9e45d2193379c0662b6736a37cd299d62cfcb2007ce34
369042000,2024-12-29 10:40:23+01:00,33.7302,-118.22243,0.0,132.7,47.0,314,Long Beach Harbor Anchorage B,7f52a5b20d6c1b84bbf11bd82ef48bd8b169657b14ed3b224592220865e16213
369042000,2024-12-29 10:43:22+01:00,33.73024,-118.22231,0.0,132.7,47.0,314,Long Beach Harbor Anchorage B,4e0bedac34cbcb47784d35bbebff2b970298eeb73ded719a73f7d9ad8b43eecb
369042000,2024-12-29 10:46:17+01:00,33.73026,-118.22235,0.0,132.7,47.0,314,Long Beach Harbor Anchorage B,7f7f29b65026de4b1a4df9cb865d4d10665cfb79c18aa474992aec7f87f326ef
369042000,2024-12-29 10:49:21+01:00,33.7303,-118.22236,0.0,132.7,47.0,314,Long Beach Harbor Anchorage B,b71780d92e7be2c16b456c95b1e51af0d4fd7577aca80d808ce71c4358e1cbad
369042000,2024-12-29 10:52:21+01:00,33.73029,-118.22234,0.0,132.7,48.0,314,Long Beach Harbor Anchorage B,109f0da79125823d4e273b80a8b983e55649ffb94d580df734bbf8c01c6a6d74
369042000,2024-12-29 10:55:22+01:00,33.73029,-118.22236,0.0,132.7,49.0,314,Long Beach Harbor Anchorage B,77323c88f8b0f2a4d082b581aa26b94999829d132a5f8640137d3eebfb7a5b26
369042000,2024-12-29 10:58:22+01:00,33.73031,-118.2224,0.1,132.7,50.0,314,Long Beach Harbor Anchorage B,16ed16fe3d2499eb2429fea31e37ed24b391bd8915688c709e747f3f2dcf7fca
369042000,2024-12-29 11:01:21+01:00,33.73029,-118.22249,0.0,132.7,50.0,314,Long Beach Harbor Anchorage B,c7bc71b8f2fb070191d87f3f4e06f9444fbd7d59eac879355f796a815311b3aa
369042000,2024-12-29 11:04:21+01:00,33.73029,-118.22251,0.0,132.7,51.0,314,Long Beach Harbor Anchorage B,2a25e9037d6a260ff4bb14f408f192efe83ba5b298a70f728a595c9aa47fe396
369042000,2024-12-29 11:07:23+01:00,33.73033,-118.22256,0.0,132.7,53.0,314,Long Beach Harbor Anchorage B,db22c9215df86d78dd86e55c2d46aa84b4a1defa117f04384cb6ca91cd061000
369042000,2024-12-29 11:10:20+01:00,33.73039,-118.22258,0.1,132.7,56.0,314,Long Beach Harbor Anchorage B,35a9d873a46c46384ade859d5315882725c0eae8d421b4c64c0bb3e460e5283a
369042000,2024-12-29 11:13:24+01:00,33.73041,-118.22256,0.0,132.7,58.0,314,Long Beach Harbor Anchorage B,f65fce822080d3bf304b16b550bee4312ad3f7ef85c0f41661859df8e39fc4e5
369042000,2024-12-29 11:16:19+01:00,33.73046,-118.22257,0.0,132.7,59.0,314,Long Beach Harbor Anchorage B,14ba934b3f51341135392b1b31577a5a7021787e2d3d6640c4039bb125f169e0
369042000,2024-12-29 11:19:22+01:00,33.73046,-118.22256,0.0,132.7,59.0,314,Long Beach Harbor Anchorage B,45ce864d2b00b2e615578044874ac55144565273111175316527beb08eaacf4a
369042000,2024-12-29 11:22:30+01:00,33.73042,-118.22263,0.0,132.7,59.0,314,Long Beach Harbor Anchorage B,223321f9a5520417ff15d542f4f8d7fb9fba520c32b937a086763654d6788d18
369042000,2024-12-29 11:25:24+01:00,33.73047,-118.22259,0.0,132.7,59.0,314,Long Beach Harbor Anchorage B,5d396dd1de878c2803b955b45f391fe5e1a2835243577b0ce60178b7455997d6
369042000,2024-12-29 11:28:17+01:00,33.73046,-118.22258,0.0,132.7,59.0,314,Long Beach Harbor Anchorage B,6546e38f073ec4e0a40dcce6b9af8ff9619fe65939eb81567497531b28009cb2
369042000,2024-12-29 11:31:24+01:00,33.73039,-118.22259,0.0,132.7,60.0,314,Long Beach Harbor Anchorage B,b90ab5b3ee1c5f9b2d5bb9f2eb9d6e33aa61282fd269bb477cb051776f508e41
369042000,2024-12-29 11:34:20+01:00,33.73045,-118.22258,0.0,132.7,61.0,314,Long Beach Harbor Anchorage B,6381b50827e3c1fc8a024fce838c4e33f02d3cdddc988d5cd66a04d2b268d5c0
369042000,2024-12-29 11:37:24+01:00,33.73047,-118.22259,0.0,132.7,60.0,314,Long Beach Harbor Anchorage B,c709ca3d186ad8727d7fa33161845d847512e9f50194fdedfc1cac5eec940033
369042000,2024-12-29 11:40:19+01:00,33.73049,-118.22256,0.0,132.7,60.0,314,Long Beach Harbor Anchorage B,5c70ba6224635e54409ba8b5ba5b8d27380de3c5b2f567402d72bc781487e242
369042000,2024-12-29 11:43:25+01:00,33.73051,-118.22257,0.0,132.7,59.0,314,Long Beach Harbor Anchorage B,232308c7b20b9588d2f598603d152896a2bfbdb01d0c7f87ca96c9a900c502fa
369042000,2024-12-29 11:46:19+01:00,33.73053,-118.22255,0.0,132.7,59.0,314,Long Beach Harbor Anchorage B,8a725a838818ee474200e2bec270788effc19a0aef4b07f4d9ab1613604cb70d
369042000,2024-12-29 11:49:24+01:00,33.73055,-118.22257,0.0,132.7,59.0,314,Long Beach Harbor Anchorage B,0e6924adb796d2463b6446b7353bfef10fa50cb3401ba6eff9b79bec81542d2a
369042000,2024-12-29 11:52:20+01:00,33.73058,-118.22262,0.0,132.7,60.0,314,Long Beach Harbor Anchorage B,7686fb11301f69893f3b417e1548d30a3c04c4dd3dbb413ee1a978eded69a8b8
369042000,2024-12-29 11:55:25+01:00,33.73063,-118.22274,0.1,303.0,63.0,314,Long Beach Harbor Anchorage B,a51a22dae5fed829aa8b468f74e1ebc9293a0f35fedd4acdd8a4d9590eeed830
369042000,2024-12-29 11:58:19+01:00,33.73071,-118.22277,0.1,326.8,68.0,314,Long Beach Harbor Anchorage B,0fe99e12facaffafeda66d75f38d6c1537679839dfbc72698256509416ac682d
369042000,2024-12-29 12:01:25+01:00,33.7308,-118.22286,0.1,326.8,74.0,314,Long Beach Harbor Anchorage B,f45e6aac98e0239e6f3261aea1b889ea18ad4894849b32a55c1bcc4326cd3e7d
369042000,2024-12-29 12:04:22+01:00,33.73089,-118.22284,0.1,349.9,77.0,314,Long Beach Harbor Anchorage B,1c0d554d3a7c9239d5f4078fcbf62f21516c26af142bba9eb79d9ed2eb428b85
369042000,2024-12-29 12:07:26+01:00,33.73099,-118.22286,0.2,1.3,80.0,314,Long Beach Harbor Anchorage B,0ca83155717980088ac2f5f2f273ad826aaf1863d4304438d7763ef1cfe6b230
369042000,2024-12-29 12:10:22+01:00,33.73109,-118.22283,0.1,14.0,84.0,314,Long Beach Harbor Anchorage B,91755b9baecc4e2fae1891c92b94513a446a884c5da12d2e232a7a23421cabf1
369042000,2024-12-29 12:13:21+01:00,33.73117,-118.22286,0.1,14.0,89.0,314,Long Beach Harbor Anchorage B,6f3873874950232648ba1762f97cea53b56d6c52fedbd95058780158c1401501
369042000,2024-12-29 12:16:22+01:00,33.73125,-118.22275,0.0,12.5,93.0,314,Long Beach Harbor Anchorage B,70216a6a19ae51acfc53f7804e521cbf2b5e146bc2f9a2faf5fc3e9a87b52a17
369042000,2024-12-29 12:19:26+01:00,33.73128,-118.22277,0.0,12.5,96.0,314,Long Beach Harbor Anchorage B,8364b7db862fe2050bfd2aef5fd6e2193785b8109fa6cc1f9a7deed46393f6ff
369042000,2024-12-29 12:22:22+01:00,33.7313,-118.22274,0.0,12.5,98.0,314,Long Beach Harbor Anchorage B,4116b64a93cebdd2a9e2e58aa899d39ec91d726c83e6af5ebd496158939d3c72
369042000,2024-12-29 12:25:17+01:00,33.73135,-118.22279,0.0,12.5,98.0,314,Long Beach Harbor Anchorage B,3f712ff10456feae99bf5674d954d8e57bf3ab2801c3f0a612b2c6c7be69995b
369042000,2024-12-29 12:28:21+01:00,33.73128,-118.22287,0.0,12.5,96.0,314,Long Beach Harbor Anchorage B,7e7af756e0e9c9bec89ba1a2051ff3b1e52797fc83a0b9e527998ea720bfb98c
369042000,2024-12-29 12:31:21+01:00,33.73127,-118.22286,0.0,12.5,94.0,314,Long Beach Harbor Anchorage B,b87414460527027a3154a2ade9d3b32dc096cecd63b523a849fe0e1951c1293a
369042000,2024-12-29 12:34:20+01:00,33.73125,-118.22292,0.0,12.5,93.0,314,Long Beach Harbor Anchorage B,367a5d00675b3eec78d0f4181104faf251d87e73a59f87d407626dab6cf976ac
369042000,2024-12-29 12:37:23+01:00,33.73124,-118.22286,0.0,12.5,93.0,314,Long Beach Harbor Anchorage B,c2e3e1544b6e69d99ebbda214dd6e0e57c2086ce946caea63d304173b45123e9
369042000,2024-12-29 12:40:20+01:00,33.73125,-118.22283,0.0,12.5,93.0,314,Long Beach Harbor Anchorage B,e231a56d03f2b5232582de65217ca16f81a01617492ed00c4dada9e12e9d94c9
369042000,2024-12-29 12:43:23+01:00,33.73121,-118.22278,0.1,12.5,93.0,314,Long Beach Harbor Anchorage B,2c5ad4817e839987ebd089d5b47f936fc18c91b2e441e46471e308866782dc70
369042000,2024-12-29 12:46:21+01:00,33.73116,-118.22274,0.0,12.5,91.0,314,Long Beach Harbor Anchorage B,bca877787ad877fd35379913b0ccb42e0d4177825b6fb4e0fdcb63ba20d931c3
369042000,2024-12-29 12:49:17+01:00,33.73116,-118.2228,0.0,12.5,89.0,314,Long Beach Harbor Anchorage B,e4fdb806a515b81dd053648ae8dcd77659dc0d67d3f88a5a41df0c4806d9c0a5
369042000,2024-12-29 12:52:19+01:00,33.73112,-118.22279,0.0,12.5,87.0,314,Long Beach Harbor Anchorage B,78fd4db50d8b0fe094a5d3b9e8e99b24e0bb07cea0eb4cca492b7ea88398626b
369042000,2024-12-29 12:55:23+01:00,33.73112,-118.22282,0.0,12.5,86.0,314,Long Beach Harbor Anchorage B,dff162022d62103627c5b7856a2820c78d936c19b00a9f6918cf0fe69f201e57
369042000,2024-12-29 12:58:20+01:00,33.73108,-118.22279,0.0,12.5,85.0,314,Long Beach Harbor Anchorage B,be7ff6dcebba20bf0eac95223d35038796c5b4c23e402180219c7fe1be04e41f
369042000,2024-12-29 13:01:23+01:00,33.73111,-118.22282,0.0,12.5,85.0,314,Long Beach Harbor Anchorage B,ba0d347b3e02bcf32fd78313b0277b00717338cd8a7a0bc8d4be588aa538630c
369042000,2024-12-29 13:04:18+01:00,33.73113,-118.22282,0.0,12.5,87.0,314,Long Beach Harbor Anchorage B,905a41d43a0743b8afbfc4d572c9f03c88a29f7f7f855bf4917e1b1fde6b6ab9
369042000,2024-12-29 13:07:25+01:00,33.73111,-118.22285,0.0,12.5,88.0,314,Long Beach Harbor Anchorage B,91c024bc0573ef8d858f0947cfad24928e09df97fab8132cbe380b1030fca82e
369042000,2024-12-29 13:10:20+01:00,33.73113,-118.22285,0.0,12.5,88.0,314,Long Beach Harbor Anchorage B,b8f04da5a82f6d234104954cd72fc65a9f059b1b532f5adea7313b8070d6c268
369042000,2024-12-29 13:13:24+01:00,33.73115,-118.22279,0.0,12.5,89.0,314,Long Beach Harbor Anchorage B,a23dff2fc0b713905f9562140f84f7ba567ea5dbc8518f47759a1d4dc887b68f
369042000,2024-12-29 13:16:25+01:00,33.73113,-118.22278,0.0,12.5,89.0,314,Long Beach Harbor Anchorage B,e17e4fbc97d01e4f97415989a866e52b2168d97a9dcd5e953d54adb0fcc94379
369042000,2024-12-29 13:19:25+01:00,33.73114,-118.22284,0.0,12.5,89.0,314,Long Beach Harbor Anchorage B,8cebbbeb62dcc511b0185dddeda5bc4c3ee6cfeef90263b9be80a8dc368637b4
369042000,2024-12-29 13:22:21+01:00,33.73111,-118.22286,0.0,12.5,89.0,314,Long Beach Harbor Anchorage B,92102e3ebf9eead8b5396b2934e91397c2ea4b64042dd909b68d112b708f2ce0
369042000,2024-12-29 13:25:26+01:00,33.7311,-118.22282,0.0,12.5,87.0,314,Long Beach Harbor Anchorage B,1f595a7073f671c9f14fbd1ca8cfd032ba8b02eb81a48aceb068c7f5dddc57d4
369042000,2024-12-29 13:28:19+01:00,33.73107,-118.22291,0.0,12.5,85.0,314,Long Beach Harbor Anchorage B,32f6455ad17ee8e5becb1bbf9718bb9112f4804d02edec836b488ebc956df3a3
369042000,2024-12-29 13:31:25+01:00,33.73106,-118.22286,0.0,12.5,84.0,314,Long Beach Harbor Anchorage B,45b39bee4432b75bebefd643d0e08648dd4a2679a06e17cbf7aebbb240640017
369042000,2024-12-29 13:34:25+01:00,33.73107,-118.22285,0.0,12.5,84.0,314,Long Beach Harbor Anchorage B,2047d37c0574b77687ae3667f04d4cc8509baeed2bf62025fc07ed4470610e62
369042000,2024-12-29 13:37:26+01:00,33.73109,-118.22277,0.0,12.5,85.0,314,Long Beach Harbor Anchorage B,4d98de6236ef9556c58b7231e21c193f9f258ead2c444af3adc47317ceccca7b
369042000,2024-12-29 13:40:20+01:00,33.73112,-118.22273,0.0,12.5,86.0,314,Long Beach Harbor Anchorage B,bb78d0700423425ac3d5511c81c3182b44d39f21057d9366cce0aefef9924d54
369042000,2024-12-29 13:43:21+01:00,33.73119,-118.22271,0.0,12.5,88.0,314,Long Beach Harbor Anchorage B,df08331459cef5d9433aca5f42760001c7eba6fb77f6653eb161967a33d11f17
369042000,2024-12-29 13:46:17+01:00,33.73124,-118.22272,0.0,12.5,89.0,314,Long Beach Harbor Anchorage B,5cfa62db2362bf152b1f6a89d6bd8dcd419e79f43cf318639912808bf5fdc3f7
369042000,2024-12-29 13:49:24+01:00,33.73125,-118.22268,0.0,12.5,91.0,314,Long Beach Harbor Anchorage B,c68f71dad85ccd7a4c79281a53a5e9023b5a8a324ee58bb2de148bf0708f2508
369042000,2024-12-29 13:52:22+01:00,33.73128,-118.22266,0.0,12.5,92.0,314,Long Beach Harbor Anchorage B,45c929dd550fb398e2b1be5b946cc5f38267ef03cdf6f881498d83c14f8259da
369042000,2024-12-29 13:55:23+01:00,33.7313,-118.22264,0.0,12.5,93.0,314,Long Beach Harbor Anchorage B,d2e808f50092513b8c742d31456d8289922feee2f8c14468f4fa98c06261ebfc
369042000,2024-12-29 13:58:21+01:00,33.73131,-118.22269,0.0,12.5,93.0,314,Long Beach Harbor Anchorage B,5608b14f512c4c2755abb8db43c90010fe7ad440fa31e71c1eed0b721f6a8d13
369042000,2024-12-29 14:01:24+01:00,33.73126,-118.22274,0.0,12.5,93.0,314,Long Beach Harbor Anchorage B,314ed06584214befc43d7ee6a2b71efdaaa8fd7a2fd3fc9905ca9cf42d8fc56f
369042000,2024-12-29 14:04:20+01:00,33.73127,-118.22275,0.0,12.5,91.0,314,Long Beach Harbor Anchorage B,cea6dcbb4f24fb99868a1f05de6f64d26bf6a8f873ab0e1d328fcb730e799fe7
369042000,2024-12-29 14:07:26+01:00,33.73121,-118.22272,0.0,12.5,89.0,314,Long Beach Harbor Anchorage B,601f1abe9047d8b103a95d4ee3b2590366a380890806b0920fe29a10bacdd76b
369042000,2024-12-29 14:10:21+01:00,33.73121,-118.2227,0.0,12.5,88.0,314,Long Beach Harbor Anchorage B,38c749a6cdc6524b2912e3251d3b78eb48ba20935b21a3173ea6f0347c871d28
369042000,2024-12-29 14:13:25+01:00,33.73121,-118.22272,0.0,12.5,88.0,314,Long Beach Harbor Anchorage B,83bd568fa64c2d1ac58f1e81d1958ddafe932773dc063ff11a4879c7a897f3fc
369042000,2024-12-29 14:16:23+01:00,33.73118,-118.22266,0.0,12.5,89.0,314,Long Beach Harbor Anchorage B,b2492fbf44802dc41c0b869b95de32dcb71f9ea7e24492e6ff01eda783f62b64
369042000,2024-12-29 14:19:17+01:00,33.73119,-118.22269,0.0,12.5,89.0,314,Long Beach Harbor Anchorage B,4d80373d6d3d4510427122dc31196ad9e09b30f54af606419887cd6ffdd3993b
369042000,2024-12-29 14:22:23+01:00,33.73122,-118.22272,0.0,12.5,90.0,314,Long Beach Harbor Anchorage B,5c481b3e7b153762a68641b3e64e26f0ea7b8dec466d46246ac1ed580914fb1d
369042000,2024-12-29 14:25:27+01:00,33.73123,-118.22271,0.0,12.5,89.0,314,Long Beach Harbor Anchorage B,393b735b3607aa12807fa7fe26888c7acebbdd43e7ce0432ba1699a9fe01c59f
369042000,2024-12-29 14:28:24+01:00,33.73119,-118.22274,0.0,12.5,88.0,314,Long Beach Harbor Anchorage B,9eb4f59fe924b1fd2cee158f7f1827206c3d35ed5bd3f35dd4b3a80943ae9298
369042000,2024-12-29 14:31:22+01:00,33.73121,-118.22275,0.0,12.5,85.0,314,Long Beach Harbor Anchorage B,9ed8bd541c2caa8f111ae00661bbcee733af27db8bf68e6e55b513574ef41ab7
369042000,2024-12-29 14:34:25+01:00,33.73113,-118.22278,0.1,12.5,83.0,314,Long Beach Harbor Anchorage B,ecdecc2044855194a0952c9d2019bcdad5d361bdde7af02473fe3d48453910a3
369042000,2024-12-29 14:37:24+01:00,33.73109,-118.22275,0.0,12.5,80.0,314,Long Beach Harbor Anchorage B,11f9770f158614c8d63a520ecdb753ac9598af763608a229f4e5d4a906ebde59
369042000,2024-12-29 14:40:24+01:00,33.73102,-118.2227,0.1,174.0,79.0,314,Long Beach Harbor Anchorage B,51613a5a791c1e0051a20f19010839ca977d73f250ddc51060578b2633bbe4f2
369042000,2024-12-29 14:43:24+01:00,33.73098,-118.22266,0.0,174.0,78.0,314,Long Beach Harbor Anchorage B,6c59f7e8f7e2468903419044272fc5086f3f87086f01b7a6724f87598381269c
369042000,2024-12-29 14:46:25+01:00,33.73093,-118.22267,0.0,174.0,77.0,314,Long Beach Harbor Anchorage B,1f5cb56d7248cd121831915e9b69e7a8dfe4af48d4885499559ad7be97af7580
369042000,2024-12-29 14:49:23+01:00,33.73086,-118.22265,0.1,174.0,74.0,314,Long Beach Harbor Anchorage B,3c1ace6b7be7fd661e61111a9dbc426122281a6943824fa180b9d84106c7fa17
369042000,2024-12-29 14:52:17+01:00,33.73082,-118.22263,0.0,174.0,70.0,314,Long Beach Harbor Anchorage B,366fb573de6256502837d684cee65936624f033d9eba427fe785042f5041dd67
369042000,2024-12-29 14:55:23+01:00,33.7307,-118.22262,0.0,151.8,63.0,314,Long Beach Harbor Anchorage B,b9b117f92346b49491a8849b567452c045bac113af2a7c38b77354f95175840b
369042000,2024-12-29 14:58:23+01:00,33.73055,-118.22256,0.2,155.5,55.0,314,Long Beach Harbor Anchorage B,dc27940601f75158f3e1f539b83338322e141d66b0609e66bd195fecd2ef7ddc
369042000,2024-12-29 15:01:26+01:00,33.73043,-118.22252,0.0,154.1,49.0,314,Long Beach Harbor Anchorage B,ab8d392425fdba8bc151a9b1fb780dc2b60bed60a3d21e11fc09c30ecb1fc746
369042000,2024-12-29 15:04:24+01:00,33.73033,-118.22247,0.1,150.1,47.0,314,Long Beach Harbor Anchorage B,0057b639226a7bb12e0904048fac828afa7b51987d9b29ee63c95b711a4422a9
369042000,2024-12-29 15:07:18+01:00,33.73029,-118.22237,0.1,150.1,45.0,314,Long Beach Harbor Anchorage B,a3abfa97a2e27c4b3898c0a414923c100a5433a95d901ed8051f2f73922e646e
369042000,2024-12-29 15:10:24+01:00,33.7302,-118.2223,0.1,150.1,42.0,314,Long Beach Harbor Anchorage B,e83f4028adb0b17dc5544e49ecb40f49692cd814bed779e1add61759ec71a0b9
369042000,2024-12-29 15:13:23+01:00,33.73012,-118.22225,0.1,150.1,39.0,314,Long Beach Harbor Anchorage B,454538c8ebed18565b115cda9e768e8d7410b2eb23eb331e8bddb4a107d43acd
369042000,2024-12-29 15:16:24+01:00,33.7301,-118.22217,0.0,150.1,36.0,314,Long Beach Harbor Anchorage B,594c23aa3f54b59fd341414da3c3d429e88f38075412fb0e9c8a864da5fa239b
369042000,2024-12-29 15:19:29+01:00,33.73004,-118.2221,0.1,150.1,32.0,314,Long Beach Harbor Anchorage B,d6f794bd6084fae62af3f604a8cf12bdf59d53a090dc20f8e18e9749ffd89105
369042000,2024-12-29 15:22:25+01:00,33.73003,-118.22202,0.1,150.1,28.0,314,Long Beach Harbor Anchorage B,90801e73e608ea1130c6ed5823e391d9f12a03aaa080f4fa1e1bfbbc7d47c4ac
369042000,2024-12-29 15:25:22+01:00,33.73,-118.22199,0.0,150.1,25.0,314,Long Beach Harbor Anchorage B,beb8d438f13511761165001dfba8d8d4ebe19f322d39e1b15069be412164d2bf
369042000,2024-12-29 15:28:26+01:00,33.72997,-118.22193,0.0,150.1,24.0,314,Long Beach Harbor Anchorage B,0d72d0b368112f132dfdcafe55fc0bb9a174903df24c0b3a8a1384029cce5497
369042000,2024-12-29 15:31:22+01:00,33.73002,-118.2219,0.0,150.1,23.0,314,Long Beach Harbor Anchorage B,67201d48e7de2ad3cc23114dbe69357c040102373a0379538a9679d8ec2b1558
369042000,2024-12-29 15:34:28+01:00,33.73006,-118.2219,0.0,150.1,23.0,314,Long Beach Harbor Anchorage B,262c700518cd928f033ed95d9041a7b0198a3d067d9a26d7b16a7537a8f98b71
369042000,2024-12-29 15:37:22+01:00,33.73006,-118.22191,0.0,150.1,23.0,314,Long Beach Harbor Anchorage B,e6a5a2ef289be0c01a82618c876138ab154d028c43995fd1813cef3061169e48
369042000,2024-12-29 15:40:32+01:00,33.73006,-118.22188,0.0,150.1,22.0,314,Long Beach Harbor Anchorage B,9afea9a31b30295bad90f8f71ce02e580817c665a426d943c5df3f24cb324a28
369042000,2024-12-29 15:43:22+01:00,33.73007,-118.22187,0.0,150.1,22.0,314,Long Beach Harbor Anchorage B,d988b680382a15a3dedc72a0cc230d28b0e43ea4d15e259a4c5da601825f3f7a
369042000,2024-12-29 15:46:18+01:00,33.73002,-118.22191,0.0,150.1,23.0,314,Long Beach Harbor Anchorage B,488ab0c3e9b9202a4675f7e5dc69697eb98d6e8d591505539d4b9dd7ee320e2d
369042000,2024-12-29 15:49:24+01:00,33.73007,-118.22194,0.0,150.1,26.0,314,Long Beach Harbor Anchorage B,2601174de6e1981e00989e7711f188df8b34fedb75769f5291fe6b255412cb52
369042000,2024-12-29 15:52:21+01:00,33.73006,-118.22198,0.0,150.1,27.0,314,Long Beach Harbor Anchorage B,a21ed0f6fcbcd347275d1b984eb17913db35e209dc9db422c1f964593148dd51
369042000,2024-12-29 15:55:23+01:00,33.73006,-118.22204,0.0,150.1,28.0,314,Long Beach Harbor Anchorage B,e57b0f71b7bd439c6dfb764e819fee5e3a101fa114b52d169c6160d2c23a1d10
369042000,2024-12-29 15:58:21+01:00,33.73004,-118.22206,0.0,150.1,28.0,314,Long Beach Harbor Anchorage B,0542503626b0847577e3ec43633c8145fcab471d108a76c6e108db6195472332
369042000,2024-12-29 16:01:24+01:00,33.73001,-118.22203,0.0,150.1,28.0,314,Long Beach Harbor Anchorage B,80214bee55bc805579556a342d12b9ff2f07961a00baf67511d3a64bf89ce7d1
369042000,2024-12-29 16:04:23+01:00,33.73,-118.22203,0.0,150.1,27.0,314,Long Beach Harbor Anchorage B,0b037568fb10a1f27a79c6509f9c240423f474ea74b85bf8a8e8bbaf16372c84
369042000,2024-12-29 16:07:24+01:00,33.72996,-118.22199,0.0,150.1,27.0,314,Long Beach Harbor Anchorage B,20e0629b073961395bc0269ab56458a09e931bb54ab9d00bcc3eef174374986b
369042000,2024-12-29 16:10:21+01:00,33.72998,-118.22194,0.1,150.1,26.0,314,Long Beach Harbor Anchorage B,f5eb8be015061821bea96f6dd54335b6e263a8127ca4973332af9486acfb090e
369042000,2024-12-29 16:13:18+01:00,33.72995,-118.22185,0.1,150.1,24.0,314,Long Beach Harbor Anchorage B,a517ac27be422b576aaa7e6921106e7e52caade565d81e62aa7f8b3f3742b498
369042000,2024-12-29 16:16:18+01:00,33.72993,-118.2218,0.0,150.1,20.0,314,Long Beach Harbor Anchorage B,b9b326a082483e26d07226ea50c0c36dd8cf343955b68fcc90f8f8dd5339944d
369042000,2024-12-29 16:19:20+01:00,33.72993,-118.22171,0.1,150.1,16.0,314,Long Beach Harbor Anchorage B,05dba445eb6e7185eed151822d508a41a6744717d95b553570e000067fafc8ab
369042000,2024-12-29 16:22:21+01:00,33.72991,-118.22157,0.1,150.1,13.0,314,Long Beach Harbor Anchorage B,7319995e4a4a42a16914642a7603dcaef11e289b9f7b82f4eff77c76b61f0f50
369042000,2024-12-29 16:25:27+01:00,33.72989,-118.22152,0.0,150.1,9.0,314,Long Beach Harbor Anchorage B,1371ffb9cd89b93c93e763ddcf3db8571efff5250d42a1b8cc932590dcc98b42
369042000,2024-12-29 16:28:23+01:00,33.72989,-118.22141,0.0,150.1,5.0,314,Long Beach Harbor Anchorage B,94a9984bd1d284674c09f0d5083918e9e29e67a057f2f653f723f3892da0d339
369042000,2024-12-29 16:31:22+01:00,33.72988,-118.22133,0.1,150.1,1.0,314,Long Beach Harbor Anchorage B,7bdadd4d2f7b9abcd405f0afb25d323a6154bfae59ade5364a930f94910d1526
369042000,2024-12-29 16:34:23+01:00,33.7299,-118.22122,0.0,83.9,358.0,314,Long Beach Harbor Anchorage B,7cb0619c4ac4160605381305d9f4b508dd3b259d54257a9262f3483f7ec8d5e1
369042000,2024-12-29 16:37:21+01:00,33.72988,-118.22112,0.0,83.9,355.0,314,Long Beach Harbor Anchorage B,2982611012b9efb81465efd5f4fd708688fa043464bf30ffacf4f2378d76c455
369042000,2024-12-29 16:40:25+01:00,33.72985,-118.22102,0.0,83.9,352.0,314,Long Beach Harbor Anchorage B,b0d9c8727a4a899ab373121f2f4268fb00b28d85a15f48f96336edbf7f89564b
369042000,2024-12-29 16:43:21+01:00,33.72992,-118.22099,0.1,83.9,349.0,314,Long Beach Harbor Anchorage B,8f0cb0df62b10a7d2b8c2e559dc337d514c3160d4c437ec90c5054fb77ea4de8
369042000,2024-12-29 16:46:25+01:00,33.72988,-118.22084,0.0,83.9,347.0,314,Long Beach Harbor Anchorage B,f541016c963f3cbcf5dc0218037521384ca356052b1d1a1423616b45b6786546
369042000,2024-12-29 16:49:21+01:00,33.72985,-118.22075,0.0,83.9,344.0,314,Long Beach Harbor Anchorage B,27ac6258af151b9724f990355ef515328b57e235935bcaf572298ec161e5681f
369042000,2024-12-29 16:52:27+01:00,33.72987,-118.22069,0.0,83.9,341.0,314,Long Beach Harbor Anchorage B,c756a7f9e281d68544e7be0d0b56bea18450d5712c042fb01bf5b546dfbc9ec6
369042000,2024-12-29 16:55:20+01:00,33.72986,-118.22066,0.0,83.9,339.0,314,Long Beach Harbor Anchorage B,7c3d3b31c088107198249af2365fb4057fd43d5155333c24714dadde4769b95e
369042000,2024-12-29 16:58:18+01:00,33.72988,-118.22063,0.1,83.9,338.0,314,Long Beach Harbor Anchorage B,0133c8228afa55dc541a4af1eb0b5b16040003c2eff21eff186e52e487de6676
369042000,2024-12-29 17:01:18+01:00,33.72991,-118.22062,0.0,83.9,337.0,314,Long Beach Harbor Anchorage B,eff88c1fdbacce55958dcd31b137b1bb07d3dd3c730a545b1c453e706b1afdc1
369042000,2024-12-29 17:04:22+01:00,33.72993,-118.22066,0.0,83.9,337.0,314,Long Beach Harbor Anchorage B,3145e1569960d66bddc952850a1594906263c39b05f53cb5c03fbf6ef1cb3708
369042000,2024-12-29 17:07:21+01:00,33.72991,-118.22066,0.0,83.9,337.0,314,Long Beach Harbor Anchorage B,fa53721a82ddf6d5ab13a781218c62270b68d59357ee0ee750e02648c64c4d3a
369042000,2024-12-29 17:10:22+01:00,33.72994,-118.22065,0.0,83.9,337.0,314,Long Beach Harbor Anchorage B,aad0552f5263c5d2d08c8107f02dc9da3508e3ee5241aaf5871d2ab81087db19
369042000,2024-12-29 17:13:23+01:00,33.72995,-118.22068,0.0,83.9,337.0,314,Long Beach Harbor Anchorage B,3d5a5c4212ffe90464085304622359b34ad422df0c6292ddc837692cf11c1ae1
369042000,2024-12-29 17:16:23+01:00,33.72997,-118.22074,0.0,83.9,338.0,314,Long Beach Harbor Anchorage B,beb5741334e9de4a7fd5e53602e4cd793dee506108879fbc148b513aba1cd116
369042000,2024-12-29 17:19:22+01:00,33.72992,-118.22068,0.0,83.9,339.0,314,Long Beach Harbor Anchorage B,33ba4434319988550aee0e70c090bd71a18b3437043a2dc7c8412a115e8aa80f
369042000,2024-12-29 17:22:19+01:00,33.72993,-118.22078,0.0,83.9,341.0,314,Long Beach Harbor Anchorage B,b6419aaf466e9eb9b0a3c4f89a08d17a372fbd26225590c80ef97eb16175b6e0
369042000,2024-12-29 17:25:25+01:00,33.72986,-118.22081,0.0,83.9,343.0,314,Long Beach Harbor Anchorage B,1dcb09e881a1a893718b57547a82889c89b9b62f274409b5a31e1cd399f55f3e
369042000,2024-12-29 17:28:22+01:00,33.72986,-118.22085,0.0,83.9,347.0,314,Long Beach Harbor Anchorage B,acd4c0f30ca8bd9616d88f25b07e39250712b7fac595035e93adc3707f96b0bb
369042000,2024-12-29 17:31:24+01:00,33.72979,-118.22094,0.0,83.9,349.0,314,Long Beach Harbor Anchorage B,5a55da5b44ea0bb067b1aec7a57d39aeae2ee9bece246022aba601ccde888fa2
369042000,2024-12-29 17:34:27+01:00,33.72982,-118.22098,0.0,83.9,351.0,314,Long Beach Harbor Anchorage B,28037654e6a0e3eabd893e84fe49baf05f366a408ec56946f02ec5ae3f4815ed
369042000,2024-12-29 17:37:24+01:00,33.72977,-118.221,0.0,83.9,352.0,314,Long Beach Harbor Anchorage B,c3c72698a96b6131e563f2741a76c469523ca59c859fe0cdcf6f50e157c6be77
369042000,2024-12-29 17:40:22+01:00,33.72979,-118.22102,0.0,83.9,353.0,314,Long Beach Harbor Anchorage B,756984439b79211ab92c1f67d46a0881fd821669ee1e6fa041a8f36dc5ecea12
369042000,2024-12-29 17:43:24+01:00,33.72979,-118.22104,0.0,83.9,353.0,314,Long Beach Harbor Anchorage B,588520ed547b96e7c33c149578cf3fdca8ed423149f39044bc6575fad719d5b4
369042000,2024-12-29 17:46:21+01:00,33.72982,-118.22109,0.0,83.9,353.0,314,Long Beach Harbor Anchorage B,fa28fb3316ce13df72e0ee195d282955fe4d3eceed6709f538c5773df1cc1aa6
369042000,2024-12-29 17:49:25+01:00,33.72982,-118.22105,0.0,83.9,353.0,314,Long Beach Harbor Anchorage B,14c6c7744893cc79d49949866c73cf1b27120f2ec857737d97b4831f24f8ecb2
369042000,2024-12-29 17:52:22+01:00,33.72986,-118.22105,0.0,83.9,353.0,314,Long Beach Harbor Anchorage B,b605224943cad7da6d2b8ecc605d20c07414b23b50d897d63449431486197f2d
369042000,2024-12-29 17:55:18+01:00,33.72986,-118.22105,0.0,83.9,352.0,314,Long Beach Harbor Anchorage B,693888554fbf6808d6440d28df952fc1a3753a591bef7ab1a639cd3f1156682d
369042000,2024-12-29 17:58:24+01:00,33.72985,-118.22101,0.0,83.9,352.0,314,Long Beach Harbor Anchorage B,adf4f194129b45af6935ce4cd33a2818c4087b445396fb4ce6ca2ef4637c593f
369042000,2024-12-29 18:01:23+01:00,33.72986,-118.22097,0.0,83.9,351.0,314,Long Beach Harbor Anchorage B,c2c4fa7228a1c969ad0d9f34cee9cc9b78ea02f6063c9c76a93510dab78c2854
369042000,2024-12-29 18:04:22+01:00,33.72986,-118.22092,0.0,83.9,350.0,314,Long Beach Harbor Anchorage B,51f2cfe6f540d92b47fe15d5d35a010aaa46afc359fa51872b74c7cff5d07bca
369042000,2024-12-29 18:07:25+01:00,33.72982,-118.22083,0.0,83.9,347.0,314,Long Beach Harbor Anchorage B,ee3c8314f041ebe3857d88bde60b49d89ab5abf525e31868c597057fa57e6e55
369042000,2024-12-29 18:10:23+01:00,33.7298,-118.22076,0.0,83.9,343.0,314,Long Beach Harbor Anchorage B,763beacbaea1895313c6602d82908e6eec8dab7c63f6bc89cd86edaa4c7d23a5
369042000,2024-12-29 18:13:23+01:00,33.72984,-118.2207,0.0,83.9,340.0,314,Long Beach Harbor Anchorage B,06fa0f5fce31b7422b55f267a12f7ee6d11e0d22cad49f9255167aaf1ae9e786
369042000,2024-12-29 18:16:22+01:00,33.72984,-118.22069,0.0,83.9,338.0,314,Long Beach Harbor Anchorage B,9caa63651b4b2f38691e352cb8d47cdeff6a6ba8d720634b002a85b66eda8c18
369042000,2024-12-29 18:19:22+01:00,33.72987,-118.22067,0.0,83.9,339.0,314,Long Beach Harbor Anchorage B,e02d2554cd50b24a116b607f678d4f22c573727f977f941fce91cf023fab707e
369042000,2024-12-29 18:22:22+01:00,33.72989,-118.22073,0.0,83.9,340.0,314,Long Beach Harbor Anchorage B,26d50f46fe8d40b03d17bcc8f5dd2ecd0e749353e8a0e34cf8b820165b663baa
369042000,2024-12-29 18:25:24+01:00,33.72991,-118.22076,0.0,83.9,341.0,314,Long Beach Harbor Anchorage B,4a2e94b72da078548d7c81b8ade7c4c7e04a06440c1da5d5ae38e33848e44df0
369042000,2024-12-29 18:28:23+01:00,33.72997,-118.22078,0.0,83.9,341.0,314,Long Beach Harbor Anchorage B,0f74e6e2897346088eff82e1d52539e468946dbd8e5620851604150b85372380
369042000,2024-12-29 18:31:23+01:00,33.72994,-118.22079,0.0,83.9,342.0,314,Long Beach Harbor Anchorage B,16f249f51d6d15b16421bc652daf6478928a5f61f772de084a00e391004be9a9
369042000,2024-12-29 18:34:23+01:00,33.72993,-118.22081,0.0,83.9,342.0,314,Long Beach Harbor Anchorage B,e2f810e8e1a6caa956476571784680de38636ac29ae5d9d16362c91d6d316526
369042000,2024-12-29 18:37:19+01:00,33.72991,-118.22076,0.0,83.9,343.0,314,Long Beach Harbor Anchorage B,6320731a4ac78c1f53750d42c73fca6b0787b60605e84a1df1b46c23df791d7c
369042000,2024-12-29 18:40:23+01:00,33.72989,-118.22081,0.0,83.9,343.0,314,Long Beach Harbor Anchorage B,5b217b08e72b3948203dff28b3e150c23ea47c40be54a8965c7fa6e3f4e31f85
369042000,2024-12-29 18:43:23+01:00,33.72986,-118.22081,0.0,83.9,343.0,314,Long Beach Harbor Anchorage B,11b9b719b2cee91a5afa2bb03db54072c6da6e2e0d4f4dacaa50f87be6dcc4bd
369042000,2024-12-29 18:46:22+01:00,33.72981,-118.22081,0.0,83.9,344.0,314,Long Beach Harbor Anchorage B,a4ccd965dfbf11296f74941297582347e50124d041fd3cfc27341531fb7094f7
369042000,2024-12-29 18:49:24+01:00,33.72976,-118.22081,0.0,83.9,345.0,314,Long Beach Harbor Anchorage B,485334b2d26737c876a38eb3e49311e95d2fea80b6ca6281e9f9250b217763ac
369042000,2024-12-29 18:52:27+01:00,33.72977,-118.22084,0.0,83.9,346.0,314,Long Beach Harbor Anchorage B,2039cb6e86219ba31036e911f4087c1d4d3ce6d7891ff533d9bcff0531bb604e
369042000,2024-12-29 18:55:26+01:00,33.7298,-118.22086,0.0,83.9,348.0,314,Long Beach Harbor Anchorage B,9bb1247cb4327bb7d94e5c600c1366eb18cce4c25dcd906a038986a67e0db1f1
369042000,2024-12-29 18:58:22+01:00,33.72977,-118.22087,0.0,83.9,348.0,314,Long Beach Harbor Anchorage B,36576d4d66c2192889525c7b5a1e533bf133fa7ff28abb0baa30be9c6bbabc1e
369042000,2024-12-29 19:01:26+01:00,33.7298,-118.22092,0.0,83.9,347.0,314,Long Beach Harbor Anchorage B,b5dcb329b8acbf0c96f765beeb98ccf757c4605c8a3f046032a849489df5e97e
369042000,2024-12-29 19:04:21+01:00,33.72983,-118.22093,0.0,83.9,347.0,314,Long Beach Harbor Anchorage B,0b1fe39a1991a20bcd5ea454553b3eb78a6a3ff0a22f9cb5b7346d198b2fda1b
369042000,2024-12-29 19:07:24+01:00,33.72979,-118.22095,0.0,83.9,349.0,314,Long Beach Harbor Anchorage B,90b8ccd2604e927e4d403983ae8231f6b92503569fe863975eced73f1612834b
369042000,2024-12-29 19:10:24+01:00,33.72983,-118.22102,0.0,83.9,350.0,314,Long Beach Harbor Anchorage B,a911bba654cf09c7b7d2eaafc09b046f65d0212473e3636be7d6c241149c3e05
369042000,2024-12-29 19:13:25+01:00,33.7298,-118.22107,0.0,83.9,352.0,314,Long Beach Harbor Anchorage B,fca557d0d7cb7b3f7350ebdde1eaedfe61d3dbaab61a26fdfbb26741b8b2dcc6
369042000,2024-12-29 19:16:22+01:00,33.72982,-118.22112,0.0,83.9,354.0,314,Long Beach Harbor Anchorage B,da34e0ff5d2d66ba6eaa198269526a076714bedabf6d1966df35065bf49fdd20
369042000,2024-12-29 19:19:27+01:00,33.72977,-118.22113,0.0,83.9,355.0,314,Long Beach Harbor Anchorage B,f60228359155e93d8ab868673419fb50f5681c2ad8d61f556b66c2550cb67aa9
369042000,2024-12-29 19:22:24+01:00,33.72978,-118.22116,0.0,83.9,357.0,314,Long Beach Harbor Anchorage B,b35cb2bab794f33ad923562f86f266ac4787d93b8717b4f97db7bab2dbb1a292
369042000,2024-12-29 19:25:28+01:00,33.72974,-118.2212,0.0,83.9,359.0,314,Long Beach Harbor Anchorage B,2343a999f63369adbf17ec11cebb5c0595ad52f81d92472675daffca907fb172
369042000,2024-12-29 19:28:26+01:00,33.72978,-118.22123,0.0,83.9,1.0,314,Long Beach Harbor Anchorage B,2a866e148e33abf5992575b5e02b6f08caa36f353cf672f26d8d9ab1c860d526
369042000,2024-12-29 19:31:27+01:00,33.72977,-118.22127,0.0,83.9,1.0,314,Long Beach Harbor Anchorage B,d1557475753d30ae829818fcda859d3dcce3a86c38bf40aec5799fdf8eea3f37
369042000,2024-12-29 19:34:25+01:00,33.72978,-118.22125,0.0,83.9,1.0,314,Long Beach Harbor Anchorage B,39a6092b194fbdd2065d8b686100afee729271c9cd9fd9ff3ec2ed7f79c55db0
369042000,2024-12-29 19:37:27+01:00,33.7298,-118.22129,0.0,83.9,1.0,314,Long Beach Harbor Anchorage B,a995afb780aea3c4dbd1f708d6a80d3092da17dd1ebdb63657f964bdaf67943f
369042000,2024-12-29 19:40:26+01:00,33.72983,-118.22129,0.0,83.9,1.0,314,Long Beach Harbor Anchorage B,2d0d1d764c18023753cd0c9e68cbebb30f47c6b4c4444e8c333ead3ab00072a2
369042000,2024-12-29 19:43:26+01:00,33.72984,-118.22126,0.0,83.9,2.0,314,Long Beach Harbor Anchorage B,2b28f0e08ee2836756459fc0284f2a5560c97c1717e79f5c7469e6fde7c6df33
369042000,2024-12-29 19:46:26+01:00,33.72988,-118.22129,0.0,83.9,5.0,314,Long Beach Harbor Anchorage B,9bd34944c56ba4f91fbd7bbc0f05358fd2d5181e21699260184d6575fc93ef9d
369042000,2024-12-29 19:47:33+01:00,33.72984,-118.22128,0.0,83.9,6.0,314,Long Beach Harbor Anchorage B,0fa36a05d0ca0c2f4e45d1bf6e25f221dd87f28b8c326fd2f31294ec43a79ce8
369042000,2024-12-29 19:48:34+01:00,33.7299,-118.22126,0.2,54.9,3.0,314,Long Beach Harbor Anchorage B,9fd8874bfc4b55720d34f9987e2f63f7d28c8d21efd5faf712231516911c12b7
369042000,2024-12-29 19:49:45+01:00,33.72995,-118.22121,0.4,27.0,354.0,314,Long Beach Harbor Anchorage B,4706c054999deeb65b84a069f5966db499b0eb12eb20d82cb10e15ebcd9e4047
369042000,2024-12-29 19:50:46+01:00,33.73007,-118.22115,0.5,5.6,346.0,314,Long Beach Harbor Anchorage B,90e584e0bee0a1e0411dac283d6e26422378006d855d57e9b26dd0ab1a5a5796
369042000,2024-12-29 19:51:54+01:00,33.73026,-118.22115,0.5,352.5,341.0,314,Long Beach Harbor Anchorage B,0ba3e454416de4410552f45da4d2b712fa1d35d490d4e839363b5c79e328c6cf
369042000,2024-12-29 19:52:55+01:00,33.73043,-118.22117,0.6,344.1,339.0,314,Long Beach Harbor Anchorage B,cd53308246d8fb09a1feaec315c3c2454a19c99543c6b4fbf992e80bddba0230
369042000,2024-12-29 19:54:04+01:00,33.73063,-118.22125,0.5,342.9,339.0,314,Long Beach Harbor Anchorage B,6810be48077308e9315e7879823d2b869c413d989db72fa08f526cc8d2a4bcb0
369042000,2024-12-29 19:55:06+01:00,33.73079,-118.2213,0.6,344.8,341.0,314,Long Beach Harbor Anchorage B,dbe093e93bc89b58cbf569b4d2f65c872427633e55ffe18c6d5b67ac8a686de3
369042000,2024-12-29 19:56:13+01:00,33.73096,-118.22137,0.6,344.8,348.0,314,Long Beach Harbor Anchorage B,a33797850645f578fedf6f0aa2429fc1f5866bd39487aae950d1433a48b05113
369042000,2024-12-29 19:57:16+01:00,33.73114,-118.22143,0.6,347.1,359.0,314,Long Beach Harbor Anchorage B,8c49c2fd8dcf17142efbaa204c9c3882c775e70796723331ba39b57e1260a003
369042000,2024-12-29 19:58:17+01:00,33.73137,-118.22143,0.8,3.3,11.0,314,Long Beach Harbor Anchorage B,0df4cb13815bc1abf600259dd6970f54082287b788fb939f4d687d8f9d75e3af
369042000,2024-12-29 19:59:18+01:00,33.73161,-118.22137,0.9,15.1,22.0,314,Long Beach Harbor Anchorage B,a1a6690f55a279f07983384d341626bdd6e03a167fbb7a3c7b3cc7564e591271
369042000,2024-12-29 20:00:00+01:00,33.73179,-118.22129,1.0,23.4,30.0,314,Long Beach Harbor Anchorage B,bf6d23442d4fbe04d3e944781fd8fbfc225cf9f49c0a850d03375e8f5fec5cf0
369042000,2024-12-29 20:01:01+01:00,33.73206,-118.22111,1.1,35.3,42.0,314,Long Beach Harbor Anchorage B,a3f281d931b8b6e9ce89457b829cf1ddaf489a7c23759267d13b25076aa8fddd
